"x","y","z"
-3,-3,-0.474947553312249
-2.92405063291139,-3,-0.475417567291629
-2.84810126582278,-3,-0.476378081222255
-2.77215189873418,-3,-0.477889713934142
-2.69620253164557,-3,-0.480008547445683
-2.62025316455696,-3,-0.482783951221421
-2.54430379746835,-3,-0.486256328355792
-2.46835443037975,-3,-0.490454850251004
-2.39240506329114,-3,-0.49539525477823
-2.31645569620253,-3,-0.501077789305131
-2.24050632911392,-3,-0.507485383835827
-2.16455696202532,-3,-0.514582140400144
-2.08860759493671,-3,-0.522312222395935
-2.0126582278481,-3,-0.530599221596326
-1.93670886075949,-3,-0.539346070888013
-1.86075949367089,-3,-0.548435557569375
-1.78481012658228,-3,-0.557731475440388
-1.70886075949367,-3,-0.567080434364867
-1.63291139240506,-3,-0.576314324053217
-1.55696202531646,-3,-0.585253405228804
-1.48101265822785,-3,-0.593709976963577
-1.40506329113924,-3,-0.60149254475952
-1.32911392405063,-3,-0.608410390934708
-1.25316455696203,-3,-0.614278428086045
-1.17721518987342,-3,-0.61892219885388
-1.10126582278481,-3,-0.622182871833791
-1.0253164556962,-3,-0.623922075064636
-0.949367088607595,-3,-0.624026405690576
-0.873417721518987,-3,-0.622411457554538
-0.79746835443038,-3,-0.619025217793333
-0.721518987341772,-3,-0.613850698868023
-0.645569620253164,-3,-0.606907693504116
-0.569620253164557,-3,-0.598253566097161
-0.493670886075949,-3,-0.587983024377994
-0.417721518987342,-3,-0.576226848434222
-0.341772151898734,-3,-0.563149589288833
-0.265822784810127,-3,-0.548946284768055
-0.189873417721519,-3,-0.533838274921468
-0.113924050632911,-3,-0.518068231373519
-0.0379746835443036,-3,-0.5018945433515
0.037974683544304,-3,-0.485585226557365
0.113924050632912,-3,-0.469411538535346
0.189873417721519,-3,-0.453641494987397
0.265822784810127,-3,-0.43853348514081
0.341772151898734,-3,-0.424330180620032
0.417721518987342,-3,-0.411252921474643
0.493670886075949,-3,-0.399496745530871
0.569620253164557,-3,-0.389226203811704
0.645569620253164,-3,-0.380572076404749
0.721518987341772,-3,-0.373629071040842
0.79746835443038,-3,-0.368454552115532
0.873417721518988,-3,-0.365068312354327
0.949367088607595,-3,-0.363453364218289
1.0253164556962,-3,-0.363557694844229
1.10126582278481,-3,-0.365296898075074
1.17721518987342,-3,-0.368557571054985
1.25316455696203,-3,-0.37320134182282
1.32911392405063,-3,-0.379069378974157
1.40506329113924,-3,-0.385987225149345
1.48101265822785,-3,-0.393769792945288
1.55696202531646,-3,-0.402226364680061
1.63291139240506,-3,-0.411165445855648
1.70886075949367,-3,-0.420399335543998
1.78481012658228,-3,-0.429748294468477
1.86075949367089,-3,-0.43904421233949
1.93670886075949,-3,-0.448133699020852
2.0126582278481,-3,-0.456880548312539
2.08860759493671,-3,-0.46516754751293
2.16455696202532,-3,-0.47289762950872
2.24050632911392,-3,-0.479994386073038
2.31645569620253,-3,-0.486401980603734
2.39240506329114,-3,-0.492084515130635
2.46835443037975,-3,-0.497024919657861
2.54430379746835,-3,-0.501223441553073
2.62025316455696,-3,-0.504695818687444
2.69620253164557,-3,-0.507471222463181
2.77215189873418,-3,-0.509590055974723
2.84810126582278,-3,-0.51110168868661
2.92405063291139,-3,-0.512062202617236
3,-3,-0.512532216596616
-3,-2.92405063291139,-0.478037745973561
-2.92405063291139,-2.92405063291139,-0.478552015766562
-2.84810126582278,-2.92405063291139,-0.479602970252916
-2.77215189873418,-2.92405063291139,-0.481256936041045
-2.69620253164557,-2.92405063291139,-0.483575275748352
-2.62025316455696,-2.92405063291139,-0.48661200739435
-2.54430379746835,-2.92405063291139,-0.490411338368447
-2.46835443037975,-2.92405063291139,-0.495005186808471
-2.39240506329114,-2.92405063291139,-0.500410772440015
-2.31645569620253,-2.92405063291139,-0.506628365922511
-2.24050632911392,-2.92405063291139,-0.513639289974784
-2.16455696202532,-2.92405063291139,-0.521404266527461
-2.08860759493671,-2.92405063291139,-0.529862201487407
-2.0126582278481,-2.92405063291139,-0.538929492143343
-1.93670886075949,-2.92405063291139,-0.548499931687688
-1.86075949367089,-2.92405063291139,-0.558445270846074
-1.78481012658228,-2.92405063291139,-0.568616478446311
-1.70886075949367,-2.92405063291139,-0.57884572136631
-1.63291139240506,-2.92405063291139,-0.588949060302937
-1.55696202531646,-2.92405063291139,-0.598729831997982
-1.48101265822785,-2.92405063291139,-0.607982661884623
-1.40506329113924,-2.92405063291139,-0.616498024629198
-1.32911392405063,-2.92405063291139,-0.624067244857978
-1.25316455696203,-2.92405063291139,-0.630487807614697
-1.17721518987342,-2.92405063291139,-0.635568828895538
-1.10126582278481,-2.92405063291139,-0.63913652196849
-1.0253164556962,-2.92405063291139,-0.641039485975422
-0.949367088607595,-2.92405063291139,-0.641153640217125
-0.873417721518987,-2.92405063291139,-0.639386630978965
-0.79746835443038,-2.92405063291139,-0.635681547944315
-0.721518987341772,-2.92405063291139,-0.630019804052966
-0.645569620253164,-2.92405063291139,-0.622423055683871
-0.569620253164557,-2.92405063291139,-0.612954068578304
-0.493670886075949,-2.92405063291139,-0.601716468005446
-0.417721518987342,-2.92405063291139,-0.588853348110435
-0.341772151898734,-2.92405063291139,-0.574544753794578
-0.265822784810127,-2.92405063291139,-0.559004087354238
-0.189873417721519,-2.92405063291139,-0.542473529887156
-0.113924050632911,-2.92405063291139,-0.52521860261514
-0.0379746835443036,-2.92405063291139,-0.507522024308829
0.037974683544304,-2.92405063291139,-0.489677046627985
0.113924050632912,-2.92405063291139,-0.471980468321674
0.189873417721519,-2.92405063291139,-0.454725541049658
0.265822784810127,-2.92405063291139,-0.438194983582576
0.341772151898734,-2.92405063291139,-0.422654317142236
0.417721518987342,-2.92405063291139,-0.408345722826379
0.493670886075949,-2.92405063291139,-0.395482602931368
0.569620253164557,-2.92405063291139,-0.38424500235851
0.645569620253164,-2.92405063291139,-0.374776015252942
0.721518987341772,-2.92405063291139,-0.367179266883848
0.79746835443038,-2.92405063291139,-0.361517522992499
0.873417721518988,-2.92405063291139,-0.357812439957849
0.949367088607595,-2.92405063291139,-0.356045430719689
1.0253164556962,-2.92405063291139,-0.356159584961392
1.10126582278481,-2.92405063291139,-0.358062548968324
1.17721518987342,-2.92405063291139,-0.361630242041276
1.25316455696203,-2.92405063291139,-0.366711263322117
1.32911392405063,-2.92405063291139,-0.373131826078836
1.40506329113924,-2.92405063291139,-0.380701046307616
1.48101265822785,-2.92405063291139,-0.389216409052191
1.55696202531646,-2.92405063291139,-0.398469238938832
1.63291139240506,-2.92405063291139,-0.408250010633877
1.70886075949367,-2.92405063291139,-0.418353349570504
1.78481012658228,-2.92405063291139,-0.428582592490503
1.86075949367089,-2.92405063291139,-0.43875380009074
1.93670886075949,-2.92405063291139,-0.448699139249126
2.0126582278481,-2.92405063291139,-0.458269578793471
2.08860759493671,-2.92405063291139,-0.467336869449407
2.16455696202532,-2.92405063291139,-0.475794804409353
2.24050632911392,-2.92405063291139,-0.48355978096203
2.31645569620253,-2.92405063291139,-0.490570705014303
2.39240506329114,-2.92405063291139,-0.496788298496799
2.46835443037975,-2.92405063291139,-0.502193884128343
2.54430379746835,-2.92405063291139,-0.506787732568367
2.62025316455696,-2.92405063291139,-0.510587063542464
2.69620253164557,-2.92405063291139,-0.513623795188462
2.77215189873418,-2.92405063291139,-0.515942134895769
2.84810126582278,-2.92405063291139,-0.517596100683897
2.92405063291139,-2.92405063291139,-0.518647055170251
3,-2.92405063291139,-0.519161324963253
-3,-2.84810126582278,-0.477535152162848
-2.92405063291139,-2.84810126582278,-0.478096548013903
-2.84810126582278,-2.84810126582278,-0.479243808646972
-2.77215189873418,-2.84810126582278,-0.481049338631193
-2.69620253164557,-2.84810126582278,-0.483580123660238
-2.62025316455696,-2.84810126582278,-0.486895131794164
-2.54430379746835,-2.84810126582278,-0.491042621447786
-2.46835443037975,-2.84810126582278,-0.496057435636181
-2.39240506329114,-2.84810126582278,-0.501958372046156
-2.31645569620253,-2.84810126582278,-0.50874572613952
-2.24050632911392,-2.84810126582278,-0.516399109108096
-2.16455696202532,-2.84810126582278,-0.524875643564402
-2.08860759493671,-2.84810126582278,-0.534108636945751
-2.0126582278481,-2.84810126582278,-0.544006825452694
-1.93670886075949,-2.84810126582278,-0.55445426982156
-1.86075949367089,-2.84810126582278,-0.565310968419916
-1.78481012658228,-2.84810126582278,-0.57641423333009
-1.70886075949367,-2.84810126582278,-0.587580851733261
-1.63291139240506,-2.84810126582278,-0.598610028710047
-1.55696202531646,-2.84810126582278,-0.609287079402974
-1.48101265822785,-2.84810126582278,-0.619387809369173
-1.40506329113924,-2.84810126582278,-0.628683493035785
-1.32911392405063,-2.84810126582278,-0.636946332677523
-1.25316455696203,-2.84810126582278,-0.643955255507748
-1.17721518987342,-2.84810126582278,-0.649501885515977
-1.10126582278481,-2.84810126582278,-0.653396510703478
-1.0253164556962,-2.84810126582278,-0.655473856316107
-0.949367088607595,-2.84810126582278,-0.65559847129164
-0.873417721518987,-2.84810126582278,-0.653669538912995
-0.79746835443038,-2.84810126582278,-0.649624933782042
-0.721518987341772,-2.84810126582278,-0.643444365579134
-0.645569620253164,-2.84810126582278,-0.635151475205328
-0.569620253164557,-2.84810126582278,-0.624814780056004
-0.493670886075949,-2.84810126582278,-0.612547401292418
-0.417721518987342,-2.84810126582278,-0.598505545754802
-0.341772151898734,-2.84810126582278,-0.582885757090036
-0.265822784810127,-2.84810126582278,-0.565920993106285
-0.189873417721519,-2.84810126582278,-0.547875627611475
-0.113924050632911,-2.84810126582278,-0.529039513352779
-0.0379746835443036,-2.84810126582278,-0.509721276555211
0.037974683544304,-2.84810126582278,-0.490241041533567
0.113924050632912,-2.84810126582278,-0.470922804735998
0.189873417721519,-2.84810126582278,-0.452086690477303
0.265822784810127,-2.84810126582278,-0.434041324982493
0.341772151898734,-2.84810126582278,-0.417076560998742
0.417721518987342,-2.84810126582278,-0.401456772333976
0.493670886075949,-2.84810126582278,-0.38741491679636
0.569620253164557,-2.84810126582278,-0.375147538032774
0.645569620253164,-2.84810126582278,-0.36481084288345
0.721518987341772,-2.84810126582278,-0.356517952509644
0.79746835443038,-2.84810126582278,-0.350337384306736
0.873417721518988,-2.84810126582278,-0.346292779175783
0.949367088607595,-2.84810126582278,-0.344363846797138
1.0253164556962,-2.84810126582278,-0.344488461772671
1.10126582278481,-2.84810126582278,-0.3465658073853
1.17721518987342,-2.84810126582278,-0.350460432572801
1.25316455696203,-2.84810126582278,-0.35600706258103
1.32911392405063,-2.84810126582278,-0.363015985411255
1.40506329113924,-2.84810126582278,-0.371278825052993
1.48101265822785,-2.84810126582278,-0.380574508719605
1.55696202531646,-2.84810126582278,-0.390675238685804
1.63291139240506,-2.84810126582278,-0.401352289378731
1.70886075949367,-2.84810126582278,-0.412381466355517
1.78481012658228,-2.84810126582278,-0.423548084758688
1.86075949367089,-2.84810126582278,-0.434651349668862
1.93670886075949,-2.84810126582278,-0.445508048267218
2.0126582278481,-2.84810126582278,-0.455955492636084
2.08860759493671,-2.84810126582278,-0.465853681143027
2.16455696202532,-2.84810126582278,-0.475086674524376
2.24050632911392,-2.84810126582278,-0.483563208980682
2.31645569620253,-2.84810126582278,-0.491216591949258
2.39240506329114,-2.84810126582278,-0.498003946042622
2.46835443037975,-2.84810126582278,-0.503904882452597
2.54430379746835,-2.84810126582278,-0.508919696640992
2.62025316455696,-2.84810126582278,-0.513067186294614
2.69620253164557,-2.84810126582278,-0.51638219442854
2.77215189873418,-2.84810126582278,-0.518912979457586
2.84810126582278,-2.84810126582278,-0.520718509441806
2.92405063291139,-2.84810126582278,-0.521865770074875
3,-2.84810126582278,-0.52242716592593
-3,-2.77215189873418,-0.473428700939611
-2.92405063291139,-2.77215189873418,-0.474040128941293
-2.84810126582278,-2.77215189873418,-0.475289634570819
-2.77215189873418,-2.77215189873418,-0.477256075163769
-2.69620253164557,-2.77215189873418,-0.480012406244748
-2.62025316455696,-2.77215189873418,-0.483622851165343
-2.54430379746835,-2.77215189873418,-0.488139969177784
-2.46835443037975,-2.77215189873418,-0.493601708540932
-2.39240506329114,-2.77215189873418,-0.500028542209942
-2.31645569620253,-2.77215189873418,-0.507420791978467
-2.24050632911392,-2.77215189873418,-0.515756251967684
-2.16455696202532,-2.77215189873418,-0.524988223515151
-2.08860759493671,-2.77215189873418,-0.535044070351371
-2.0126582278481,-2.77215189873418,-0.545824395157292
-1.93670886075949,-2.77215189873418,-0.557202926047987
-1.86075949367089,-2.77215189873418,-0.569027184307786
-1.78481012658228,-2.77215189873418,-0.581119983111718
-1.70886075949367,-2.77215189873418,-0.59328178153428
-1.63291139240506,-2.77215189873418,-0.605293889615303
-1.55696202531646,-2.77215189873418,-0.616922489571578
-1.48101265822785,-2.77215189873418,-0.627923406530893
-1.40506329113924,-2.77215189873418,-0.638047530672283
-1.32911392405063,-2.77215189873418,-0.647046762713044
-1.25316455696203,-2.77215189873418,-0.654680327642269
-1.17721518987342,-2.77215189873418,-0.660721278774391
-1.10126582278481,-2.77215189873418,-0.664962996790686
-1.0253164556962,-2.77215189873418,-0.667225477488299
-0.949367088607595,-2.77215189873418,-0.667361198273066
-0.873417721518987,-2.77215189873418,-0.665260357542879
-0.79746835443038,-2.77215189873418,-0.660855293223
-0.721518987341772,-2.77215189873418,-0.654123906700531
-0.645569620253164,-2.77215189873418,-0.645091945776891
-0.569620253164557,-2.77215189873418,-0.633834034185156
-0.493670886075949,-2.77215189873418,-0.620473374555775
-0.417721518987342,-2.77215189873418,-0.605180095036281
-0.341772151898734,-2.77215189873418,-0.588168255436751
-0.265822784810127,-2.77215189873418,-0.569691574994432
-0.189873417721519,-2.77215189873418,-0.550037988771139
-0.113924050632911,-2.77215189873418,-0.529523181476072
-0.0379746835443036,-2.77215189873418,-0.508483284407088
0.037974683544304,-2.77215189873418,-0.487266951672902
0.113924050632912,-2.77215189873418,-0.466227054603918
0.189873417721519,-2.77215189873418,-0.445712247308851
0.265822784810127,-2.77215189873418,-0.426058661085558
0.341772151898734,-2.77215189873418,-0.407581980643239
0.417721518987342,-2.77215189873418,-0.390570141043709
0.493670886075949,-2.77215189873418,-0.375276861524215
0.569620253164557,-2.77215189873418,-0.361916201894834
0.645569620253164,-2.77215189873418,-0.350658290303099
0.721518987341772,-2.77215189873418,-0.341626329379459
0.79746835443038,-2.77215189873418,-0.33489494285699
0.873417721518988,-2.77215189873418,-0.330489878537111
0.949367088607595,-2.77215189873418,-0.328389037806925
1.0253164556962,-2.77215189873418,-0.328524758591691
1.10126582278481,-2.77215189873418,-0.330787239289304
1.17721518987342,-2.77215189873418,-0.335028957305599
1.25316455696203,-2.77215189873418,-0.341069908437721
1.32911392405063,-2.77215189873418,-0.348703473366946
1.40506329113924,-2.77215189873418,-0.357702705407707
1.48101265822785,-2.77215189873418,-0.367826829549097
1.55696202531646,-2.77215189873418,-0.378827746508413
1.63291139240506,-2.77215189873418,-0.390456346464688
1.70886075949367,-2.77215189873418,-0.40246845454571
1.78481012658228,-2.77215189873418,-0.414630252968272
1.86075949367089,-2.77215189873418,-0.426723051772205
1.93670886075949,-2.77215189873418,-0.438547310032003
2.0126582278481,-2.77215189873418,-0.449925840922698
2.08860759493671,-2.77215189873418,-0.460706165728619
2.16455696202532,-2.77215189873418,-0.47076201256484
2.24050632911392,-2.77215189873418,-0.479993984112307
2.31645569620253,-2.77215189873418,-0.488329444101524
2.39240506329114,-2.77215189873418,-0.495721693870048
2.46835443037975,-2.77215189873418,-0.502148527539058
2.54430379746835,-2.77215189873418,-0.507610266902206
2.62025316455696,-2.77215189873418,-0.512127384914647
2.69620253164557,-2.77215189873418,-0.515737829835242
2.77215189873418,-2.77215189873418,-0.518494160916221
2.84810126582278,-2.77215189873418,-0.520460601509171
2.92405063291139,-2.77215189873418,-0.521710107138697
3,-2.77215189873418,-0.522321535140379
-3,-2.69620253164557,-0.465732359380731
-2.92405063291139,-2.69620253164557,-0.466396743728684
-2.84810126582278,-2.69620253164557,-0.467754470199587
-2.77215189873418,-2.69620253164557,-0.46989122603599
-2.69620253164557,-2.69620253164557,-0.472886285508142
-2.62025316455696,-2.69620253164557,-0.476809434411673
-2.54430379746835,-2.69620253164557,-0.481717784204394
-2.46835443037975,-2.69620253164557,-0.487652569879057
-2.39240506329114,-2.69620253164557,-0.494636037572451
-2.31645569620253,-2.69620253164557,-0.502668536949076
-2.24050632911392,-2.69620253164557,-0.51172593885835
-2.16455696202532,-2.69620253164557,-0.521757500023369
-2.08860759493671,-2.69620253164557,-0.53268429307997
-2.0126582278481,-2.69620253164557,-0.544398311815116
-1.93670886075949,-2.69620253164557,-0.55676234781882
-1.86075949367089,-2.69620253164557,-0.569610716052438
-1.78481012658228,-2.69620253164557,-0.582750883375765
-1.70886075949367,-2.69620253164557,-0.595966026438682
-1.63291139240506,-2.69620253164557,-0.609018514340754
-1.55696202531646,-2.69620253164557,-0.621654278123725
-1.48101265822785,-2.69620253164557,-0.63360799470325
-1.40506329113924,-2.69620253164557,-0.644608978625743
-1.32911392405063,-2.69620253164557,-0.654387642499535
-1.25316455696203,-2.69620253164557,-0.662682357566726
-1.17721518987342,-2.69620253164557,-0.669246521078842
-1.10126582278481,-2.69620253164557,-0.673855618226341
-1.0253164556962,-2.69620253164557,-0.676314054475422
-0.949367088607595,-2.69620253164557,-0.676461530163226
-0.873417721518987,-2.69620253164557,-0.674178733669056
-0.79746835443038,-2.69620253164557,-0.669392142643131
-0.721518987341772,-2.69620253164557,-0.662077744491193
-0.645569620253164,-2.69620253164557,-0.652263517055624
-0.569620253164557,-2.69620253164557,-0.640030547300226
-0.493670886075949,-2.69620253164557,-0.625512708549532
-0.417721518987342,-2.69620253164557,-0.608894863907709
-0.341772151898734,-2.69620253164557,-0.59040961310351
-0.265822784810127,-2.69620253164557,-0.570332650232618
-0.189873417721519,-2.69620253164557,-0.548976848679588
-0.113924050632911,-2.69620253164557,-0.526685234899053
-0.0379746835443036,-2.69620253164557,-0.503823052832307
0.037974683544304,-2.69620253164557,-0.480769153843768
0.113924050632912,-2.69620253164557,-0.457906971777022
0.189873417721519,-2.69620253164557,-0.435615357996487
0.265822784810127,-2.69620253164557,-0.414259556443457
0.341772151898734,-2.69620253164557,-0.394182593572565
0.417721518987342,-2.69620253164557,-0.375697342768366
0.493670886075949,-2.69620253164557,-0.359079498126543
0.569620253164557,-2.69620253164557,-0.344561659375849
0.645569620253164,-2.69620253164557,-0.332328689620451
0.721518987341772,-2.69620253164557,-0.322514462184882
0.79746835443038,-2.69620253164557,-0.315200064032944
0.873417721518988,-2.69620253164557,-0.310413473007019
0.949367088607595,-2.69620253164557,-0.308130676512849
1.0253164556962,-2.69620253164557,-0.308278152200653
1.10126582278481,-2.69620253164557,-0.310736588449734
1.17721518987342,-2.69620253164557,-0.315345685597233
1.25316455696203,-2.69620253164557,-0.321909849109349
1.32911392405063,-2.69620253164557,-0.33020456417654
1.40506329113924,-2.69620253164557,-0.339983228050332
1.48101265822785,-2.69620253164557,-0.350984211972825
1.55696202531646,-2.69620253164557,-0.36293792855235
1.63291139240506,-2.69620253164557,-0.375573692335321
1.70886075949367,-2.69620253164557,-0.388626180237393
1.78481012658228,-2.69620253164557,-0.40184132330031
1.86075949367089,-2.69620253164557,-0.414981490623637
1.93670886075949,-2.69620253164557,-0.427829858857255
2.0126582278481,-2.69620253164557,-0.44019389486096
2.08860759493671,-2.69620253164557,-0.451907913596105
2.16455696202532,-2.69620253164557,-0.462834706652706
2.24050632911392,-2.69620253164557,-0.472866267817725
2.31645569620253,-2.69620253164557,-0.481923669726999
2.39240506329114,-2.69620253164557,-0.489956169103624
2.46835443037975,-2.69620253164557,-0.496939636797018
2.54430379746835,-2.69620253164557,-0.502874422471682
2.62025316455696,-2.69620253164557,-0.507782772264402
2.69620253164557,-2.69620253164557,-0.511705921167933
2.77215189873418,-2.69620253164557,-0.514700980640086
2.84810126582278,-2.69620253164557,-0.516837736476488
2.92405063291139,-2.69620253164557,-0.518195462947392
3,-2.69620253164557,-0.518859847295344
-3,-2.62025316455696,-0.454485100244156
-2.92405063291139,-2.62025316455696,-0.455205363737723
-2.84810126582278,-2.62025316455696,-0.456677284041466
-2.77215189873418,-2.62025316455696,-0.458993755265343
-2.69620253164557,-2.62025316455696,-0.462240719173359
-2.62025316455696,-2.62025316455696,-0.466493831011029
-2.54430379746835,-2.62025316455696,-0.471815005689883
-2.46835443037975,-2.62025316455696,-0.478248946340014
-2.39240506329114,-2.62025316455696,-0.485819770146377
-2.31645569620253,-2.62025316455696,-0.494527856182584
-2.24050632911392,-2.62025316455696,-0.504347045875893
-2.16455696202532,-2.62025316455696,-0.515222328102078
-2.08860759493671,-2.62025316455696,-0.527068137180335
-2.0126582278481,-2.62025316455696,-0.539767382856249
-1.93670886075949,-2.62025316455696,-0.553171316579336
-1.86075949367089,-2.62025316455696,-0.567100318096449
-1.78481012658228,-2.62025316455696,-0.581345660948846
-1.70886075949367,-2.62025316455696,-0.595672285499549
-1.63291139240506,-2.62025316455696,-0.609822574507795
-1.55696202531646,-2.62025316455696,-0.623521090124927
-1.48101265822785,-2.62025316455696,-0.636480193829293
-1.40506329113924,-2.62025316455696,-0.648406433719055
-1.32911392405063,-2.62025316455696,-0.65900754830861
-1.25316455696203,-2.62025316455696,-0.667999904120193
-1.17721518987342,-2.62025316455696,-0.675116157472863
-1.10126582278481,-2.62025316455696,-0.680112910367294
-1.0253164556962,-2.62025316455696,-0.682778117467567
-0.949367088607595,-2.62025316455696,-0.682937996842272
-0.873417721518987,-2.62025316455696,-0.680463201969305
-0.79746835443038,-2.62025316455696,-0.675274026779925
-0.721518987341772,-2.62025316455696,-0.667344439060877
-0.645569620253164,-2.62025316455696,-0.656704769777298
-0.569620253164557,-2.62025316455696,-0.643442925846339
-0.493670886075949,-2.62025316455696,-0.627704040230148
-0.417721518987342,-2.62025316455696,-0.609688524250349
-0.341772151898734,-2.62025316455696,-0.589648540820998
-0.265822784810127,-2.62025316455696,-0.567882971746168
-0.189873417721519,-2.62025316455696,-0.544731005144449
-0.113924050632911,-2.62025316455696,-0.520564518278395
-0.0379746835443036,-2.62025316455696,-0.495779474535721
0.037974683544304,-2.62025316455696,-0.470786589202118
0.113924050632912,-2.62025316455696,-0.446001545459444
0.189873417721519,-2.62025316455696,-0.421835058593389
0.265822784810127,-2.62025316455696,-0.39868309199167
0.341772151898734,-2.62025316455696,-0.37691752291684
0.417721518987342,-2.62025316455696,-0.356877539487489
0.493670886075949,-2.62025316455696,-0.338862023507691
0.569620253164557,-2.62025316455696,-0.3231231378915
0.645569620253164,-2.62025316455696,-0.30986129396054
0.721518987341772,-2.62025316455696,-0.299221624676962
0.79746835443038,-2.62025316455696,-0.291292036957914
0.873417721518988,-2.62025316455696,-0.286102861768534
0.949367088607595,-2.62025316455696,-0.283628066895567
1.0253164556962,-2.62025316455696,-0.283787946270271
1.10126582278481,-2.62025316455696,-0.286453153370545
1.17721518987342,-2.62025316455696,-0.291449906264975
1.25316455696203,-2.62025316455696,-0.298566159617646
1.32911392405063,-2.62025316455696,-0.307558515429229
1.40506329113924,-2.62025316455696,-0.318159630018783
1.48101265822785,-2.62025316455696,-0.330085869908546
1.55696202531646,-2.62025316455696,-0.343044973612912
1.63291139240506,-2.62025316455696,-0.356743489230044
1.70886075949367,-2.62025316455696,-0.370893778238289
1.78481012658228,-2.62025316455696,-0.385220402788992
1.86075949367089,-2.62025316455696,-0.39946574564139
1.93670886075949,-2.62025316455696,-0.413394747158503
2.0126582278481,-2.62025316455696,-0.42679868088159
2.08860759493671,-2.62025316455696,-0.439497926557504
2.16455696202532,-2.62025316455696,-0.45134373563576
2.24050632911392,-2.62025316455696,-0.462219017861946
2.31645569620253,-2.62025316455696,-0.472038207555254
2.39240506329114,-2.62025316455696,-0.480746293591462
2.46835443037975,-2.62025316455696,-0.488317117397824
2.54430379746835,-2.62025316455696,-0.494751058047956
2.62025316455696,-2.62025316455696,-0.500072232726809
2.69620253164557,-2.62025316455696,-0.50432534456448
2.77215189873418,-2.62025316455696,-0.507572308472495
2.84810126582278,-2.62025316455696,-0.509888779696373
2.92405063291139,-2.62025316455696,-0.511360700000116
3,-2.62025316455696,-0.512080963493682
-3,-2.54430379746835,-0.43975069743465
-2.92405063291139,-2.54430379746835,-0.440529740303412
-2.84810126582278,-2.54430379746835,-0.442121781308211
-2.77215189873418,-2.54430379746835,-0.444627295475977
-2.69620253164557,-2.54430379746835,-0.448139238119555
-2.62025316455696,-2.54430379746835,-0.452739438569504
-2.54430379746835,-2.54430379746835,-0.458494864499081
-2.46835443037975,-2.54430379746835,-0.465453867178374
-2.39240506329114,-2.54430379746835,-0.473642531951315
-2.31645569620253,-2.54430379746835,-0.483061268827018
-2.24050632911392,-2.54430379746835,-0.493681784479867
-2.16455696202532,-2.54430379746835,-0.505444578429255
-2.08860759493671,-2.54430379746835,-0.51825710213699
-2.0126582278481,-2.54430379746835,-0.53199270982897
-1.93670886075949,-2.54430379746835,-0.546490513859866
-1.86075949367089,-2.54430379746835,-0.56155623549898
-1.78481012658228,-2.54430379746835,-0.576964114506265
-1.70886075949367,-2.54430379746835,-0.592459908461331
-1.63291139240506,-2.54430379746835,-0.607764976455568
-1.55696202531646,-2.54430379746835,-0.622581402665531
-1.48101265822785,-2.54430379746835,-0.63659807492036
-1.40506329113924,-2.54430379746835,-0.649497593249775
-1.32911392405063,-2.54430379746835,-0.660963845247405
-1.25316455696203,-2.54430379746835,-0.670690050630521
-1.17721518987342,-2.54430379746835,-0.678387048293493
-1.10126582278481,-2.54430379746835,-0.68379157697521
-1.0253164556962,-2.54430379746835,-0.686674286711007
-0.949367088607595,-2.54430379746835,-0.686847213546586
-0.873417721518987,-2.54430379746835,-0.684170455228754
-0.79746835443038,-2.54430379746835,-0.678557801023516
-0.721518987341772,-2.54430379746835,-0.669981094276708
-0.645569620253164,-2.54430379746835,-0.658473141207589
-0.569620253164557,-2.54430379746835,-0.644129022654674
-0.493670886075949,-2.54430379746835,-0.627105715613457
-0.417721518987342,-2.54430379746835,-0.607619986603865
-0.341772151898734,-2.54430379746835,-0.58594457709026
-0.265822784810127,-2.54430379746835,-0.562402760069461
-0.189873417721519,-2.54430379746835,-0.537361404176792
-0.113924050632911,-2.54430379746835,-0.51122273489228
-0.0379746835443036,-2.54430379746835,-0.484415029445365
0.037974683544304,-2.54430379746835,-0.457382520838647
0.113924050632912,-2.54430379746835,-0.430574815391732
0.189873417721519,-2.54430379746835,-0.40443614610722
0.265822784810127,-2.54430379746835,-0.37939479021455
0.341772151898734,-2.54430379746835,-0.355852973193752
0.417721518987342,-2.54430379746835,-0.334177563680146
0.493670886075949,-2.54430379746835,-0.314691834670554
0.569620253164557,-2.54430379746835,-0.297668527629338
0.645569620253164,-2.54430379746835,-0.283324409076422
0.721518987341772,-2.54430379746835,-0.271816456007303
0.79746835443038,-2.54430379746835,-0.263239749260496
0.873417721518988,-2.54430379746835,-0.257627095055257
0.949367088607595,-2.54430379746835,-0.254950336737426
1.0253164556962,-2.54430379746835,-0.255123263573005
1.10126582278481,-2.54430379746835,-0.258005973308802
1.17721518987342,-2.54430379746835,-0.263410501990519
1.25316455696203,-2.54430379746835,-0.271107499653491
1.32911392405063,-2.54430379746835,-0.280833705036607
1.40506329113924,-2.54430379746835,-0.292299957034237
1.48101265822785,-2.54430379746835,-0.305199475363652
1.55696202531646,-2.54430379746835,-0.319216147618481
1.63291139240506,-2.54430379746835,-0.334032573828444
1.70886075949367,-2.54430379746835,-0.349337641822681
1.78481012658228,-2.54430379746835,-0.364833435777747
1.86075949367089,-2.54430379746835,-0.380241314785032
1.93670886075949,-2.54430379746835,-0.395307036424146
2.0126582278481,-2.54430379746835,-0.409804840455042
2.08860759493671,-2.54430379746835,-0.423540448147021
2.16455696202532,-2.54430379746835,-0.436352971854757
2.24050632911392,-2.54430379746835,-0.448115765804145
2.31645569620253,-2.54430379746835,-0.458736281456993
2.39240506329114,-2.54430379746835,-0.468155018332696
2.46835443037975,-2.54430379746835,-0.476343683105638
2.54430379746835,-2.54430379746835,-0.48330268578493
2.62025316455696,-2.54430379746835,-0.489058111714508
2.69620253164557,-2.54430379746835,-0.493658312164457
2.77215189873418,-2.54430379746835,-0.497170254808035
2.84810126582278,-2.54430379746835,-0.4996757689758
2.92405063291139,-2.54430379746835,-0.5012678099806
3,-2.54430379746835,-0.502046852849362
-3,-2.46835443037975,-0.421617349924067
-2.92405063291139,-2.46835443037975,-0.422458027091542
-2.84810126582278,-2.46835443037975,-0.424176023078779
-2.77215189873418,-2.46835443037975,-0.42687976203601
-2.69620253164557,-2.46835443037975,-0.430669553474096
-2.62025316455696,-2.46835443037975,-0.435633700684922
-2.54430379746835,-2.46835443037975,-0.441844469516908
-2.46835443037975,-2.46835443037975,-0.449354036570866
-2.39240506329114,-2.46835443037975,-0.458190550943504
-2.31645569620253,-2.46835443037975,-0.468354455081974
-2.24050632911392,-2.46835443037975,-0.479815217222504
-2.16455696202532,-2.46835443037975,-0.49250862947936
-2.08860759493671,-2.46835443037975,-0.506334821298481
-2.0126582278481,-2.46835443037975,-0.521157127272973
-1.93670886075949,-2.46835443037975,-0.53680193106492
-1.86075949367089,-2.46835443037975,-0.553059583501505
-1.78481012658228,-2.46835443037975,-0.569686463227932
-1.70886075949367,-2.46835443037975,-0.58640821332959
-1.63291139240506,-2.46835443037975,-0.602924148107158
-1.55696202531646,-2.46835443037975,-0.618912782003626
-1.48101265822785,-2.46835443037975,-0.634038389080084
-1.40506329113924,-2.46835443037975,-0.647958458136353
-1.32911392405063,-2.46835443037975,-0.660331867402311
-1.25316455696203,-2.46835443037975,-0.670827565546302
-1.17721518987342,-2.46835443037975,-0.67913351436225
-1.10126582278481,-2.46835443037975,-0.684965624565508
-1.0253164556962,-2.46835443037975,-0.688076401074113
-0.949367088607595,-2.46835443037975,-0.688263009087798
-0.873417721518987,-2.46835443037975,-0.685374477928755
-0.79746835443038,-2.46835443037975,-0.679317776265119
-0.721518987341772,-2.46835443037975,-0.67006251981739
-0.645569620253164,-2.46835443037975,-0.657644110282427
-0.569620253164557,-2.46835443037975,-0.642165150858603
-0.493670886075949,-2.46835443037975,-0.623795037841326
-0.417721518987342,-2.46835443037975,-0.602767687323382
-0.341772151898734,-2.46835443037975,-0.57937741882287
-0.265822784810127,-2.46835443037975,-0.553973081213436
-0.189873417721519,-2.46835443037975,-0.526950568094191
-0.113924050632911,-2.46835443037975,-0.498743927180346
-0.0379746835443036,-2.46835443037975,-0.46981531903145
0.037974683544304,-2.46835443037975,-0.4406441223278
0.113924050632912,-2.46835443037975,-0.411715514178904
0.189873417721519,-2.46835443037975,-0.383508873265059
0.265822784810127,-2.46835443037975,-0.356486360145814
0.341772151898734,-2.46835443037975,-0.33108202253638
0.417721518987342,-2.46835443037975,-0.307691754035868
0.493670886075949,-2.46835443037975,-0.286664403517924
0.569620253164557,-2.46835443037975,-0.268294290500647
0.645569620253164,-2.46835443037975,-0.252815331076823
0.721518987341772,-2.46835443037975,-0.24039692154186
0.79746835443038,-2.46835443037975,-0.231141665094131
0.873417721518988,-2.46835443037975,-0.225084963430495
0.949367088607595,-2.46835443037975,-0.222196432271452
1.0253164556962,-2.46835443037975,-0.222383040285137
1.10126582278481,-2.46835443037975,-0.225493816793742
1.17721518987342,-2.46835443037975,-0.231325926997
1.25316455696203,-2.46835443037975,-0.239631875812948
1.32911392405063,-2.46835443037975,-0.250127573956939
1.40506329113924,-2.46835443037975,-0.262500983222897
1.48101265822785,-2.46835443037975,-0.276421052279166
1.55696202531646,-2.46835443037975,-0.291546659355624
1.63291139240506,-2.46835443037975,-0.307535293252092
1.70886075949367,-2.46835443037975,-0.32405122802966
1.78481012658228,-2.46835443037975,-0.340772978131318
1.86075949367089,-2.46835443037975,-0.357399857857745
1.93670886075949,-2.46835443037975,-0.37365751029433
2.0126582278481,-2.46835443037975,-0.389302314086277
2.08860759493671,-2.46835443037975,-0.404124620060769
2.16455696202532,-2.46835443037975,-0.41795081187989
2.24050632911392,-2.46835443037975,-0.430644224136747
2.31645569620253,-2.46835443037975,-0.442104986277276
2.39240506329114,-2.46835443037975,-0.452268890415746
2.46835443037975,-2.46835443037975,-0.461105404788384
2.54430379746835,-2.46835443037975,-0.468614971842342
2.62025316455696,-2.46835443037975,-0.474825740674328
2.69620253164557,-2.46835443037975,-0.479789887885154
2.77215189873418,-2.46835443037975,-0.48357967932324
2.84810126582278,-2.46835443037975,-0.486283418280471
2.92405063291139,-2.46835443037975,-0.488001414267708
3,-2.46835443037975,-0.488842091435183
-3,-2.39240506329114,-0.400197135913109
-2.92405063291139,-2.39240506329114,-0.401102232840677
-2.84810126582278,-2.39240506329114,-0.402951876139891
-2.77215189873418,-2.39240506329114,-0.405862798331922
-2.69620253164557,-2.39240506329114,-0.409942995486604
-2.62025316455696,-2.39240506329114,-0.415287537437244
-2.54430379746835,-2.39240506329114,-0.421974227649792
-2.46835443037975,-2.39240506329114,-0.430059240935356
-2.39240506329114,-2.39240506329114,-0.43957288341135
-2.31645569620253,-2.39240506329114,-0.45051563142895
-2.24050632911392,-2.39240506329114,-0.462854613623674
-2.16455696202532,-2.39240506329114,-0.476520701961181
-2.08860759493671,-2.39240506329114,-0.491406372965003
-2.0126582278481,-2.39240506329114,-0.507364488774529
-1.93670886075949,-2.39240506329114,-0.5242081291068
-1.86075949367089,-2.39240506329114,-0.541711579704874
-1.78481012658228,-2.39240506329114,-0.559612550895323
-1.70886075949367,-2.39240506329114,-0.577615662227624
-1.63291139240506,-2.39240506329114,-0.595397186933469
-1.55696202531646,-2.39240506329114,-0.612611004526699
-1.48101265822785,-2.39240506329114,-0.628895662921344
-1.40506329113924,-2.39240506329114,-0.643882404826337
-1.32911392405063,-2.39240506329114,-0.657203968850494
-1.25316455696203,-2.39240506329114,-0.668503935722847
-1.17721518987342,-2.39240506329114,-0.677446356243716
-1.10126582278481,-2.39240506329114,-0.683725371816439
-1.0253164556962,-2.39240506329114,-0.687074522202844
-0.949367088607595,-2.39240506329114,-0.687275429693115
-0.873417721518987,-2.39240506329114,-0.684165554965475
-0.79746835443038,-2.39240506329114,-0.677644737844415
-0.721518987341772,-2.39240506329114,-0.667680265751212
-0.645569620253164,-2.39240506329114,-0.654310253158698
-0.569620253164557,-2.39240506329114,-0.637645165585858
-0.493670886075949,-2.39240506329114,-0.617867379897969
-0.417721518987342,-2.39240506329114,-0.595228736807594
-0.341772151898734,-2.39240506329114,-0.570046109071435
-0.265822784810127,-2.39240506329114,-0.542695077299905
-0.189873417721519,-2.39240506329114,-0.513601871791702
-0.113924050632911,-2.39240506329114,-0.483233800651119
-0.0379746835443036,-2.39240506329114,-0.45208843906953
0.037974683544304,-2.39240506329114,-0.420681899756387
0.113924050632912,-2.39240506329114,-0.389536538174798
0.189873417721519,-2.39240506329114,-0.359168467034215
0.265822784810127,-2.39240506329114,-0.330075261526012
0.341772151898734,-2.39240506329114,-0.302724229754482
0.417721518987342,-2.39240506329114,-0.277541602018322
0.493670886075949,-2.39240506329114,-0.254902958927947
0.569620253164557,-2.39240506329114,-0.235125173240059
0.645569620253164,-2.39240506329114,-0.218460085667219
0.721518987341772,-2.39240506329114,-0.205090073074704
0.79746835443038,-2.39240506329114,-0.195125600981502
0.873417721518988,-2.39240506329114,-0.188604783860442
0.949367088607595,-2.39240506329114,-0.185494909132801
1.0253164556962,-2.39240506329114,-0.185695816623072
1.10126582278481,-2.39240506329114,-0.189044967009477
1.17721518987342,-2.39240506329114,-0.195323982582201
1.25316455696203,-2.39240506329114,-0.20426640310307
1.32911392405063,-2.39240506329114,-0.215566369975423
1.40506329113924,-2.39240506329114,-0.228887933999579
1.48101265822785,-2.39240506329114,-0.243874675904572
1.55696202531646,-2.39240506329114,-0.260159334299218
1.63291139240506,-2.39240506329114,-0.277373151892448
1.70886075949367,-2.39240506329114,-0.295154676598293
1.78481012658228,-2.39240506329114,-0.313157787930594
1.86075949367089,-2.39240506329114,-0.331058759121043
1.93670886075949,-2.39240506329114,-0.348562209719116
2.0126582278481,-2.39240506329114,-0.365405850051387
2.08860759493671,-2.39240506329114,-0.381363965860914
2.16455696202532,-2.39240506329114,-0.396249636864735
2.24050632911392,-2.39240506329114,-0.409915725202243
2.31645569620253,-2.39240506329114,-0.422254707396967
2.39240506329114,-2.39240506329114,-0.433197455414567
2.46835443037975,-2.39240506329114,-0.44271109789056
2.54430379746835,-2.39240506329114,-0.450796111176125
2.62025316455696,-2.39240506329114,-0.457482801388672
2.69620253164557,-2.39240506329114,-0.462827343339313
2.77215189873418,-2.39240506329114,-0.466907540493994
2.84810126582278,-2.39240506329114,-0.469818462686025
2.92405063291139,-2.39240506329114,-0.47166810598524
3,-2.39240506329114,-0.472573202912808
-3,-2.31645569620253,-0.375625300156353
-2.92405063291139,-2.31645569620253,-0.37659750744255
-2.84810126582278,-2.31645569620253,-0.378584296522912
-2.77215189873418,-2.31645569620253,-0.381711055302492
-2.69620253164557,-2.31645569620253,-0.38609378745203
-2.62025316455696,-2.31645569620253,-0.391834611962128
-2.54430379746835,-2.31645569620253,-0.399017101204078
-2.46835443037975,-2.31645569620253,-0.407701595191196
-2.39240506329114,-2.31645569620253,-0.41792064715316
-2.31645569620253,-2.31645569620253,-0.42967476876123
-2.24050632911392,-2.31645569620253,-0.442928651332897
-2.16455696202532,-2.31645569620253,-0.457608041187013
-2.08860759493671,-2.31645569620253,-0.473597442287654
-2.0126582278481,-2.31645569620253,-0.490738806921032
-1.93670886075949,-2.31645569620253,-0.508831355197725
-1.86075949367089,-2.31645569620253,-0.527632636791683
-1.78481012658228,-2.31645569620253,-0.546860913997434
-1.70886075949367,-2.31645569620253,-0.566198904745568
-1.63291139240506,-2.31645569620253,-0.585298878850177
-1.55696202531646,-2.31645569620253,-0.603789051977123
-1.48101265822785,-2.31645569620253,-0.621281171398012
-1.40506329113924,-2.31645569620253,-0.637379137519203
-1.32911392405063,-2.31645569620253,-0.651688457563656
-1.25316455696203,-2.31645569620253,-0.663826284786871
-1.17721518987342,-2.31645569620253,-0.673431760313105
-1.10126582278481,-2.31645569620253,-0.680176347002121
-1.0253164556962,-2.31645569620253,-0.68377382734821
-0.949367088607595,-2.31645569620253,-0.683989631556515
-0.873417721518987,-2.31645569620253,-0.68064916847761
-0.79746835443038,-2.31645569620253,-0.673644851344322
-0.721518987341772,-2.31645569620253,-0.662941542033411
-0.645569620253164,-2.31645569620253,-0.648580181097283
-0.569620253164557,-2.31645569620253,-0.630679424758449
-0.493670886075949,-2.31645569620253,-0.609435172607171
-0.417721518987342,-2.31645569620253,-0.58511793862737
-0.341772151898734,-2.31645569620253,-0.558068090787913
-0.265822784810127,-2.31645569620253,-0.528689057931477
-0.189873417721519,-2.31645569620253,-0.497438674119111
-0.113924050632911,-2.31645569620253,-0.464818897019715
-0.0379746835443036,-2.31645569620253,-0.431364195607553
0.037974683544304,-2.31645569620253,-0.397628950879118
0.113924050632912,-2.31645569620253,-0.364174249466956
0.189873417721519,-2.31645569620253,-0.331554472367561
0.265822784810127,-2.31645569620253,-0.300304088555194
0.341772151898734,-2.31645569620253,-0.270925055698758
0.417721518987342,-2.31645569620253,-0.243875207859302
0.493670886075949,-2.31645569620253,-0.219557973879501
0.569620253164557,-2.31645569620253,-0.198313721728222
0.645569620253164,-2.31645569620253,-0.180412965389389
0.721518987341772,-2.31645569620253,-0.16605160445326
0.79746835443038,-2.31645569620253,-0.155348295142349
0.873417721518988,-2.31645569620253,-0.148343978009061
0.949367088607595,-2.31645569620253,-0.145003514930156
1.0253164556962,-2.31645569620253,-0.145219319138461
1.10126582278481,-2.31645569620253,-0.148816799484551
1.17721518987342,-2.31645569620253,-0.155561386173566
1.25316455696203,-2.31645569620253,-0.1651668616998
1.32911392405063,-2.31645569620253,-0.177304688923016
1.40506329113924,-2.31645569620253,-0.191614008967468
1.48101265822785,-2.31645569620253,-0.207711975088659
1.55696202531646,-2.31645569620253,-0.225204094509548
1.63291139240506,-2.31645569620253,-0.243694267636495
1.70886075949367,-2.31645569620253,-0.262794241741103
1.78481012658228,-2.31645569620253,-0.282132232489237
1.86075949367089,-2.31645569620253,-0.301360509694989
1.93670886075949,-2.31645569620253,-0.320161791288947
2.0126582278481,-2.31645569620253,-0.33825433956564
2.08860759493671,-2.31645569620253,-0.355395704199018
2.16455696202532,-2.31645569620253,-0.371385105299659
2.24050632911392,-2.31645569620253,-0.386064495153775
2.31645569620253,-2.31645569620253,-0.399318377725441
2.39240506329114,-2.31645569620253,-0.411072499333511
2.46835443037975,-2.31645569620253,-0.421291551295476
2.54430379746835,-2.31645569620253,-0.429976045282594
2.62025316455696,-2.31645569620253,-0.437158534524544
2.69620253164557,-2.31645569620253,-0.442899359034642
2.77215189873418,-2.31645569620253,-0.44728209118418
2.84810126582278,-2.31645569620253,-0.45040884996376
2.92405063291139,-2.31645569620253,-0.452395639044122
3,-2.31645569620253,-0.453367846330319
-3,-2.24050632911392,-0.348059378501711
-2.92405063291139,-2.24050632911392,-0.349101265443707
-2.84810126582278,-2.24050632911392,-0.351230450884628
-2.77215189873418,-2.24050632911392,-0.354581309481828
-2.69620253164557,-2.24050632911392,-0.35927815907522
-2.62025316455696,-2.24050632911392,-0.36543043768728
-2.54430379746835,-2.24050632911392,-0.373127707455215
-2.46835443037975,-2.24050632911392,-0.382434633057891
-2.39240506329114,-2.24050632911392,-0.393386100867181
-2.31645569620253,-2.24050632911392,-0.405982659226643
-2.24050632911392,-2.24050632911392,-0.42018646882385
-2.16455696202532,-2.24050632911392,-0.435917954097212
-2.08860759493671,-2.24050632911392,-0.453053341224633
-2.0126582278481,-2.24050632911392,-0.47142325495914
-1.93670886075949,-2.24050632911392,-0.49081252519455
-1.86075949367089,-2.24050632911392,-0.510961324801009
-1.78481012658228,-2.24050632911392,-0.531567723479738
-1.70886075949367,-2.24050632911392,-0.552291699046432
-1.63291139240506,-2.24050632911392,-0.572760598934938
-1.55696202531646,-2.24050632911392,-0.592575992431481
-1.48101265822785,-2.24050632911392,-0.611321800111794
-1.40506329113924,-2.24050632911392,-0.628573533288946
-1.32911392405063,-2.24050632911392,-0.643908425255727
-1.25316455696203,-2.24050632911392,-0.656916190027305
-1.17721518987342,-2.24050632911392,-0.667210105393427
-1.10126582278481,-2.24050632911392,-0.674438087429984
-1.0253164556962,-2.24050632911392,-0.678293404963488
-0.949367088607595,-2.24050632911392,-0.678524676205591
-0.873417721518987,-2.24050632911392,-0.674944796779113
-0.79746835443038,-2.24050632911392,-0.667438469000688
-0.721518987341772,-2.24050632911392,-0.655968036341416
-0.645569620253164,-2.24050632911392,-0.640577373628771
-0.569620253164557,-2.24050632911392,-0.621393641367076
-0.493670886075949,-2.24050632911392,-0.598626779584485
-0.417721518987342,-2.24050632911392,-0.572566690436102
-0.341772151898734,-2.24050632911392,-0.543578136609133
-0.265822784810127,-2.24050632911392,-0.512093461338584
-0.189873417721519,-2.24050632911392,-0.478603312387106
-0.113924050632911,-2.24050632911392,-0.443645623534964
-0.0379746835443036,-2.24050632911392,-0.407793170005189
0.037974683544304,-2.24050632911392,-0.371640066169621
0.113924050632912,-2.24050632911392,-0.335787612639845
0.189873417721519,-2.24050632911392,-0.300829923787703
0.265822784810127,-2.24050632911392,-0.267339774836225
0.341772151898734,-2.24050632911392,-0.235855099565676
0.417721518987342,-2.24050632911392,-0.206866545738708
0.493670886075949,-2.24050632911392,-0.180806456590325
0.569620253164557,-2.24050632911392,-0.158039594807734
0.645569620253164,-2.24050632911392,-0.138855862546039
0.721518987341772,-2.24050632911392,-0.123465199833393
0.79746835443038,-2.24050632911392,-0.111994767174121
0.873417721518988,-2.24050632911392,-0.104488439395696
0.949367088607595,-2.24050632911392,-0.100908559969218
1.0253164556962,-2.24050632911392,-0.101139831211321
1.10126582278481,-2.24050632911392,-0.104995148744825
1.17721518987342,-2.24050632911392,-0.112223130781382
1.25316455696203,-2.24050632911392,-0.122517046147505
1.32911392405063,-2.24050632911392,-0.135524810919082
1.40506329113924,-2.24050632911392,-0.150859702885863
1.48101265822785,-2.24050632911392,-0.168111436063015
1.55696202531646,-2.24050632911392,-0.186857243743328
1.63291139240506,-2.24050632911392,-0.206672637239872
1.70886075949367,-2.24050632911392,-0.227141537128377
1.78481012658228,-2.24050632911392,-0.247865512695071
1.86075949367089,-2.24050632911392,-0.2684719113738
1.93670886075949,-2.24050632911392,-0.288620710980259
2.0126582278481,-2.24050632911392,-0.308009981215669
2.08860759493671,-2.24050632911392,-0.326379894950177
2.16455696202532,-2.24050632911392,-0.343515282077597
2.24050632911392,-2.24050632911392,-0.359246767350959
2.31645569620253,-2.24050632911392,-0.373450576948166
2.39240506329114,-2.24050632911392,-0.386047135307628
2.46835443037975,-2.24050632911392,-0.396998603116918
2.54430379746835,-2.24050632911392,-0.406305528719595
2.62025316455696,-2.24050632911392,-0.414002798487529
2.69620253164557,-2.24050632911392,-0.420155077099589
2.77215189873418,-2.24050632911392,-0.424851926692981
2.84810126582278,-2.24050632911392,-0.428202785290181
2.92405063291139,-2.24050632911392,-0.430331970731102
3,-2.24050632911392,-0.431373857673098
-3,-2.16455696202532,-0.31767816481302
-2.92405063291139,-2.16455696202532,-0.318792152167816
-2.84810126582278,-2.16455696202532,-0.321068680994119
-2.77215189873418,-2.16455696202532,-0.324651424912419
-2.69620253164557,-2.16455696202532,-0.32967330477627
-2.62025316455696,-2.16455696202532,-0.336251331912198
-2.54430379746835,-2.16455696202532,-0.344481266315166
-2.46835443037975,-2.16455696202532,-0.354432247573795
-2.39240506329114,-2.16455696202532,-0.36614157625838
-2.31645569620253,-2.16455696202532,-0.379609838658821
-2.24050632911392,-2.16455696202532,-0.394796576915576
-2.16455696202532,-2.16455696202532,-0.411616708697933
-2.08860759493671,-2.16455696202532,-0.429937894817147
-2.0126582278481,-2.16455696202532,-0.449579038960616
-1.93670886075949,-2.16455696202532,-0.470310080871552
-1.86075949367089,-2.16455696202532,-0.49185321292475
-1.78481012658228,-2.16455696202532,-0.513885610712575
-1.70886075949367,-2.16455696202532,-0.536043721916252
-1.63291139240506,-2.16455696202532,-0.557929105755217
-1.55696202531646,-2.16455696202532,-0.579115759408035
-1.48101265822785,-2.16455696202532,-0.599158810020905
-1.40506329113924,-2.16455696202532,-0.617604393541561
-1.32911392405063,-2.16455696202532,-0.634000487061493
-1.25316455696203,-2.16455696202532,-0.647908412082554
-1.17721518987342,-2.16455696202532,-0.658914684535913
-1.10126582278481,-2.16455696202532,-0.666642855669332
-1.0253164556962,-2.16455696202532,-0.670764967971479
-0.949367088607595,-2.16455696202532,-0.671012243591171
-0.873417721518987,-2.16455696202532,-0.667184630198539
-0.79746835443038,-2.16455696202532,-0.659158851307306
-0.721518987341772,-2.16455696202532,-0.646894644490401
-0.645569620253164,-2.16455696202532,-0.63043892079069
-0.569620253164557,-2.16455696202532,-0.609927640443528
-0.493670886075949,-2.16455696202532,-0.585585271697053
-0.417721518987342,-2.16455696202532,-0.557721778446481
-0.341772151898734,-2.16455696202532,-0.526727165599898
-0.265822784810127,-2.16455696202532,-0.493063695306211
-0.189873417721519,-2.16455696202532,-0.457255969018059
-0.113924050632911,-2.16455696202532,-0.419879146481451
-0.0379746835443036,-2.16455696202532,-0.381545639974421
0.037974683544304,-2.16455696202532,-0.342890677630514
0.113924050632912,-2.16455696202532,-0.304557171123484
0.189873417721519,-2.16455696202532,-0.267180348586876
0.265822784810127,-2.16455696202532,-0.231372622298724
0.341772151898734,-2.16455696202532,-0.197709152005037
0.417721518987342,-2.16455696202532,-0.166714539158454
0.493670886075949,-2.16455696202532,-0.138851045907882
0.569620253164557,-2.16455696202532,-0.114508677161408
0.645569620253164,-2.16455696202532,-0.0939973968142457
0.721518987341772,-2.16455696202532,-0.0775416731145341
0.79746835443038,-2.16455696202532,-0.0652774662976288
0.873417721518988,-2.16455696202532,-0.0572516874063963
0.949367088607595,-2.16455696202532,-0.0534240740137644
1.0253164556962,-2.16455696202532,-0.0536713496334563
1.10126582278481,-2.16455696202532,-0.0577934619356034
1.17721518987342,-2.16455696202532,-0.0655216330690224
1.25316455696203,-2.16455696202532,-0.0765279055223809
1.32911392405063,-2.16455696202532,-0.0904358305434425
1.40506329113924,-2.16455696202532,-0.106831924063374
1.48101265822785,-2.16455696202532,-0.12527750758403
1.55696202531646,-2.16455696202532,-0.1453205581969
1.63291139240506,-2.16455696202532,-0.166507211849718
1.70886075949367,-2.16455696202532,-0.188392595688683
1.78481012658228,-2.16455696202532,-0.21055070689236
1.86075949367089,-2.16455696202532,-0.232583104680186
1.93670886075949,-2.16455696202532,-0.254126236733383
2.0126582278481,-2.16455696202532,-0.274857278644319
2.08860759493671,-2.16455696202532,-0.294498422787788
2.16455696202532,-2.16455696202532,-0.312819608907002
2.24050632911392,-2.16455696202532,-0.329639740689359
2.31645569620253,-2.16455696202532,-0.344826478946115
2.39240506329114,-2.16455696202532,-0.358294741346555
2.46835443037975,-2.16455696202532,-0.37000407003114
2.54430379746835,-2.16455696202532,-0.379955051289769
2.62025316455696,-2.16455696202532,-0.388184985692737
2.69620253164557,-2.16455696202532,-0.394763012828665
2.77215189873418,-2.16455696202532,-0.399784892692516
2.84810126582278,-2.16455696202532,-0.403367636610816
2.92405063291139,-2.16455696202532,-0.405644165437119
3,-2.16455696202532,-0.406758152791915
-3,-2.08860759493671,-0.284680526543923
-2.92405063291139,-2.08860759493671,-0.285868858755847
-2.84810126582278,-2.08860759493671,-0.288297317682263
-2.77215189873418,-2.08860759493671,-0.292119165378164
-2.69620253164557,-2.08860759493671,-0.297476193517607
-2.62025316455696,-2.08860759493671,-0.304493222483761
-2.54430379746835,-2.08860759493671,-0.313272403065086
-2.46835443037975,-2.08860759493671,-0.323887489061322
-2.39240506329114,-2.08860759493671,-0.336378270393795
-2.31645569620253,-2.08860759493671,-0.350745372479991
-2.24050632911392,-2.08860759493671,-0.366945637399393
-2.16455696202532,-2.08860759493671,-0.384888304629614
-2.08860759493671,-2.08860759493671,-0.404432202980328
-2.0126582278481,-2.08860759493671,-0.425384150203282
-1.93670886075949,-2.08860759493671,-0.447498732369271
-1.86075949367089,-2.08860759493671,-0.47047960163527
-1.78481012658228,-2.08860759493671,-0.493982389063218
-1.70886075949367,-2.08860759493671,-0.517619279720331
-1.63291139240506,-2.08860759493671,-0.540965241839374
-1.55696202531646,-2.08860759493671,-0.563565842187417
-1.48101265822785,-2.08860759493671,-0.584946518158244
-1.40506329113924,-2.08860759493671,-0.604623115896054
-1.32911392405063,-2.08860759493671,-0.622113445562335
-1.25316455696203,-2.08860759493671,-0.63694955230304
-1.17721518987342,-2.08860759493671,-0.648690357109511
-1.10126582278481,-2.08860759493671,-0.656934287938316
-1.0253164556962,-2.08860759493671,-0.661331500176605
-0.949367088607595,-2.08860759493671,-0.661595278380943
-0.873417721518987,-2.08860759493671,-0.657512219206462
-0.79746835443038,-2.08860759493671,-0.648950818988435
-0.721518987341772,-2.08860759493671,-0.635868128281507
-0.645569620253164,-2.08860759493671,-0.618314188859577
-0.569620253164557,-2.08860759493671,-0.596434034619589
-0.493670886075949,-2.08860759493671,-0.570467114284787
-0.417721518987342,-2.08860759493671,-0.540744078000914
-0.341772151898734,-2.08860759493671,-0.507680958672734
-0.265822784810127,-2.08860759493671,-0.471770868721619
-0.189873417721519,-2.08860759493671,-0.433573420249005
-0.113924050632911,-2.08860759493671,-0.393702157789527
-0.0379746835443036,-2.08860759493671,-0.352810364554909
0.037974683544304,-2.08860759493671,-0.311575662288132
0.113924050632912,-2.08860759493671,-0.270683869053514
0.189873417721519,-2.08860759493671,-0.230812606594036
0.265822784810127,-2.08860759493671,-0.192615158121422
0.341772151898734,-2.08860759493671,-0.156705068170307
0.417721518987342,-2.08860759493671,-0.123641948842128
0.493670886075949,-2.08860759493671,-0.0939189125582541
0.569620253164557,-2.08860759493671,-0.0679519922234528
0.645569620253164,-2.08860759493671,-0.0460718379834646
0.721518987341772,-2.08860759493671,-0.0285178985615339
0.79746835443038,-2.08860759493671,-0.0154352078546062
0.873417721518988,-2.08860759493671,-0.00687380763657902
0.949367088607595,-2.08860759493671,-0.00279074846209815
1.0253164556962,-2.08860759493671,-0.00305452666643596
1.10126582278481,-2.08860759493671,-0.00745173890472572
1.17721518987342,-2.08860759493671,-0.0156956697335308
1.25316455696203,-2.08860759493671,-0.0274364745400011
1.32911392405063,-2.08860759493671,-0.0422725812807061
1.40506329113924,-2.08860759493671,-0.0597629109469875
1.48101265822785,-2.08860759493671,-0.0794395086847968
1.55696202531646,-2.08860759493671,-0.100820184655625
1.63291139240506,-2.08860759493671,-0.123420785003668
1.70886075949367,-2.08860759493671,-0.14676674712271
1.78481012658228,-2.08860759493671,-0.170403637779823
1.86075949367089,-2.08860759493671,-0.193906425207771
1.93670886075949,-2.08860759493671,-0.216887294473771
2.0126582278481,-2.08860759493671,-0.23900187663976
2.08860759493671,-2.08860759493671,-0.259953823862713
2.16455696202532,-2.08860759493671,-0.279497722213427
2.24050632911392,-2.08860759493671,-0.297440389443649
2.31645569620253,-2.08860759493671,-0.31364065436305
2.39240506329114,-2.08860759493671,-0.328007756449247
2.46835443037975,-2.08860759493671,-0.340498537781719
2.54430379746835,-2.08860759493671,-0.351113623777956
2.62025316455696,-2.08860759493671,-0.359892804359281
2.69620253164557,-2.08860759493671,-0.366909833325434
2.77215189873418,-2.08860759493671,-0.372266861464878
2.84810126582278,-2.08860759493671,-0.376088709160778
2.92405063291139,-2.08860759493671,-0.378517168087194
3,-2.08860759493671,-0.379705500299118
-3,-2.0126582278481,-0.249284076305878
-2.92405063291139,-2.0126582278481,-0.250548793493662
-2.84810126582278,-2.0126582278481,-0.253133351678022
-2.77215189873418,-2.0126582278481,-0.257200864467457
-2.69620253164557,-2.0126582278481,-0.262902237783282
-2.62025316455696,-2.0126582278481,-0.270370315355888
-2.54430379746835,-2.0126582278481,-0.279713814138848
-2.46835443037975,-2.0126582278481,-0.291011228762923
-2.39240506329114,-2.0126582278481,-0.304304906811468
-2.31645569620253,-2.0126582278481,-0.319595513903273
-2.24050632911392,-2.0126582278481,-0.336837117963685
-2.16455696202532,-2.0126582278481,-0.355933124461746
-2.08860759493671,-2.0126582278481,-0.376733287844037
-2.0126582278481,-2.0126582278481,-0.399032008272996
-1.93670886075949,-2.0126582278481,-0.422568096822436
-1.86075949367089,-2.0126582278481,-0.447026156664033
-1.78481012658228,-2.0126582278481,-0.472039683119604
-1.70886075949367,-2.0126582278481,-0.497195932844947
-1.63291139240506,-2.0126582278481,-0.522042553395197
-1.55696202531646,-2.0126582278481,-0.546095900958785
-1.48101265822785,-2.0126582278481,-0.568850908451995
-1.40506329113924,-2.0126582278481,-0.589792301024224
-1.32911392405063,-2.0126582278481,-0.608406894087511
-1.25316455696203,-2.0126582278481,-0.624196653050952
-1.17721518987342,-2.0126582278481,-0.636692146725337
-1.10126582278481,-2.0126582278481,-0.645465990360539
-1.0253164556962,-2.0126582278481,-0.650145851631906
-0.949367088607595,-2.0126582278481,-0.650426585273089
-0.873417721518987,-2.0126582278481,-0.646081070555159
-0.79746835443038,-2.0126582278481,-0.636969350870552
-0.721518987341772,-2.0126582278481,-0.623045716020388
-0.645569620253164,-2.0126582278481,-0.60436342442089
-0.569620253164557,-2.0126582278481,-0.581076832623565
-0.493670886075949,-2.0126582278481,-0.553440780910318
-0.417721518987342,-2.0126582278481,-0.521807173334798
-0.341772151898734,-2.0126582278481,-0.48661878504024
-0.265822784810127,-2.0126582278481,-0.448400425291727
-0.189873417721519,-2.0126582278481,-0.407747677576839
-0.113924050632911,-2.0126582278481,-0.365313524546922
-0.0379746835443036,-2.0126582278481,-0.32179324189851
0.037974683544304,-2.0126582278481,-0.277908008319318
0.113924050632912,-2.0126582278481,-0.234387725670907
0.189873417721519,-2.0126582278481,-0.191953572640989
0.265822784810127,-2.0126582278481,-0.151300824926101
0.341772151898734,-2.0126582278481,-0.113082465177589
0.417721518987342,-2.0126582278481,-0.0778940768830299
0.493670886075949,-2.0126582278481,-0.0462604693075108
0.569620253164557,-2.0126582278481,-0.018624417594263
0.645569620253164,-2.0126582278481,0.0046621742030612
0.721518987341772,-2.0126582278481,0.0233444658025596
0.79746835443038,-2.0126582278481,0.037268100652724
0.873417721518988,-2.0126582278481,0.0463798203373302
0.949367088607595,-2.0126582278481,0.0507253350552606
1.0253164556962,-2.0126582278481,0.0504446014140771
1.10126582278481,-2.0126582278481,0.0457647401427104
1.17721518987342,-2.0126582278481,0.0369908965075084
1.25316455696203,-2.0126582278481,0.0244954028331236
1.32911392405063,-2.0126582278481,0.00870564386968253
1.40506329113924,-2.0126582278481,-0.00990894919360402
1.48101265822785,-2.0126582278481,-0.0308503417658333
1.55696202531646,-2.0126582278481,-0.0536053492590435
1.63291139240506,-2.0126582278481,-0.0776586968226312
1.70886075949367,-2.0126582278481,-0.102505317372881
1.78481012658228,-2.0126582278481,-0.127661567098225
1.86075949367089,-2.0126582278481,-0.152675093553796
1.93670886075949,-2.0126582278481,-0.177133153395392
2.0126582278481,-2.0126582278481,-0.200669241944833
2.08860759493671,-2.0126582278481,-0.222967962373792
2.16455696202532,-2.0126582278481,-0.243768125756082
2.24050632911392,-2.0126582278481,-0.262864132254143
2.31645569620253,-2.0126582278481,-0.280105736314555
2.39240506329114,-2.0126582278481,-0.29539634340636
2.46835443037975,-2.0126582278481,-0.308690021454905
2.54430379746835,-2.0126582278481,-0.31998743607898
2.62025316455696,-2.0126582278481,-0.32933093486194
2.69620253164557,-2.0126582278481,-0.336799012434546
2.77215189873418,-2.0126582278481,-0.342500385750371
2.84810126582278,-2.0126582278481,-0.346567898539807
2.92405063291139,-2.0126582278481,-0.349152456724167
3,-2.0126582278481,-0.350417173911951
-3,-1.93670886075949,-0.211723707816132
-2.92405063291139,-1.93670886075949,-0.213066617836576
-2.84810126582278,-1.93670886075949,-0.215810969789504
-2.77215189873418,-1.93670886075949,-0.220129962000551
-2.69620253164557,-1.93670886075949,-0.226183830351567
-2.62025316455696,-1.93670886075949,-0.234113631814356
-2.54430379746835,-1.93670886075949,-0.244034804913637
-2.46835443037975,-1.93670886075949,-0.256030697315763
-2.39240506329114,-1.93670886075949,-0.270146274800106
-2.31645569620253,-1.93670886075949,-0.286382244138224
-2.24050632911392,-1.93670886075949,-0.304689833443481
-2.16455696202532,-1.93670886075949,-0.324966476098775
-2.08860759493671,-1.93670886075949,-0.347052637418277
-2.0126582278481,-1.93670886075949,-0.370730006079322
-1.93670886075949,-1.93670886075949,-0.395721244800822
-1.86075949367089,-1.93670886075949,-0.421691456923456
-1.78481012658228,-1.93670886075949,-0.448251478126834
-1.70886075949367,-1.93670886075949,-0.474963046657141
-1.63291139240506,-1.93670886075949,-0.501345842774237
-1.55696202531646,-1.93670886075949,-0.526886320740663
-1.48101265822785,-1.93670886075949,-0.551048187024339
-1.40506329113924,-1.93670886075949,-0.573284309217449
-1.32911392405063,-1.93670886075949,-0.593049774408106
-1.25316455696203,-1.93670886075949,-0.609815756350321
-1.17721518987342,-1.93670886075949,-0.623083800643389
-1.10126582278481,-1.93670886075949,-0.632400098903053
-1.0253164556962,-1.93670886075949,-0.637369298860409
-0.949367088607595,-1.93670886075949,-0.637667389234655
-0.873417721518987,-1.93670886075949,-0.633053207253844
-0.79746835443038,-1.93670886075949,-0.623378143305854
-0.721518987341772,-1.93670886075949,-0.608593661097585
-0.645569620253164,-1.93670886075949,-0.588756311818117
-0.569620253164557,-1.93670886075949,-0.564029995319326
-0.493670886075949,-1.93670886075949,-0.534685307724584
-0.417721518987342,-1.93670886075949,-0.501095910026604
-0.341772151898734,-1.93670886075949,-0.463731952534395
-0.265822784810127,-1.93670886075949,-0.423150691548192
-0.189873417721519,-1.93670886075949,-0.379984533301738
-0.113924050632911,-1.93670886075949,-0.334926831972665
-0.0379746835443036,-1.93670886075949,-0.288715849607905
0.037974683544304,-1.93670886075949,-0.24211735273267
0.113924050632912,-1.93670886075949,-0.195906370367911
0.189873417721519,-1.93670886075949,-0.150848669038837
0.265822784810127,-1.93670886075949,-0.107682510792384
0.341772151898734,-1.93670886075949,-0.0671012498061803
0.417721518987342,-1.93670886075949,-0.0297372923139717
0.493670886075949,-1.93670886075949,0.00385210538400893
0.569620253164557,-1.93670886075949,0.0331967929787501
0.645569620253164,-1.93670886075949,0.0579231094775416
0.721518987341772,-1.93670886075949,0.0777604587570095
0.79746835443038,-1.93670886075949,0.092544940965279
0.873417721518988,-1.93670886075949,0.102220004913269
0.949367088607595,-1.93670886075949,0.106834186894079
1.0253164556962,-1.93670886075949,0.106536096519834
1.10126582278481,-1.93670886075949,0.101566896562477
1.17721518987342,-1.93670886075949,0.0922505983028131
1.25316455696203,-1.93670886075949,0.0789825540097453
1.32911392405063,-1.93670886075949,0.06221657206753
1.40506329113924,-1.93670886075949,0.0424511068768736
1.48101265822785,-1.93670886075949,0.0202149846837633
1.55696202531646,-1.93670886075949,-0.00394688159991258
1.63291139240506,-1.93670886075949,-0.0294873595663382
1.70886075949367,-1.93670886075949,-0.055870155683435
1.78481012658228,-1.93670886075949,-0.0825817242137411
1.86075949367089,-1.93670886075949,-0.109141745417119
1.93670886075949,-1.93670886075949,-0.135111957539754
2.0126582278481,-1.93670886075949,-0.160103196261253
2.08860759493671,-1.93670886075949,-0.183780564922298
2.16455696202532,-1.93670886075949,-0.2058667262418
2.24050632911392,-1.93670886075949,-0.226143368897094
2.31645569620253,-1.93670886075949,-0.244450958202352
2.39240506329114,-1.93670886075949,-0.26068692754047
2.46835443037975,-1.93670886075949,-0.274802505024812
2.54430379746835,-1.93670886075949,-0.286798397426939
2.62025316455696,-1.93670886075949,-0.29671957052622
2.69620253164557,-1.93670886075949,-0.304649371989009
2.77215189873418,-1.93670886075949,-0.310703240340024
2.84810126582278,-1.93670886075949,-0.315022232551071
2.92405063291139,-1.93670886075949,-0.317766584503999
3,-1.93670886075949,-0.319109494524443
-3,-1.86075949367089,-0.172250005615779
-2.92405063291139,-1.86075949367089,-0.173672656541027
-2.84810126582278,-1.86075949367089,-0.176579965880897
-2.77215189873418,-1.86075949367089,-0.181155416336733
-2.69620253164557,-1.86075949367089,-0.187568758466728
-2.62025316455696,-1.86075949367089,-0.195969425090949
-2.54430379746835,-1.86075949367089,-0.206479709379823
-2.46835443037975,-1.86075949367089,-0.219187908116345
-2.39240506329114,-1.86075949367089,-0.234141657111291
-2.31645569620253,-1.86075949367089,-0.251341705103745
-2.24050632911392,-1.86075949367089,-0.270736384172105
-2.16455696202532,-1.86075949367089,-0.292217037376966
-2.08860759493671,-1.86075949367089,-0.315614656992607
-2.0126582278481,-1.86075949367089,-0.340697968547578
-1.93670886075949,-1.86075949367089,-0.367173166698603
-1.86075949367089,-1.86075949367089,-0.394685468895108
-1.78481012658228,-1.86075949367089,-0.42282260255587
-1.70886075949367,-1.86075949367089,-0.451120282300578
-1.63291139240506,-1.86075949367089,-0.479069667393575
-1.55696202531646,-1.86075949367089,-0.506126718169186
-1.48101265822785,-1.86075949367089,-0.53172329642157
-1.40506329113924,-1.86075949367089,-0.555279781465528
-1.32911392405063,-1.86075949367089,-0.57621890390365
-1.25316455696203,-1.86075949367089,-0.593980436217564
-1.17721518987342,-1.86075949367089,-0.60803632618965
-1.10126582278481,-1.86075949367089,-0.617905818662885
-1.0253164556962,-1.86075949367089,-0.623170085672183
-0.949367088607595,-1.86075949367089,-0.62348587641041
-0.873417721518987,-1.86075949367089,-0.618597708056363
-0.79746835443038,-1.86075949367089,-0.60834814668002
-0.721518987341772,-1.86075949367089,-0.592685773942669
-0.645569620253164,-1.86075949367089,-0.571670498997007
-0.569620253164557,-1.86075949367089,-0.545475953934809
-0.493670886075949,-1.86075949367089,-0.514388802657176
-0.417721518987342,-1.86075949367089,-0.478804893842662
-0.341772151898734,-1.86075949367089,-0.439222294943245
-0.265822784810127,-1.86075949367089,-0.396231351685042
-0.189873417721519,-1.86075949367089,-0.350502022069612
-0.113924050632911,-1.86075949367089,-0.302768831081737
-0.0379746835443036,-1.86075949367089,-0.253813878168259
0.037974683544304,-1.86075949367089,-0.204448400447843
0.113924050632912,-1.86075949367089,-0.155493447534365
0.189873417721519,-1.86075949367089,-0.10776025654649
0.265822784810127,-1.86075949367089,-0.0620309269310602
0.341772151898734,-1.86075949367089,-0.0190399836728574
0.417721518987342,-1.86075949367089,0.0205426152265593
0.493670886075949,-1.86075949367089,0.0561265240410742
0.569620253164557,-1.86075949367089,0.0872136753187069
0.645569620253164,-1.86075949367089,0.113408220380905
0.721518987341772,-1.86075949367089,0.134423495326567
0.79746835443038,-1.86075949367089,0.150085868063918
0.873417721518988,-1.86075949367089,0.160335429440261
0.949367088607595,-1.86075949367089,0.165223597794307
1.0253164556962,-1.86075949367089,0.164907807056081
1.10126582278481,-1.86075949367089,0.159643540046783
1.17721518987342,-1.86075949367089,0.149774047573548
1.25316455696203,-1.86075949367089,0.135718157601462
1.32911392405063,-1.86075949367089,0.117956625287548
1.40506329113924,-1.86075949367089,0.0970175028494258
1.48101265822785,-1.86075949367089,0.0734610178054674
1.55696202531646,-1.86075949367089,0.047864439553083
1.63291139240506,-1.86075949367089,0.0208073887774732
1.70886075949367,-1.86075949367089,-0.00714199631552448
1.78481012658228,-1.86075949367089,-0.035439676060232
1.86075949367089,-1.86075949367089,-0.0635768097209945
1.93670886075949,-1.86075949367089,-0.0910891119174995
2.0126582278481,-1.86075949367089,-0.117564310068524
2.08860759493671,-1.86075949367089,-0.142647621623495
2.16455696202532,-1.86075949367089,-0.166045241239136
2.24050632911392,-1.86075949367089,-0.187525894443997
2.31645569620253,-1.86075949367089,-0.206920573512358
2.39240506329114,-1.86075949367089,-0.224120621504811
2.46835443037975,-1.86075949367089,-0.239074370499758
2.54430379746835,-1.86075949367089,-0.25178256923628
2.62025316455696,-1.86075949367089,-0.262292853525154
2.69620253164557,-1.86075949367089,-0.270693520149374
2.77215189873418,-1.86075949367089,-0.277106862279369
2.84810126582278,-1.86075949367089,-0.281682312735205
2.92405063291139,-1.86075949367089,-0.284589622075075
3,-1.86075949367089,-0.286012273000323
-3,-1.78481012658228,-0.131127538906138
-2.92405063291139,-1.78481012658228,-0.132631192267356
-2.84810126582278,-1.78481012658228,-0.135704037041442
-2.77215189873418,-1.78481012658228,-0.14054000300815
-2.69620253164557,-1.78481012658228,-0.14731850592778
-2.62025316455696,-1.78481012658228,-0.156197486977738
-2.54430379746835,-1.78481012658228,-0.16730620241724
-2.46835443037975,-1.78481012658228,-0.180737976442809
-2.39240506329114,-1.78481012658228,-0.196543157137535
-2.31645569620253,-1.78481012658228,-0.214722535871961
-2.24050632911392,-1.78481012658228,-0.235221502873163
-2.16455696202532,-1.78481012658228,-0.257925214528234
-2.08860759493671,-1.78481012658228,-0.282655040204499
-2.0126582278481,-1.78481012658228,-0.309166537199827
-1.93670886075949,-1.78481012658228,-0.337149171577804
-1.86075949367089,-1.78481012658228,-0.366227960294306
-1.78481012658228,-1.78481012658228,-0.395967156925885
-1.70886075949367,-1.78481012658228,-0.425876040762155
-1.63291139240506,-1.78481012658228,-0.455416798859043
-1.55696202531646,-1.78481012658228,-0.48401441519722
-1.48101265822785,-1.78481012658228,-0.511068403102349
-1.40506329113924,-1.78481012658228,-0.535966139635054
-1.32911392405063,-1.78481012658228,-0.558097487020605
-1.25316455696203,-1.78481012658228,-0.576870319688285
-1.17721518987342,-1.78481012658228,-0.591726519354943
-1.10126582278481,-1.78481012658228,-0.602157957782686
-1.0253164556962,-1.78481012658228,-0.607721959915887
-0.949367088607595,-1.78481012658228,-0.608055731044524
-0.873417721518987,-1.78481012658228,-0.602889241749562
-0.79746835443038,-1.78481012658228,-0.59205609417904
-0.721518987341772,-1.78481012658228,-0.575501942353593
-0.645569620253164,-1.78481012658228,-0.553290106513779
-0.569620253164557,-1.78481012658228,-0.52560410495898
-0.493670886075949,-1.78481012658228,-0.49274692356632
-0.417721518987342,-1.78481012658228,-0.455136949717748
-0.341772151898734,-1.78481012658228,-0.413300609667935
-0.265822784810127,-1.78481012658228,-0.367861862056067
-0.189873417721519,-1.78481012658228,-0.319528810734637
-0.113924050632911,-1.78481012658228,-0.269077802833262
-0.0379746835443036,-1.78481012658228,-0.217335468722879
0.037974683544304,-1.78481012658228,-0.165159235477538
0.113924050632912,-1.78481012658228,-0.113416901367156
0.189873417721519,-1.78481012658228,-0.0629658934657811
0.265822784810127,-1.78481012658228,-0.0146328421443507
0.341772151898734,-1.78481012658228,0.0308059054675171
0.417721518987342,-1.78481012658228,0.0726422455173301
0.493670886075949,-1.78481012658228,0.110252219365902
0.569620253164557,-1.78481012658228,0.143109400758562
0.645569620253164,-1.78481012658228,0.170795402313361
0.721518987341772,-1.78481012658228,0.193007238153176
0.79746835443038,-1.78481012658228,0.209561389978623
0.873417721518988,-1.78481012658228,0.220394537549144
0.949367088607595,-1.78481012658228,0.225561026844106
1.0253164556962,-1.78481012658228,0.225227255715469
1.10126582278481,-1.78481012658228,0.219663253582268
1.17721518987342,-1.78481012658228,0.209231815154525
1.25316455696203,-1.78481012658228,0.194375615487867
1.32911392405063,-1.78481012658228,0.175602782820187
1.40506329113924,-1.78481012658228,0.153471435434636
1.48101265822785,-1.78481012658228,0.128573698901932
1.55696202531646,-1.78481012658228,0.101519710996802
1.63291139240506,-1.78481012658228,0.0729220946586251
1.70886075949367,-1.78481012658228,0.0433813365617369
1.78481012658228,-1.78481012658228,0.0134724527254677
1.86075949367089,-1.78481012658228,-0.0162667439061119
1.93670886075949,-1.78481012658228,-0.0453455326226144
2.0126582278481,-1.78481012658228,-0.0733281670005904
2.08860759493671,-1.78481012658228,-0.0998396639959189
2.16455696202532,-1.78481012658228,-0.124569489672184
2.24050632911392,-1.78481012658228,-0.147273201327255
2.31645569620253,-1.78481012658228,-0.167772168328456
2.39240506329114,-1.78481012658228,-0.185951547062883
2.46835443037975,-1.78481012658228,-0.201756727757609
2.54430379746835,-1.78481012658228,-0.215188501783178
2.62025316455696,-1.78481012658228,-0.22629721722268
2.69620253164557,-1.78481012658228,-0.235176198272637
2.77215189873418,-1.78481012658228,-0.241954701192268
2.84810126582278,-1.78481012658228,-0.246790667158976
2.92405063291139,-1.78481012658228,-0.249863511933061
3,-1.78481012658228,-0.25136716529428
-3,-1.70886075949367,-0.0886330507563008
-2.92405063291139,-1.70886075949367,-0.0902186559174047
-2.84810126582278,-1.70886075949367,-0.0934589762323951
-2.77215189873418,-1.70886075949367,-0.0985585110011803
-2.69620253164557,-1.70886075949367,-0.105706454464169
-2.62025316455696,-1.70886075949367,-0.115069355875666
-2.54430379746835,-1.70886075949367,-0.126783516192398
-2.46835443037975,-1.70886075949367,-0.140947345946659
-2.39240506329114,-1.70886075949367,-0.157613937282196
-2.31645569620253,-1.70886075949367,-0.176784124700662
-2.24050632911392,-1.70886075949367,-0.198400322098752
-2.16455696202532,-1.70886075949367,-0.222341426681073
-2.08860759493671,-1.70886075949367,-0.248419072125702
-2.0126582278481,-1.70886075949367,-0.276375493165664
-1.93670886075949,-1.70886075949367,-0.30588323120912
-1.86075949367089,-1.70886075949367,-0.336546865964784
-1.78481012658228,-1.70886075949367,-0.367906902049097
-1.70886075949367,-1.70886075949367,-0.399445873594513
-1.63291139240506,-1.70886075949367,-0.430596655888768
-1.55696202531646,-1.70886075949367,-0.460752893510139
-1.48101265822785,-1.70886075949367,-0.489281372185602
-1.40506329113924,-1.70886075949367,-0.515536079928925
-1.32911392405063,-1.70886075949367,-0.538873625364445
-1.25316455696203,-1.70886075949367,-0.558669611017873
-1.17721518987342,-1.70886075949367,-0.574335500160534
-1.10126582278481,-1.70886075949367,-0.585335470655969
-1.0253164556962,-1.70886075949367,-0.591202720865584
-0.949367088607595,-1.70886075949367,-0.591554683118216
-0.873417721518987,-1.70886075949367,-0.586106610908116
-0.79746835443038,-1.70886075949367,-0.574683037402519
-0.721518987341772,-1.70886075949367,-0.5572266546689
-0.645569620253164,-1.70886075949367,-0.533804234014277
-0.569620253164557,-1.70886075949367,-0.504609295813865
-0.493670886075949,-1.70886075949367,-0.46996133921747
-0.417721518987342,-1.70886075949367,-0.430301554468313
-0.341772151898734,-1.70886075949367,-0.386185058994305
-0.265822784810127,-1.70886075949367,-0.338269818297418
-0.189873417721519,-1.70886075949367,-0.287302529157688
-0.113924050632911,-1.70886075949367,-0.234101851013039
-0.0379746835443036,-1.70886075949367,-0.179539467069382
0.037974683544304,-1.70886075949367,-0.124519535711184
0.113924050632912,-1.70886075949367,-0.0699571517675267
0.189873417721519,-1.70886075949367,-0.0167564736228786
0.265822784810127,-1.70886075949367,0.0342108155168519
0.341772151898734,-1.70886075949367,0.0821260562137383
0.417721518987342,-1.70886075949367,0.126242551687747
0.493670886075949,-1.70886075949367,0.165902336436904
0.569620253164557,-1.70886075949367,0.200550293033298
0.645569620253164,-1.70886075949367,0.22974523123371
0.721518987341772,-1.70886075949367,0.253167651888334
0.79746835443038,-1.70886075949367,0.270624034621953
0.873417721518988,-1.70886075949367,0.282047608127549
0.949367088607595,-1.70886075949367,0.28749568033765
1.0253164556962,-1.70886075949367,0.287143718085017
1.10126582278481,-1.70886075949367,0.281276467875403
1.17721518987342,-1.70886075949367,0.270276497379968
1.25316455696203,-1.70886075949367,0.254610608237306
1.32911392405063,-1.70886075949367,0.234814622583878
1.40506329113924,-1.70886075949367,0.211477077148358
1.48101265822785,-1.70886075949367,0.185222369405036
1.55696202531646,-1.70886075949367,0.156693890729573
1.63291139240506,-1.70886075949367,0.126537653108202
1.70886075949367,-1.70886075949367,0.0953868708139469
1.78481012658228,-1.70886075949367,0.0638478992685305
1.86075949367089,-1.70886075949367,0.0324878631842175
1.93670886075949,-1.70886075949367,0.00182422842855326
2.0126582278481,-1.70886075949367,-0.0276835096149024
2.08860759493671,-1.70886075949367,-0.0556399306548644
2.16455696202532,-1.70886075949367,-0.0817175760994939
2.24050632911392,-1.70886075949367,-0.105658680681815
2.31645569620253,-1.70886075949367,-0.127274878079904
2.39240506329114,-1.70886075949367,-0.146445065498371
2.46835443037975,-1.70886075949367,-0.163111656833907
2.54430379746835,-1.70886075949367,-0.177275486588169
2.62025316455696,-1.70886075949367,-0.188989646904901
2.69620253164557,-1.70886075949367,-0.198352548316397
2.77215189873418,-1.70886075949367,-0.205500491779386
2.84810126582278,-1.70886075949367,-0.210600026548171
2.92405063291139,-1.70886075949367,-0.213840346863162
3,-1.70886075949367,-0.215425952024266
-3,-1.63291139240506,-0.0450535547779222
-2.92405063291139,-1.63291139240506,-0.0467217248085211
-2.84810126582278,-1.63291139240506,-0.0501307735248137
-2.77215189873418,-1.63291139240506,-0.0554958488159174
-2.69620253164557,-1.63291139240506,-0.0630159965537517
-2.62025316455696,-1.63291139240506,-0.0728664384653043
-2.54430379746835,-1.63291139240506,-0.0851905729051793
-2.46835443037975,-1.63291139240506,-0.100091934791587
-2.39240506329114,-1.63291139240506,-0.117626380856853
-2.31645569620253,-1.63291139240506,-0.137794789056399
-2.24050632911392,-1.63291139240506,-0.16053657469104
-2.16455696202532,-1.63291139240506,-0.185724328958855
-2.08860759493671,-1.63291139240506,-0.213159877017384
-2.0126582278481,-1.63291139240506,-0.242572031370617
-1.93670886075949,-1.63291139240506,-0.273616282160384
-1.86075949367089,-1.63291139240506,-0.305876618960134
-1.78481012658228,-1.63291139240506,-0.338869619763646
-1.70886075949367,-1.63291139240506,-0.372050873469549
-1.63291139240506,-1.63291139240506,-0.404823724320269
-1.55696202531646,-1.63291139240506,-0.436550243046135
-1.48101265822785,-1.63291139240506,-0.466564242944985
-1.40506329113924,-1.63291139240506,-0.494186073205083
-1.32911392405063,-1.63291139240506,-0.518738840084432
-1.25316455696203,-1.63291139240506,-0.53956563278371
-1.17721518987342,-1.63291139240506,-0.556047268572711
-1.10126582278481,-1.63291139240506,-0.567620024242339
-1.0253164556962,-1.63291139240506,-0.573792791083543
-0.949367088607595,-1.63291139240506,-0.574163080545351
-0.873417721518987,-1.63291139240506,-0.568431318938885
-0.79746835443038,-1.63291139240506,-0.556412902606843
-0.721518987341772,-1.63291139240506,-0.538047539505593
-0.645569620253164,-1.63291139240506,-0.513405477825545
-0.569620253164557,-1.63291139240506,-0.482690314841836
-0.493670886075949,-1.63291139240506,-0.446238186510366
-0.417721518987342,-1.63291139240506,-0.40451325652055
-0.341772151898734,-1.63291139240506,-0.358099548108072
-0.265822784810127,-1.63291139240506,-0.307689288038134
-0.189873417721519,-1.63291139240506,-0.254068054726444
-0.113924050632911,-1.63291139240506,-0.19809713645152
-0.0379746835443036,-1.63291139240506,-0.140693606288009
0.037974683544304,-1.63291139240506,-0.0828087035210056
0.113924050632912,-1.63291139240506,-0.0254051733574952
0.189873417721519,-1.63291139240506,0.0305657449174292
0.265822784810127,-1.63291139240506,0.0841869782291191
0.341772151898734,-1.63291139240506,0.134597238299057
0.417721518987342,-1.63291139240506,0.181010946711535
0.493670886075949,-1.63291139240506,0.22273587670135
0.569620253164557,-1.63291139240506,0.259188005032821
0.645569620253164,-1.63291139240506,0.28990316801653
0.721518987341772,-1.63291139240506,0.314545229696578
0.79746835443038,-1.63291139240506,0.332910592797828
0.873417721518988,-1.63291139240506,0.34492900912987
0.949367088607595,-1.63291139240506,0.350660770736336
1.0253164556962,-1.63291139240506,0.350290481274528
1.10126582278481,-1.63291139240506,0.344117714433324
1.17721518987342,-1.63291139240506,0.332544958763695
1.25316455696203,-1.63291139240506,0.316063322974695
1.32911392405063,-1.63291139240506,0.295236530275417
1.40506329113924,-1.63291139240506,0.270683763396067
1.48101265822785,-1.63291139240506,0.24306193313597
1.55696202531646,-1.63291139240506,0.213047933237119
1.63291139240506,-1.63291139240506,0.181321414511254
1.70886075949367,-1.63291139240506,0.148548563660534
1.78481012658228,-1.63291139240506,0.115367309954631
1.86075949367089,-1.63291139240506,0.0823743091511184
1.93670886075949,-1.63291139240506,0.0501139723513691
2.0126582278481,-1.63291139240506,0.019069721561602
2.08860759493671,-1.63291139240506,-0.0103424327916316
2.16455696202532,-1.63291139240506,-0.0377779808501604
2.24050632911392,-1.63291139240506,-0.0629657351179754
2.31645569620253,-1.63291139240506,-0.0857075207526159
2.39240506329114,-1.63291139240506,-0.105875928952162
2.46835443037975,-1.63291139240506,-0.123410375017428
2.54430379746835,-1.63291139240506,-0.138311736903836
2.62025316455696,-1.63291139240506,-0.150635871343711
2.69620253164557,-1.63291139240506,-0.160486313255263
2.77215189873418,-1.63291139240506,-0.168006460993098
2.84810126582278,-1.63291139240506,-0.173371536284201
2.92405063291139,-1.63291139240506,-0.176780585000494
3,-1.63291139240506,-0.178448755031093
-3,-1.55696202531646,-0.000684352137631336
-2.92405063291139,-1.55696202531646,-0.0024353415540613
-2.84810126582278,-1.55696202531646,-0.00601363879764569
-2.77215189873418,-1.55696202531646,-0.0116450731722937
-2.69620253164557,-1.55696202531646,-0.0195385725502975
-2.62025316455696,-1.55696202531646,-0.0298780578652889
-2.54430379746835,-1.55696202531646,-0.0428140467483484
-2.46835443037975,-1.55696202531646,-0.0584552143001505
-2.39240506329114,-1.55696202531646,-0.0768601903637822
-2.31645569620253,-1.55696202531646,-0.0980298964823877
-2.24050632911392,-1.55696202531646,-0.12190074011736
-2.16455696202532,-1.55696202531646,-0.148338987021212
-2.08860759493671,-1.55696202531646,-0.17713662359498
-2.0126582278481,-1.55696202531646,-0.208008998737953
-1.93670886075949,-1.55696202531646,-0.240594498763009
-1.86075949367089,-1.55696202531646,-0.274456459636712
-1.78481012658228,-1.55696202531646,-0.309087458973436
-1.70886075949367,-1.55696202531646,-0.343916057375994
-1.63291139240506,-1.55696202531646,-0.378315977008433
-1.55696202531646,-1.55696202531646,-0.411617617422877
-1.48101265822785,-1.55696202531646,-0.44312171784647
-1.40506329113924,-1.55696202531646,-0.472114884946162
-1.32911392405063,-1.55696202531646,-0.497886619338475
-1.25316455696203,-1.55696202531646,-0.519747396672739
-1.17721518987342,-1.55696202531646,-0.537047293747159
-1.10126582278481,-1.55696202531646,-0.549194600271527
-1.0253164556962,-1.55696202531646,-0.555673825536805
-0.949367088607595,-1.55696202531646,-0.556062498703657
-0.873417721518987,-1.55696202531646,-0.550046173193471
-0.79746835443038,-1.55696202531646,-0.53743108035902
-0.721518987341772,-1.55696202531646,-0.51815393484668
-0.645569620253164,-1.55696202531646,-0.49228847244817
-0.569620253164557,-1.55696202531646,-0.460048398401829
-0.493670886075949,-1.55696202531646,-0.421786536754649
-0.417721518987342,-1.55696202531646,-0.377990095460702
-0.341772151898734,-1.55696202531646,-0.329272092669143
-0.265822784810127,-1.55696202531646,-0.27635912202295
-0.189873417721519,-1.55696202531646,-0.220075763430913
-0.113924050632911,-1.55696202531646,-0.16132606542077
-0.0379746835443036,-1.55696202531646,-0.101072630855748
0.037974683544304,-1.55696202531646,-0.0403139250542131
0.113924050632912,-1.55696202531646,0.0199395095108085
0.189873417721519,-1.55696202531646,0.0786892075209509
0.265822784810127,-1.55696202531646,0.134972566112988
0.341772151898734,-1.55696202531646,0.187885536759181
0.417721518987342,-1.55696202531646,0.236603539550741
0.493670886075949,-1.55696202531646,0.280399980844687
0.569620253164557,-1.55696202531646,0.318661842491868
0.645569620253164,-1.55696202531646,0.350901916538208
0.721518987341772,-1.55696202531646,0.376767378936718
0.79746835443038,-1.55696202531646,0.396044524449059
0.873417721518988,-1.55696202531646,0.408659617283509
0.949367088607595,-1.55696202531646,0.414675942793696
1.0253164556962,-1.55696202531646,0.414287269626844
1.10126582278481,-1.55696202531646,0.407808044361565
1.17721518987342,-1.55696202531646,0.395660737837197
1.25316455696203,-1.55696202531646,0.378360840762777
1.32911392405063,-1.55696202531646,0.356500063428513
1.40506329113924,-1.55696202531646,0.3307283290362
1.48101265822785,-1.55696202531646,0.301735161936508
1.55696202531646,-1.55696202531646,0.270231061512915
1.63291139240506,-1.55696202531646,0.236929421098471
1.70886075949367,-1.55696202531646,0.202529501466032
1.78481012658228,-1.55696202531646,0.167700903063474
1.86075949367089,-1.55696202531646,0.13306990372675
1.93670886075949,-1.55696202531646,0.0992079428530468
2.0126582278481,-1.55696202531646,0.0666224428279912
2.08860759493671,-1.55696202531646,0.0357500676850179
2.16455696202532,-1.55696202531646,0.00695243111125041
2.24050632911392,-1.55696202531646,-0.0194858157926022
2.31645569620253,-1.55696202531646,-0.0433566594275742
2.39240506329114,-1.55696202531646,-0.0645263655461797
2.46835443037975,-1.55696202531646,-0.0829313416098114
2.54430379746835,-1.55696202531646,-0.0985725091616135
2.62025316455696,-1.55696202531646,-0.111508498044673
2.69620253164557,-1.55696202531646,-0.121847983359664
2.77215189873418,-1.55696202531646,-0.129741482737668
2.84810126582278,-1.55696202531646,-0.135372917112316
2.92405063291139,-1.55696202531646,-0.138951214355901
3,-1.55696202531646,-0.140702203772331
-3,-1.48101265822785,0.0441730175250333
-2.92405063291139,-1.48101265822785,0.042339332788136
-2.84810126582278,-1.48101265822785,0.038592040555485
-2.77215189873418,-1.48101265822785,0.0326946461093869
-2.69620253164557,-1.48101265822785,0.0244283543806426
-2.62025316455696,-1.48101265822785,0.0136005582605903
-2.54430379746835,-1.48101265822785,5.3631506514374e-05
-2.46835443037975,-1.48101265822785,-0.0163262334646109
-2.39240506329114,-1.48101265822785,-0.0356004354524508
-2.31645569620253,-1.48101265822785,-0.0577699395225744
-2.24050632911392,-1.48101265822785,-0.082768149802768
-2.16455696202532,-1.48101265822785,-0.110455016075643
-2.08860759493671,-1.48101265822785,-0.140612700724415
-2.0126582278481,-1.48101265822785,-0.172943109212467
-1.93670886075949,-1.48101265822785,-0.207067549645657
-1.86075949367089,-1.48101265822785,-0.242528735323249
-1.78481012658228,-1.48101265822785,-0.278795279433334
-1.70886075949367,-1.48101265822785,-0.315268754771927
-1.63291139240506,-1.48101265822785,-0.351293305799257
-1.55696202531646,-1.48101265822785,-0.386167708333402
-1.48101265822785,-1.48101265822785,-0.419159677076539
-1.40506329113924,-1.48101265822785,-0.449522126721388
-1.32911392405063,-1.48101265822785,-0.476511002585016
-1.25316455696203,-1.48101265822785,-0.499404215621265
-1.17721518987342,-1.48101265822785,-0.517521148206692
-1.10126582278481,-1.48101265822785,-0.530242144895273
-1.0253164556962,-1.48101265822785,-0.537027369502789
-0.949367088607595,-1.48101265822785,-0.537434398835468
-0.873417721518987,-1.48101265822785,-0.531133935704899
-0.79746835443038,-1.48101265822785,-0.5179230602033
-0.721518987341772,-1.48101265822785,-0.497735498151099
-0.645569620253164,-1.48101265822785,-0.47064846771682
-0.569620253164557,-1.48101265822785,-0.436885766960042
-0.493670886075949,-1.48101265822785,-0.396816883019693
-0.417721518987342,-1.48101265822785,-0.350952033593667
-0.341772151898734,-1.48101265822785,-0.299933188309531
-0.265822784810127,-1.48101265822785,-0.244521256205657
-0.189873417721519,-1.48101265822785,-0.185579760258779
-0.113924050632911,-1.48101265822785,-0.124055445190007
-0.0379746835443036,-1.48101265822785,-0.0609563754464649
0.037974683544304,-1.48101265822785,0.00267182836590413
0.113924050632912,-1.48101265822785,0.0657708981094461
0.189873417721519,-1.48101265822785,0.127295213178218
0.265822784810127,-1.48101265822785,0.186236709125096
0.341772151898734,-1.48101265822785,0.24164864122897
0.417721518987342,-1.48101265822785,0.292667486513106
0.493670886075949,-1.48101265822785,0.338532335939132
0.569620253164557,-1.48101265822785,0.378601219879481
0.645569620253164,-1.48101265822785,0.412363920636259
0.721518987341772,-1.48101265822785,0.439450951070538
0.79746835443038,-1.48101265822785,0.459638513122739
0.873417721518988,-1.48101265822785,0.472849388624338
0.949367088607595,-1.48101265822785,0.479149851754907
1.0253164556962,-1.48101265822785,0.478742822422228
1.10126582278481,-1.48101265822785,0.471957597814712
1.17721518987342,-1.48101265822785,0.459236601126131
1.25316455696203,-1.48101265822785,0.441119668540704
1.32911392405063,-1.48101265822785,0.418226455504455
1.40506329113924,-1.48101265822785,0.391237579640827
1.48101265822785,-1.48101265822785,0.360875129995978
1.55696202531646,-1.48101265822785,0.327883161252841
1.63291139240506,-1.48101265822785,0.293008758718696
1.70886075949367,-1.48101265822785,0.256984207691366
1.78481012658228,-1.48101265822785,0.220510732352773
1.86075949367089,-1.48101265822785,0.184244188242688
1.93670886075949,-1.48101265822785,0.148783002565095
2.0126582278481,-1.48101265822785,0.114658562131906
2.08860759493671,-1.48101265822785,0.0823281536438536
2.16455696202532,-1.48101265822785,0.0521704689950818
2.24050632911392,-1.48101265822785,0.0244836027222068
2.31645569620253,-1.48101265822785,-0.000514607557986664
2.39240506329114,-1.48101265822785,-0.0226841116281103
2.46835443037975,-1.48101265822785,-0.0419583136159502
2.54430379746835,-1.48101265822785,-0.0583381785870755
2.62025316455696,-1.48101265822785,-0.0718851053411514
2.69620253164557,-1.48101265822785,-0.0827129014612037
2.77215189873418,-1.48101265822785,-0.090979193189948
2.84810126582278,-1.48101265822785,-0.0968765876360461
2.92405063291139,-1.48101265822785,-0.100623879868697
3,-1.48101265822785,-0.102457564605594
-3,-1.40506329113924,0.0892128770931202
-2.92405063291139,-1.40506329113924,0.0872970171309898
-2.84810126582278,-1.40506329113924,0.0833817927685476
-2.77215189873418,-1.40506329113924,0.077220110952246
-2.69620253164557,-1.40506329113924,0.0685833714736873
-2.62025316455696,-1.40506329113924,0.0572703356790932
-2.54430379746835,-1.40506329113924,0.0431163134222664
-2.46835443037975,-1.40506329113924,0.0260023969175232
-2.39240506329114,-1.40506329113924,0.00586443582340402
-2.31645569620253,-1.40506329113924,-0.0172985781743599
-2.24050632911392,-1.40506329113924,-0.0434170647587981
-2.16455696202532,-1.40506329113924,-0.0723446974656151
-2.08860759493671,-1.40506329113924,-0.10385387644635
-2.0126582278481,-1.40506329113924,-0.137633148278207
-1.93670886075949,-1.40506329113924,-0.173286850269902
-1.86075949367089,-1.40506329113924,-0.210337202755428
-1.78481012658228,-1.40506329113924,-0.24822900521593
-1.70886075949367,-1.40506329113924,-0.286337012374892
-1.63291139240506,-1.40506329113924,-0.323975977011622
-1.55696202531646,-1.40506329113924,-0.36041325010113
-1.48101265822785,-1.40506329113924,-0.394883729521594
-1.40506329113924,-1.40506329113924,-0.426606849890254
-1.32911392405063,-1.40506329113924,-0.454805212263889
-1.25316455696203,-1.40506329113924,-0.478724367709818
-1.17721518987342,-1.40506329113924,-0.497653197229208
-1.10126582278481,-1.40506329113924,-0.510944275975538
-1.0253164556962,-1.40506329113924,-0.518033575405275
-0.949367088607595,-1.40506329113924,-0.518458845456446
-0.873417721518987,-1.40506329113924,-0.511876031730701
-0.79746835443038,-1.40506329113924,-0.498073120614677
-0.721518987341772,-1.40506329113924,-0.476980867900462
-0.645569620253164,-1.40506329113924,-0.44867995223169
-0.569620253164557,-1.40506329113924,-0.413404201012452
-0.493670886075949,-1.40506329113924,-0.371539659674523
-0.417721518987342,-1.40506329113924,-0.323619410944554
-0.341772151898734,-1.40506329113924,-0.270314193844151
-0.265822784810127,-1.40506329113924,-0.21241901698745
-0.189873417721519,-1.40506329113924,-0.150836101494696
-0.113924050632911,-1.40506329113924,-0.0865546197514343
-0.0379746835443036,-1.40506329113924,-0.0206278118673913
0.037974683544304,-1.40506329113924,0.0458518428374089
0.113924050632912,-1.40506329113924,0.111778650721452
0.189873417721519,-1.40506329113924,0.176060132464713
0.265822784810127,-1.40506329113924,0.237643047957467
0.341772151898734,-1.40506329113924,0.295538224814168
0.417721518987342,-1.40506329113924,0.348843441914571
0.493670886075949,-1.40506329113924,0.39676369064454
0.569620253164557,-1.40506329113924,0.438628231982469
0.645569620253164,-1.40506329113924,0.473903983201708
0.721518987341772,-1.40506329113924,0.502204898870479
0.79746835443038,-1.40506329113924,0.523297151584694
0.873417721518988,-1.40506329113924,0.537100062700718
0.949367088607595,-1.40506329113924,0.543682876426464
1.0253164556962,-1.40506329113924,0.543257606375292
1.10126582278481,-1.40506329113924,0.536168306945556
1.17721518987342,-1.40506329113924,0.522877228199225
1.25316455696203,-1.40506329113924,0.503948398679835
1.32911392405063,-1.40506329113924,0.480029243233906
1.40506329113924,-1.40506329113924,0.451830880860271
1.48101265822785,-1.40506329113924,0.420107760491611
1.55696202531646,-1.40506329113924,0.385637281071147
1.63291139240506,-1.40506329113924,0.349200007981639
1.70886075949367,-1.40506329113924,0.31156104334491
1.78481012658228,-1.40506329113924,0.273453036185947
1.86075949367089,-1.40506329113924,0.235561233725445
1.93670886075949,-1.40506329113924,0.198510881239919
2.0126582278481,-1.40506329113924,0.162857179248225
2.08860759493671,-1.40506329113924,0.129077907416367
2.16455696202532,-1.40506329113924,0.0975687284356324
2.24050632911392,-1.40506329113924,0.0686410957288152
2.31645569620253,-1.40506329113924,0.0425226091443772
2.39240506329114,-1.40506329113924,0.0193595951466131
2.46835443037975,-1.40506329113924,-0.000778365947505947
2.54430379746835,-1.40506329113924,-0.0178922824522491
2.62025316455696,-1.40506329113924,-0.032046304709076
2.69620253164557,-1.40506329113924,-0.04335934050367
2.77215189873418,-1.40506329113924,-0.0519960799822288
2.84810126582278,-1.40506329113924,-0.0581577617985303
2.92405063291139,-1.40506329113924,-0.0620729861609725
3,-1.40506329113924,-0.0639888461231029
-3,-1.32911392405063,0.134127550178813
-2.92405063291139,-1.32911392405063,0.132130445653925
-2.84810126582278,-1.32911392405063,0.128049191050384
-2.77215189873418,-1.32911392405063,0.121626215008558
-2.69620253164557,-1.32911392405063,0.112623223227399
-2.62025316455696,-1.32911392405063,0.100830443263209
-2.54430379746835,-1.32911392405063,0.0860762010674255
-2.46835443037975,-1.32911392405063,0.0682365464132433
-2.39240506329114,-1.32911392405063,0.0472446085795582
-2.31645569620253,-1.32911392405063,0.0230993364932083
-2.24050632911392,-1.32911392405063,-0.00412673888393469
-2.16455696202532,-1.32911392405063,-0.0342810859213072
-2.08860759493671,-1.32911392405063,-0.0671264530993777
-2.0126582278481,-1.32911392405063,-0.102338179403118
-1.93670886075949,-1.32911392405063,-0.13950382354417
-1.86075949367089,-1.32911392405063,-0.178125344981085
-1.78481012658228,-1.32911392405063,-0.217623999186421
-1.70886075949367,-1.32911392405063,-0.257348026534958
-1.63291139240506,-1.32911392405063,-0.296583120995898
-1.55696202531646,-1.32911392405063,-0.334565564598261
-1.48101265822785,-1.32911392405063,-0.370497810057956
-1.40506329113924,-1.32911392405063,-0.403566191090031
-1.32911392405063,-1.32911392405063,-0.432960342126102
-1.25316455696203,-1.32911392405063,-0.457893820833727
-1.17721518987342,-1.32911392405063,-0.47762535227717
-1.10126582278481,-1.32911392405063,-0.491480056707355
-1.0253164556962,-1.32911392405063,-0.498869987208158
-0.949367088607595,-1.32911392405063,-0.499313291395458
-0.873417721518987,-1.32911392405063,-0.492451324791405
-0.79746835443038,-1.32911392405063,-0.478063083066373
-0.721518987341772,-1.32911392405063,-0.456076385620698
-0.645569620253164,-1.32911392405063,-0.426575332382061
-0.569620253164557,-1.32911392405063,-0.389803666513313
-0.493670886075949,-1.32911392405063,-0.34616380421076
-0.417721518987342,-1.32911392405063,-0.296211434275554
-0.341772151898734,-1.32911392405063,-0.240645739300132
-0.265822784810127,-1.32911392405063,-0.180295441285057
-0.189873417721519,-1.32911392405063,-0.116101021224404
-0.113924050632911,-1.32911392405063,-0.049093598660371
-0.0379746835443036,-1.32911392405063,0.019628922264514
0.037974683544304,-1.32911392405063,0.0889277342070768
0.113924050632912,-1.32911392405063,0.157650255131962
0.189873417721519,-1.32911392405063,0.224657677695994
0.265822784810127,-1.32911392405063,0.288852097756647
0.341772151898734,-1.32911392405063,0.349202395771722
0.417721518987342,-1.32911392405063,0.404768090747144
0.493670886075949,-1.32911392405063,0.454720460682351
0.569620253164557,-1.32911392405063,0.498360322984904
0.645569620253164,-1.32911392405063,0.535131988853652
0.721518987341772,-1.32911392405063,0.564633042092289
0.79746835443038,-1.32911392405063,0.586619739537964
0.873417721518988,-1.32911392405063,0.601007981262995
0.949367088607595,-1.32911392405063,0.607869947867049
1.0253164556962,-1.32911392405063,0.607426643679748
1.10126582278481,-1.32911392405063,0.600036713178945
1.17721518987342,-1.32911392405063,0.58618200874876
1.25316455696203,-1.32911392405063,0.566450477305317
1.32911392405063,-1.32911392405063,0.541516998597692
1.40506329113924,-1.32911392405063,0.512122847561621
1.48101265822785,-1.32911392405063,0.479054466529547
1.55696202531646,-1.32911392405063,0.443122221069851
1.63291139240506,-1.32911392405063,0.405139777467488
1.70886075949367,-1.32911392405063,0.365904683006549
1.78481012658228,-1.32911392405063,0.326180655658012
1.86075949367089,-1.32911392405063,0.286682001452675
1.93670886075949,-1.32911392405063,0.24806048001576
2.0126582278481,-1.32911392405063,0.210894835874709
2.08860759493671,-1.32911392405063,0.175683109570968
2.16455696202532,-1.32911392405063,0.142837742392898
2.24050632911392,-1.32911392405063,0.112683395355525
2.31645569620253,-1.32911392405063,0.0854573199783821
2.39240506329114,-1.32911392405063,0.0613120478920321
2.46835443037975,-1.32911392405063,0.0403201100583471
2.54430379746835,-1.32911392405063,0.0224804554041649
2.62025316455696,-1.32911392405063,0.00772621320838117
2.69620253164557,-1.32911392405063,-0.00406656675580909
2.77215189873418,-1.32911392405063,-0.0130695585369673
2.84810126582278,-1.32911392405063,-0.0194925345787932
2.92405063291139,-1.32911392405063,-0.0235737891823347
3,-1.32911392405063,-0.0255708937072229
-3,-1.25316455696203,0.178609521416265
-2.92405063291139,-1.25316455696203,0.176532524879906
-2.84810126582278,-1.25316455696203,0.172288004089974
-2.77215189873418,-1.25316455696203,0.165608083822537
-2.69620253164557,-1.25316455696203,0.156244937070176
-2.62025316455696,-1.25316455696203,0.14398039966894
-2.54430379746835,-1.25316455696203,0.128635929935209
-2.46835443037975,-1.25316455696203,0.110082619147106
-2.39240506329114,-1.25316455696203,0.0882509214924885
-2.31645569620253,-1.25316455696203,0.0631397438511468
-2.24050632911392,-1.25316455696203,0.0348245187078151
-2.16455696202532,-1.25316455696203,0.0034638795563432
-2.08860759493671,-1.25316455696203,-0.0306954310927135
-2.0126582278481,-1.25316455696203,-0.0673157645107578
-1.93670886075949,-1.25316455696203,-0.10596818014075
-1.86075949367089,-1.25316455696203,-0.146134713866809
-1.78481012658228,-1.25316455696203,-0.18721346911119
-1.70886075949367,-1.25316455696203,-0.228526613308167
-1.63291139240506,-1.25316455696203,-0.26933126538498
-1.55696202531646,-1.25316455696203,-0.308833155657336
-1.48101265822785,-1.25316455696203,-0.346202831822667
-1.40506329113924,-1.25316455696203,-0.380594077754306
-1.32911392405063,-1.25316455696203,-0.411164110083761
-1.25316455696203,-1.25316455696203,-0.437095025701719
-1.17721518987342,-1.25316455696203,-0.45761589576854
-1.10126582278481,-1.25316455696203,-0.472024842699038
-1.0253164556962,-1.25316455696203,-0.479710399395156
-0.949367088607595,-1.25316455696203,-0.480171437488106
-0.873417721518987,-1.25316455696203,-0.473034965314709
-0.79746835443038,-1.25316455696203,-0.458071137505617
-0.721518987341772,-1.25316455696203,-0.435204885954162
-0.645569620253164,-1.25316455696203,-0.404523674914884
-0.569620253164557,-1.25316455696203,-0.366280998232843
-0.493670886075949,-1.25316455696203,-0.320895370330036
-0.417721518987342,-1.25316455696203,-0.26894470973847
-0.341772151898734,-1.25316455696203,-0.211156169095714
-0.265822784810127,-1.25316455696203,-0.148391622531702
-0.189873417721519,-1.25316455696203,-0.0816291739678156
-0.113924050632911,-1.25316455696203,-0.0119411917708733
-0.0379746835443036,-1.25316455696203,0.0595304994461086
0.037974683544304,-1.25316455696203,0.131601535581063
0.113924050632912,-1.25316455696203,0.203073226798045
0.189873417721519,-1.25316455696203,0.272761208994987
0.265822784810127,-1.25316455696203,0.339523657558873
0.341772151898734,-1.25316455696203,0.402288204122885
0.417721518987342,-1.25316455696203,0.460076744765641
0.493670886075949,-1.25316455696203,0.512027405357207
0.569620253164557,-1.25316455696203,0.557413033260014
0.645569620253164,-1.25316455696203,0.595655709942056
0.721518987341772,-1.25316455696203,0.626336920981334
0.79746835443038,-1.25316455696203,0.649203172532788
0.873417721518988,-1.25316455696203,0.66416700034188
0.949367088607595,-1.25316455696203,0.671303472515278
1.0253164556962,-1.25316455696203,0.670842434422327
1.10126582278481,-1.25316455696203,0.66315687772621
1.17721518987342,-1.25316455696203,0.648747930795711
1.25316455696203,-1.25316455696203,0.62822706072889
1.32911392405063,-1.25316455696203,0.602296145110933
1.40506329113924,-1.25316455696203,0.571726112781477
1.48101265822785,-1.25316455696203,0.537334866849838
1.55696202531646,-1.25316455696203,0.499965190684507
1.63291139240506,-1.25316455696203,0.460463300412151
1.70886075949367,-1.25316455696203,0.419658648335338
1.78481012658228,-1.25316455696203,0.378345504138361
1.86075949367089,-1.25316455696203,0.33726674889398
1.93670886075949,-1.25316455696203,0.297100215167921
2.0126582278481,-1.25316455696203,0.258447799537929
2.08860759493671,-1.25316455696203,0.221827466119884
2.16455696202532,-1.25316455696203,0.187668155470828
2.24050632911392,-1.25316455696203,0.156307516319356
2.31645569620253,-1.25316455696203,0.127992291176024
2.39240506329114,-1.25316455696203,0.102881113534683
2.46835443037975,-1.25316455696203,0.0810494158800651
2.54430379746835,-1.25316455696203,0.062496105091962
2.62025316455696,-1.25316455696203,0.0471516353582307
2.69620253164557,-1.25316455696203,0.0348870979569955
2.77215189873418,-1.25316455696203,0.0255239512046336
2.84810126582278,-1.25316455696203,0.0188440309371973
2.92405063291139,-1.25316455696203,0.0145995101472653
3,-1.25316455696203,0.0125225136109063
-3,-1.17721518987342,0.222353603399131
-2.92405063291139,-1.17721518987342,0.220198497123912
-2.84810126582278,-1.17721518987342,0.215794352374727
-2.77215189873418,-1.17721518987342,0.208863219927316
-2.69620253164557,-1.17721518987342,0.199147952728466
-2.62025316455696,-1.17721518987342,0.186422182100846
-2.54430379746835,-1.17721518987342,0.170500651932554
-2.46835443037975,-1.17721518987342,0.151249605623334
-2.39240506329114,-1.17721518987342,0.12859688194733
-2.31645569620253,-1.17721518987342,0.102541346675292
-2.24050632911392,-1.17721518987342,0.073161269086132
-2.16455696202532,-1.17721518987342,0.040621248413442
-2.08860759493671,-1.17721518987342,0.00517730642882933
-2.0126582278481,-1.17721518987342,-0.0328202101622198
-1.93670886075949,-1.17721518987342,-0.0729262296082653
-1.86075949367089,-1.17721518987342,-0.114603308684472
-1.78481012658228,-1.17721518987342,-0.157226915250787
-1.70886075949367,-1.17721518987342,-0.200093725449723
-1.63291139240506,-1.17721518987342,-0.242432920633475
-1.55696202531646,-1.17721518987342,-0.283420360967977
-1.48101265822785,-1.17721518987342,-0.322195400885954
-1.40506329113924,-1.17721518987342,-0.357880000557852
-1.32911392405063,-1.17721518987342,-0.38959968200824
-1.25316455696203,-1.17721518987342,-0.416505783194336
-1.17721518987342,-1.17721518987342,-0.43779838290733
-1.10126582278481,-1.17721518987342,-0.45274920800772
-1.0253164556962,-1.17721518987342,-0.460723795915985
-0.949367088607595,-1.17721518987342,-0.461202172297379
-0.873417721518987,-1.17721518987342,-0.453797318367879
-0.79746835443038,-1.17721518987342,-0.438270744948931
-0.721518987341772,-1.17721518987342,-0.414544560842881
-0.645569620253164,-1.17721518987342,-0.382709519577964
-0.569620253164557,-1.17721518987342,-0.343028648158154
-0.493670886075949,-1.17721518987342,-0.295936200103535
-0.417721518987342,-1.17721518987342,-0.24203182776455
-0.341772151898734,-1.17721518987342,-0.182070029853566
-0.265822784810127,-1.17721518987342,-0.116945093054913
-0.189873417721519,-1.17721518987342,-0.0476719049054208
-0.113924050632911,-1.17721518987342,0.024636837603742
-0.0379746835443036,-1.17721518987342,0.0987963691898049
0.037974683544304,-1.17721518987342,0.173577785295718
0.113924050632912,-1.17721518987342,0.247737316881781
0.189873417721519,-1.17721518987342,0.320046059390943
0.265822784810127,-1.17721518987342,0.389319247540435
0.341772151898734,-1.17721518987342,0.454444184339089
0.417721518987342,-1.17721518987342,0.514405982250073
0.493670886075949,-1.17721518987342,0.568310354589057
0.569620253164557,-1.17721518987342,0.615402802643676
0.645569620253164,-1.17721518987342,0.655083674063486
0.721518987341772,-1.17721518987342,0.686918715328403
0.79746835443038,-1.17721518987342,0.710644899434454
0.873417721518988,-1.17721518987342,0.726171472853401
0.949367088607595,-1.17721518987342,0.733576326782902
1.0253164556962,-1.17721518987342,0.733097950401507
1.10126582278481,-1.17721518987342,0.725123362493242
1.17721518987342,-1.17721518987342,0.710172537392852
1.25316455696203,-1.17721518987342,0.688879937679858
1.32911392405063,-1.17721518987342,0.661973836493763
1.40506329113924,-1.17721518987342,0.630254155043374
1.48101265822785,-1.17721518987342,0.594569555371477
1.55696202531646,-1.17721518987342,0.555794515453499
1.63291139240506,-1.17721518987342,0.514807075118997
1.70886075949367,-1.17721518987342,0.472467879935245
1.78481012658228,-1.17721518987342,0.429601069736309
1.86075949367089,-1.17721518987342,0.386977463169994
1.93670886075949,-1.17721518987342,0.345300384093787
2.0126582278481,-1.17721518987342,0.305194364647742
2.08860759493671,-1.17721518987342,0.267196848056693
2.16455696202532,-1.17721518987342,0.23175290607208
2.24050632911392,-1.17721518987342,0.19921288539939
2.31645569620253,-1.17721518987342,0.169832807810231
2.39240506329114,-1.17721518987342,0.143777272538192
2.46835443037975,-1.17721518987342,0.121124548862188
2.54430379746835,-1.17721518987342,0.101873502552968
2.62025316455696,-1.17721518987342,0.0859519723846761
2.69620253164557,-1.17721518987342,0.0732262017570567
2.77215189873418,-1.17721518987342,0.063510934558206
2.84810126582278,-1.17721518987342,0.0565798021107956
2.92405063291139,-1.17721518987342,0.0521756573616103
3,-1.17721518987342,0.0500205510863909
-3,-1.10126582278481,0.265059094616067
-2.92405063291139,-1.10126582278481,0.262828094703738
-2.84810126582278,-1.10126582278481,0.25826885478954
-2.77215189873418,-1.10126582278481,0.251093637464845
-2.69620253164557,-1.10126582278481,0.241036240055669
-2.62025316455696,-1.10126582278481,0.227862322146841
-2.54430379746835,-1.10126582278481,0.211380103697549
-2.46835443037975,-1.10126582278481,0.191451117771441
-2.39240506329114,-1.10126582278481,0.168000661932535
-2.31645569620253,-1.10126582278481,0.141027562008871
-2.24050632911392,-1.10126582278481,0.110612843589025
-2.16455696202532,-1.10126582278481,0.0769269023884828
-2.08860759493671,-1.10126582278481,0.040234776172006
-2.0126582278481,-1.10126582278481,0.000899149359482737
-1.93670886075949,-1.10126582278481,-0.0406192327717608
-1.86075949367089,-1.10126582278481,-0.0837640005422909
-1.78481012658228,-1.10126582278481,-0.127888628457877
-1.70886075949367,-1.10126582278481,-0.172265024599141
-1.63291139240506,-1.10126582278481,-0.216095225378183
-1.55696202531646,-1.10126582278481,-0.258526068276435
-1.48101265822785,-1.10126582278481,-0.298666599466137
-1.40506329113924,-1.10126582278481,-0.335607858305634
-1.32911392405063,-1.10126582278481,-0.368444571440685
-1.25316455696203,-1.10126582278481,-0.396298190576562
-1.17721518987342,-1.10126582278481,-0.418340624696482
-1.10126582278481,-1.10126582278481,-0.433817953991912
-1.0253164556962,-1.10126582278481,-0.442073372821496
-0.949367088607595,-1.10126582278481,-0.442568595575577
-0.873417721518987,-1.10126582278481,-0.434902974321774
-0.79746835443038,-1.10126582278481,-0.418829621311414
-0.721518987341772,-1.10126582278481,-0.394267902351584
-0.645569620253164,-1.10126582278481,-0.361311766922117
-0.569620253164557,-1.10126582278481,-0.3202335047145
-0.493670886075949,-1.10126582278481,-0.271482661802809
-0.417721518987342,-1.10126582278481,-0.215680007731751
-0.341772151898734,-1.10126582278481,-0.153606611435372
-0.265822784810127,-1.10126582278481,-0.0861882525549283
-0.189873417721519,-1.10126582278481,-0.0144755586310305
-0.113924050632911,-1.10126582278481,0.060379588910198
-0.0379746835443036,-1.10126582278481,0.137150702413654
0.037974683544304,-1.10126582278481,0.214565600553264
0.113924050632912,-1.10126582278481,0.29133671405672
0.189873417721519,-1.10126582278481,0.366191861597948
0.265822784810127,-1.10126582278481,0.437904555521846
0.341772151898734,-1.10126582278481,0.50532291440229
0.417721518987342,-1.10126582278481,0.567396310698669
0.493670886075949,-1.10126582278481,0.623198964769726
0.569620253164557,-1.10126582278481,0.671949807681418
0.645569620253164,-1.10126582278481,0.713028069889035
0.721518987341772,-1.10126582278481,0.745984205318502
0.79746835443038,-1.10126582278481,0.770545924278332
0.873417721518988,-1.10126582278481,0.786619277288692
0.949367088607595,-1.10126582278481,0.794284898542495
1.0253164556962,-1.10126582278481,0.793789675788414
1.10126582278481,-1.10126582278481,0.78553425695883
1.17721518987342,-1.10126582278481,0.7700569276634
1.25316455696203,-1.10126582278481,0.748014493543479
1.32911392405063,-1.10126582278481,0.720160874407603
1.40506329113924,-1.10126582278481,0.687324161272552
1.48101265822785,-1.10126582278481,0.650382902433055
1.55696202531646,-1.10126582278481,0.610242371243353
1.63291139240506,-1.10126582278481,0.567811528345101
1.70886075949367,-1.10126582278481,0.523981327566058
1.78481012658228,-1.10126582278481,0.479604931424795
1.86075949367089,-1.10126582278481,0.435480303509209
1.93670886075949,-1.10126582278481,0.392335535738678
2.0126582278481,-1.10126582278481,0.350817153607435
2.08860759493671,-1.10126582278481,0.311481526794912
2.16455696202532,-1.10126582278481,0.274789400578435
2.24050632911392,-1.10126582278481,0.241103459377892
2.31645569620253,-1.10126582278481,0.210688740958047
2.39240506329114,-1.10126582278481,0.183715641034383
2.46835443037975,-1.10126582278481,0.160265185195477
2.54430379746835,-1.10126582278481,0.140336199269369
2.62025316455696,-1.10126582278481,0.123853980820077
2.69620253164557,-1.10126582278481,0.110680062911249
2.77215189873418,-1.10126582278481,0.100622665502073
2.84810126582278,-1.10126582278481,0.0934474481773776
2.92405063291139,-1.10126582278481,0.0888882082631803
3,-1.10126582278481,0.0866572083508511
-3,-1.0253164556962,0.306431912649217
-2.92405063291139,-1.0253164556962,0.304127669221194
-2.84810126582278,-1.0253164556962,0.299418749892686
-2.77215189873418,-1.0253164556962,0.292007970863205
-2.69620253164557,-1.0253164556962,0.28162039005021
-2.62025316455696,-1.0253164556962,0.268013973664908
-2.54430379746835,-1.0253164556962,0.25099064554592
-2.46835443037975,-1.0253164556962,0.230407392900498
-2.39240506329114,-1.0253164556962,0.206187060818764
-2.31645569620253,-1.0253164556962,0.178328436580806
-2.24050632911392,-1.0253164556962,0.146915205837594
-2.16455696202532,-1.0253164556962,0.112123358379803
-2.08860759493671,-1.0253164556962,0.0742266331368961
-2.0126582278481,-1.0253164556962,0.0335996214238953
-1.93670886075949,-1.0253164556962,-0.00928180525808306
-1.86075949367089,-1.0253164556962,-0.0538430116657557
-1.78481012658228,-1.0253164556962,-0.099416246934187
-1.70886075949367,-1.0253164556962,-0.145249515955284
-1.63291139240506,-1.0253164556962,-0.190518658072181
-1.55696202531646,-1.0253164556962,-0.234342501521676
-1.48101265822785,-1.0253164556962,-0.275800842546279
-1.40506329113924,-1.0253164556962,-0.31395487941261
-1.32911392405063,-1.0253164556962,-0.347869618727999
-1.25316455696203,-1.0253164556962,-0.376637669540462
-1.17721518987342,-1.0253164556962,-0.399403754683611
-1.10126582278481,-1.0253164556962,-0.415389203233047
-1.0253164556962,-1.0253164556962,-0.423915646680453
-0.949367088607595,-1.0253164556962,-0.424427127550619
-0.873417721518987,-1.0253164556962,-0.416509844677513
-0.79746835443038,-1.0253164556962,-0.39990880501107
-0.721518987341772,-1.0253164556962,-0.374540727145465
-0.645569620253164,-1.0253164556962,-0.340502644913051
-0.569620253164557,-1.0253164556962,-0.298075787250083
-0.493670886075949,-1.0253164556962,-0.247724458785644
-0.417721518987342,-1.0253164556962,-0.190089808869766
-0.341772151898734,-1.0253164556962,-0.125978548855579
-0.265822784810127,-1.0253164556962,-0.0563468516422253
-0.189873417721519,-1.0253164556962,0.0177201632270912
-0.113924050632911,-1.0253164556962,0.0950327981681897
-0.0379746835443036,-1.0253164556962,0.174324300052483
0.037974683544304,-1.0253164556962,0.254280721961524
0.113924050632912,-1.0253164556962,0.333572223845817
0.189873417721519,-1.0253164556962,0.410884858786915
0.265822784810127,-1.0253164556962,0.484951873656231
0.341772151898734,-1.0253164556962,0.554583570869585
0.417721518987342,-1.0253164556962,0.618694830883773
0.493670886075949,-1.0253164556962,0.67632948079965
0.569620253164557,-1.0253164556962,0.72668080926409
0.645569620253164,-1.0253164556962,0.769107666927058
0.721518987341772,-1.0253164556962,0.803145749159472
0.79746835443038,-1.0253164556962,0.828513827025076
0.873417721518988,-1.0253164556962,0.845114866691519
0.949367088607595,-1.0253164556962,0.853032149564625
1.0253164556962,-1.0253164556962,0.852520668694459
1.10126582278481,-1.0253164556962,0.843994225247053
1.17721518987342,-1.0253164556962,0.828008776697617
1.25316455696203,-1.0253164556962,0.805242691554468
1.32911392405063,-1.0253164556962,0.776474640742006
1.40506329113924,-1.0253164556962,0.742559901426616
1.48101265822785,-1.0253164556962,0.704405864560286
1.55696202531646,-1.0253164556962,0.662947523535682
1.63291139240506,-1.0253164556962,0.619123680086187
1.70886075949367,-1.0253164556962,0.57385453796929
1.78481012658228,-1.0253164556962,0.528021268948193
1.86075949367089,-1.0253164556962,0.482448033679762
1.93670886075949,-1.0253164556962,0.437886827272089
2.0126582278481,-1.0253164556962,0.395005400590111
2.08860759493671,-1.0253164556962,0.35437838887711
2.16455696202532,-1.0253164556962,0.316481663634203
2.24050632911392,-1.0253164556962,0.281689816176412
2.31645569620253,-1.0253164556962,0.2502765854332
2.39240506329114,-1.0253164556962,0.222417961195242
2.46835443037975,-1.0253164556962,0.198197629113508
2.54430379746835,-1.0253164556962,0.177614376468086
2.62025316455696,-1.0253164556962,0.160591048349098
2.69620253164557,-1.0253164556962,0.146984631963796
2.77215189873418,-1.0253164556962,0.136597051150801
2.84810126582278,-1.0253164556962,0.12918627212132
2.92405063291139,-1.0253164556962,0.124477352792812
3,-1.0253164556962,0.122173109364789
-3,-0.949367088607595,0.346186686933939
-2.92405063291139,-0.949367088607595,0.343812280259816
-2.84810126582278,-0.949367088607595,0.338959976312436
-2.77215189873418,-0.949367088607595,0.331323542169211
-2.69620253164557,-0.949367088607595,0.320619663876483
-2.62025316455696,-0.949367088607595,0.306598937818087
-2.54430379746835,-0.949367088607595,0.289057256496593
-2.46835443037975,-0.949367088607595,0.267847252439687
-2.39240506329114,-0.949367088607595,0.242889421402839
-2.31645569620253,-0.949367088607595,0.214182513739325
-2.24050632911392,-0.949367088607595,0.181812763293092
-2.16455696202532,-0.949367088607595,0.145961518670142
-2.08860759493671,-0.949367088607595,0.106910854035547
-2.0126582278481,-0.949367088607595,0.0650467668527862
-1.93670886075949,-0.949367088607595,0.0208596187106298
-1.86075949367089,-0.949367088607595,-0.025058457745454
-1.78481012658228,-0.949367088607595,-0.0720193789167132
-1.70886075949367,-0.949367088607595,-0.119248251759362
-1.63291139240506,-0.949367088607595,-0.165895820270143
-1.55696202531646,-0.949367088607595,-0.211054081375186
-1.48101265822785,-0.949367088607595,-0.25377481149847
-1.40506329113924,-0.949367088607595,-0.293090622787519
-1.32911392405063,-0.949367088607595,-0.328038051692946
-1.25316455696203,-0.949367088607595,-0.357682077588791
-1.17721518987342,-0.949367088607595,-0.381141380477611
-1.10126582278481,-0.949367088607595,-0.397613579231894
-1.0253164556962,-0.949367088607595,-0.406399649306717
-0.949367088607595,-0.949367088607595,-0.406926704554891
-0.873417721518987,-0.949367088607595,-0.398768343738404
-0.79746835443038,-0.949367088607595,-0.381661809375749
-0.721518987341772,-0.949367088607595,-0.355521284177218
-0.645569620253164,-0.949367088607595,-0.320446756614667
-0.569620253164557,-0.949367088607595,-0.276728018927526
-0.493670886075949,-0.949367088607595,-0.22484351362613
-0.417721518987342,-0.949367088607595,-0.165453912789353
-0.341772151898734,-0.949367088607595,-0.0993904917927339
-0.265822784810127,-0.949367088607595,-0.027638538599224
-0.189873417721519,-0.949367088607595,0.0486837858129261
-0.113924050632911,-0.949367088607595,0.128350558066996
-0.0379746835443036,-0.949367088607595,0.210056452932845
0.037974683544304,-0.949367088607595,0.292447514359362
0.113924050632912,-0.949367088607595,0.37415340922521
0.189873417721519,-0.949367088607595,0.45382018147928
0.265822784810127,-0.949367088607595,0.53014250589143
0.341772151898734,-0.949367088607595,0.60189445908494
0.417721518987342,-0.949367088607595,0.667957880081559
0.493670886075949,-0.949367088607595,0.727347480918336
0.569620253164557,-0.949367088607595,0.779231986219732
0.645569620253164,-0.949367088607595,0.822950723906873
0.721518987341772,-0.949367088607595,0.858025251469424
0.79746835443038,-0.949367088607595,0.884165776667955
0.873417721518988,-0.949367088607595,0.90127231103061
0.949367088607595,-0.949367088607595,0.909430671847097
1.0253164556962,-0.949367088607595,0.908903616598923
1.10126582278481,-0.949367088607595,0.9001175465241
1.17721518987342,-0.949367088607595,0.883645347769817
1.25316455696203,-0.949367088607595,0.860186044880997
1.32911392405063,-0.949367088607595,0.830542018985152
1.40506329113924,-0.949367088607595,0.795594590079725
1.48101265822785,-0.949367088607595,0.756278778790676
1.55696202531646,-0.949367088607595,0.713558048667392
1.63291139240506,-0.949367088607595,0.66839978756235
1.70886075949367,-0.949367088607595,0.621752219051568
1.78481012658228,-0.949367088607595,0.574523346208919
1.86075949367089,-0.949367088607595,0.52756242503766
1.93670886075949,-0.949367088607595,0.481644348581576
2.0126582278481,-0.949367088607595,0.43745720043942
2.08860759493671,-0.949367088607595,0.395593113256659
2.16455696202532,-0.949367088607595,0.356542448622064
2.24050632911392,-0.949367088607595,0.320691203999114
2.31645569620253,-0.949367088607595,0.288321453552881
2.39240506329114,-0.949367088607595,0.259614545889367
2.46835443037975,-0.949367088607595,0.234656714852519
2.54430379746835,-0.949367088607595,0.213446710795613
2.62025316455696,-0.949367088607595,0.195905029474119
2.69620253164557,-0.949367088607595,0.181884303415723
2.77215189873418,-0.949367088607595,0.171180425122995
2.84810126582278,-0.949367088607595,0.16354399097977
2.92405063291139,-0.949367088607595,0.15869168703239
3,-0.949367088607595,0.156317280358267
-3,-0.873417721518987,0.384048795535955
-2.92405063291139,-0.873417721518987,0.381607728007253
-2.84810126582278,-0.873417721518987,0.376619196878855
-2.77215189873418,-0.873417721518987,0.368768371817903
-2.69620253164557,-0.873417721518987,0.357763984904611
-2.62025316455696,-0.873417721518987,0.343349630580656
-2.54430379746835,-0.873417721518987,0.325315471083297
-2.46835443037975,-0.873417721518987,0.303510001636464
-2.39240506329114,-0.873417721518987,0.277851485934485
-2.31645569620253,-0.873417721518987,0.248338639247123
-2.24050632911392,-0.873417721518987,0.21506011641124
-2.16455696202532,-0.873417721518987,0.178202357348148
-2.08860759493671,-0.873417721518987,0.138055355382305
-2.0126582278481,-0.873417721518987,0.0950159447563577
-1.93670886075949,-0.873417721518987,0.0495882538341249
-1.86075949367089,-0.873417721518987,0.00238103923227684
-1.78481012658228,-0.873417721518987,-0.0458982976809834
-1.70886075949367,-0.873417721518987,-0.0944531089396532
-1.63291139240506,-0.873417721518987,-0.142410295897364
-1.55696202531646,-0.873417721518987,-0.188836363528287
-1.48101265822785,-0.873417721518987,-0.232756467124227
-1.40506329113924,-0.873417721518987,-0.273176059668418
-1.32911392405063,-0.873417721518987,-0.309104628620977
-1.25316455696203,-0.873417721518987,-0.339580902893187
-1.17721518987342,-0.873417721518987,-0.363698819656131
-1.10126582278481,-0.873417721518987,-0.380633471139222
-1.0253164556962,-0.873417721518987,-0.389666207863848
-0.949367088607595,-0.873417721518987,-0.390208060052089
-0.873417721518987,-0.873417721518987,-0.381820655361226
-0.79746835443038,-0.873417721518987,-0.364233859461269
-0.721518987341772,-0.873417721518987,-0.337359445764251
-0.645569620253164,-0.873417721518987,-0.301300209892571
-0.569620253164557,-0.873417721518987,-0.256354079927989
-0.493670886075949,-0.873417721518987,-0.203012930530839
-0.417721518987342,-0.873417721518987,-0.1419559819781
-0.341772151898734,-0.873417721518987,-0.0740378474869405
-0.265822784810127,-0.873417721518987,-0.000271476725584197
-0.189873417721519,-0.873417721518987,0.078193577246834
-0.113924050632911,-0.873417721518987,0.160096973571184
-0.0379746835443036,-0.873417721518987,0.244096740348373
0.037974683544304,-0.873417721518987,0.32880090956059
0.113924050632912,-0.873417721518987,0.412800676337779
0.189873417721519,-0.873417721518987,0.494704072662128
0.265822784810127,-0.873417721518987,0.573169126634546
0.341772151898734,-0.873417721518987,0.646935497395903
0.417721518987342,-0.873417721518987,0.714853631887062
0.493670886075949,-0.873417721518987,0.775910580439801
0.569620253164557,-0.873417721518987,0.829251729836952
0.645569620253164,-0.873417721518987,0.874197859801533
0.721518987341772,-0.873417721518987,0.910257095673214
0.79746835443038,-0.873417721518987,0.937131509370231
0.873417721518988,-0.873417721518987,0.954718305270188
0.949367088607595,-0.873417721518987,0.963105709961052
1.0253164556962,-0.873417721518987,0.96256385777281
1.10126582278481,-0.873417721518987,0.953531121048184
1.17721518987342,-0.873417721518987,0.936596469565093
1.25316455696203,-0.873417721518987,0.91247855280215
1.32911392405063,-0.873417721518987,0.88200227852994
1.40506329113924,-0.873417721518987,0.84607370957738
1.48101265822785,-0.873417721518987,0.805654117033189
1.55696202531646,-0.873417721518987,0.761734013437249
1.63291139240506,-0.873417721518987,0.715307945806327
1.70886075949367,-0.873417721518987,0.667350758848615
1.78481012658228,-0.873417721518987,0.618795947589946
1.86075949367089,-0.873417721518987,0.570516610676685
1.93670886075949,-0.873417721518987,0.523309396074837
2.0126582278481,-0.873417721518987,0.477881705152605
2.08860759493671,-0.873417721518987,0.434842294526657
2.16455696202532,-0.873417721518987,0.394695292560814
2.24050632911392,-0.873417721518987,0.357837533497722
2.31645569620253,-0.873417721518987,0.32455901066184
2.39240506329114,-0.873417721518987,0.295046163974477
2.46835443037975,-0.873417721518987,0.269387648272498
2.54430379746835,-0.873417721518987,0.247582178825665
2.62025316455696,-0.873417721518987,0.229548019328306
2.69620253164557,-0.873417721518987,0.215133665004351
2.77215189873418,-0.873417721518987,0.204129278091059
2.84810126582278,-0.873417721518987,0.196278453030108
2.92405063291139,-0.873417721518987,0.191289921901709
3,-0.873417721518987,0.188848854373007
-3,-0.79746835443038,0.419756330687174
-2.92405063291139,-0.79746835443038,0.417252514598872
-2.84810126582278,-0.79746835443038,0.412135751400221
-2.77215189873418,-0.79746835443038,0.404083117926164
-2.69620253164557,-0.79746835443038,0.392795859105407
-2.62025316455696,-0.79746835443038,0.378010978378243
-2.54430379746835,-0.79746835443038,0.359513244023261
-2.46835443037975,-0.79746835443038,0.337147256777098
-2.39240506329114,-0.79746835443038,0.310829179271581
-2.31645569620253,-0.79746835443038,0.280557693751999
-2.24050632911392,-0.79746835443038,0.246423733961165
-2.16455696202532,-0.79746835443038,0.208618532328738
-2.08860759493671,-0.79746835443038,0.16743953656673
-2.0126582278481,-0.79746835443038,0.123293781691359
-1.93670886075949,-0.79746835443038,0.0766983548757787
-1.86075949367089,-0.79746835443038,0.0282776610546172
-1.78481012658228,-0.79746835443038,-0.0212427143854995
-1.70886075949367,-0.79746835443038,-0.0710456453427583
-1.63291139240506,-0.79746835443038,-0.120235589841467
-1.55696202531646,-0.79746835443038,-0.167855057014806
-1.48101265822785,-0.79746835443038,-0.212904143404441
-1.40506329113924,-0.79746835443038,-0.25436273678821
-1.32911392405063,-0.79746835443038,-0.291214863128583
-1.25316455696203,-0.79746835443038,-0.322474541501698
-1.17721518987342,-0.79746835443038,-0.347212418392596
-1.10126582278481,-0.79746835443038,-0.364582381465969
-1.0253164556962,-0.79746835443038,-0.373847308087866
-0.949367088607595,-0.79746835443038,-0.374403088790549
-0.873417721518987,-0.79746835443038,-0.365800082705234
-0.79746835443038,-0.79746835443038,-0.347761211597305
-0.721518987341772,-0.79746835443038,-0.320195980981145
-0.645569620253164,-0.79746835443038,-0.283209828879315
-0.569620253164557,-0.79746835443038,-0.237108341727054
-0.493670886075949,-0.79746835443038,-0.18239603800797
-0.417721518987342,-0.79746835443038,-0.119769597611912
-0.341772151898734,-0.79746835443038,-0.050105601910455
-0.265822784810127,-0.79746835443038,0.0255569611756985
-0.189873417721519,-0.79746835443038,0.106038988893357
-0.113924050632911,-0.79746835443038,0.190047742847235
-0.0379746835443036,-0.79746835443038,0.27620675524548
0.037974683544304,-0.79746835443038,0.36308827700847
0.113924050632912,-0.79746835443038,0.449247289406715
0.189873417721519,-0.79746835443038,0.533256043360594
0.265822784810127,-0.79746835443038,0.613738071078252
0.341772151898734,-0.79746835443038,0.689400634164405
0.417721518987342,-0.79746835443038,0.759064629865862
0.493670886075949,-0.79746835443038,0.82169107026192
0.569620253164557,-0.79746835443038,0.876403373981004
0.645569620253164,-0.79746835443038,0.922504861133265
0.721518987341772,-0.79746835443038,0.959491013235095
0.79746835443038,-0.79746835443038,0.987056243851256
0.873417721518988,-0.79746835443038,1.00509511495918
0.949367088607595,-0.79746835443038,1.0136981210445
1.0253164556962,-0.79746835443038,1.01314234034182
1.10126582278481,-0.79746835443038,1.00387741371992
1.17721518987342,-0.79746835443038,0.986507450646547
1.25316455696203,-0.79746835443038,0.961769573755648
1.32911392405063,-0.79746835443038,0.930509895382533
1.40506329113924,-0.79746835443038,0.89365776904216
1.48101265822785,-0.79746835443038,0.852199175658391
1.55696202531646,-0.79746835443038,0.807150089268755
1.63291139240506,-0.79746835443038,0.759530622095417
1.70886075949367,-0.79746835443038,0.710340677596708
1.78481012658228,-0.79746835443038,0.66053774663945
1.86075949367089,-0.79746835443038,0.611017371199333
1.93670886075949,-0.79746835443038,0.562596677378171
2.0126582278481,-0.79746835443038,0.516001250562591
2.08860759493671,-0.79746835443038,0.47185549568722
2.16455696202532,-0.79746835443038,0.430676499925213
2.24050632911392,-0.79746835443038,0.392871298292786
2.31645569620253,-0.79746835443038,0.358737338501951
2.39240506329114,-0.79746835443038,0.328465852982369
2.46835443037975,-0.79746835443038,0.302147775476852
2.54430379746835,-0.79746835443038,0.27978178823069
2.62025316455696,-0.79746835443038,0.261284053875707
2.69620253164557,-0.79746835443038,0.246499173148543
2.77215189873418,-0.79746835443038,0.235211914327786
2.84810126582278,-0.79746835443038,0.227159280853729
2.92405063291139,-0.79746835443038,0.222042517655079
3,-0.79746835443038,0.219538701566776
-3,-0.721518987341772,0.453061978234501
-2.92405063291139,-0.721518987341772,0.450499719394487
-2.84810126582278,-0.721518987341772,0.445263523413781
-2.77215189873418,-0.721518987341772,0.437022929625488
-2.69620253164557,-0.721518987341772,0.425472209575353
-2.62025316455696,-0.721518987341772,0.410342227976982
-2.54430379746835,-0.721518987341772,0.391412729283885
-2.46835443037975,-0.721518987341772,0.368524686985234
-2.39240506329114,-0.721518987341772,0.341592306825319
-2.31645569620253,-0.721518987341772,0.310614240291096
-2.24050632911392,-0.721518987341772,0.275683543652739
-2.16455696202532,-0.721518987341772,0.236995912986201
-2.08860759493671,-0.721518987341772,0.19485573887077
-2.0126582278481,-0.721518987341772,0.149679557118866
-1.93670886075949,-0.721518987341772,0.101996524479129
-1.86075949367089,-0.721518987341772,0.0524456204161337
-1.78481012658228,-0.721518987341772,0.0017693665470831
-1.70886075949367,-0.721518987341772,-0.0491960381006427
-1.63291139240506,-0.721518987341772,-0.0995341482839038
-1.55696202531646,-0.721518987341772,-0.148265123890161
-1.48101265822785,-0.721518987341772,-0.194365722243068
-1.40506329113924,-0.721518987341772,-0.236792020200164
-1.32911392405063,-0.721518987341772,-0.274504329394939
-1.25316455696203,-0.721518987341772,-0.306493654657961
-1.17721518987342,-0.721518987341772,-0.331808949995745
-1.10126582278481,-0.721518987341772,-0.349584353566073
-1.0253164556962,-0.721518987341772,-0.35906553720809
-0.949367088607595,-0.721518987341772,-0.359634290650172
-0.873417721518987,-0.721518987341772,-0.350830477744035
-0.79746835443038,-0.721518987341772,-0.332370552841367
-0.721518987341772,-0.721518987341772,-0.304161909182098
-0.645569620253164,-0.721518987341772,-0.266312445867382
-0.569620253164557,-0.721518987341772,-0.219134882169507
-0.493670886075949,-0.721518987341772,-0.163145512775858
-0.417721518987342,-0.721518987341772,-0.0990572791100326
-0.341772151898734,-0.721518987341772,-0.027767223242654
-0.265822784810127,-0.721518987341772,0.0496614153986999
-0.189873417721519,-0.721518987341772,0.132022012067601
-0.113924050632911,-0.721518987341772,0.217991653952435
-0.0379746835443036,-0.721518987341772,0.306161744477699
0.037974683544304,-0.721518987341772,0.395071208799409
0.113924050632912,-0.721518987341772,0.483241299324673
0.189873417721519,-0.721518987341772,0.569210941209507
0.265822784810127,-0.721518987341772,0.651571537878408
0.341772151898734,-0.721518987341772,0.729000176519762
0.417721518987342,-0.721518987341772,0.80029023238714
0.493670886075949,-0.721518987341772,0.864378466052966
0.569620253164557,-0.721518987341772,0.920367835446615
0.645569620253164,-0.721518987341772,0.96754539914449
0.721518987341772,-0.721518987341772,1.00539486245921
0.79746835443038,-0.721518987341772,1.03360350611848
0.873417721518988,-0.721518987341772,1.05206343102114
0.949367088607595,-0.721518987341772,1.06086724392728
1.0253164556962,-0.721518987341772,1.0602984904852
1.10126582278481,-0.721518987341772,1.05081730684318
1.17721518987342,-0.721518987341772,1.03304190327285
1.25316455696203,-0.721518987341772,1.00772660793507
1.32911392405063,-0.721518987341772,0.975737282672047
1.40506329113924,-0.721518987341772,0.938024973477271
1.48101265822785,-0.721518987341772,0.895598675520175
1.55696202531646,-0.721518987341772,0.849498077167269
1.63291139240506,-0.721518987341772,0.800767101561012
1.70886075949367,-0.721518987341772,0.75042899137775
1.78481012658228,-0.721518987341772,0.699463586730025
1.86075949367089,-0.721518987341772,0.648787332860974
1.93670886075949,-0.721518987341772,0.599236428797978
2.0126582278481,-0.721518987341772,0.551553396158242
2.08860759493671,-0.721518987341772,0.506377214406338
2.16455696202532,-0.721518987341772,0.464237040290907
2.24050632911392,-0.721518987341772,0.425549409624369
2.31645569620253,-0.721518987341772,0.390618712986011
2.39240506329114,-0.721518987341772,0.359640646451789
2.46835443037975,-0.721518987341772,0.332708266291874
2.54430379746835,-0.721518987341772,0.309820223993223
2.62025316455696,-0.721518987341772,0.290890725300126
2.69620253164557,-0.721518987341772,0.275760743701755
2.77215189873418,-0.721518987341772,0.264210023651619
2.84810126582278,-0.721518987341772,0.255969429863327
2.92405063291139,-0.721518987341772,0.250733233882621
3,-0.721518987341772,0.248170975042607
-3,-0.645569620253164,0.483734796696667
-2.92405063291139,-0.645569620253164,0.481118773942268
-2.84810126582278,-0.645569620253164,0.475772706785389
-2.77215189873418,-0.645569620253164,0.467359200498173
-2.69620253164557,-0.645569620253164,0.455566111521775
-2.62025316455696,-0.645569620253164,0.440118657300186
-2.54430379746835,-0.645569620253164,0.420791960661591
-2.46835443037975,-0.645569620253164,0.397423658239579
-2.39240506329114,-0.645569620253164,0.36992615555633
-2.31645569620253,-0.645569620253164,0.33829807580293
-2.24050632911392,-0.645569620253164,0.302634427850619
-2.16455696202532,-0.645569620253164,0.263135014068951
-2.08860759493671,-0.645569620253164,0.220110612069149
-2.0126582278481,-0.645569620253164,0.173986497840626
-1.93670886075949,-0.645569620253164,0.125302931435748
-1.86075949367089,-0.645569620253164,0.0747123000344588
-1.78481012658228,-0.645569620253164,0.0229727055958199
-1.70886075949367,-0.645569620253164,-0.0290621068764749
-1.63291139240506,-0.645569620253164,-0.0804564623554633
-1.55696202531646,-0.645569620253164,-0.13020996072932
-1.48101265822785,-0.645569620253164,-0.177277888605786
-1.40506329113924,-0.645569620253164,-0.22059441818797
-1.32911392405063,-0.645569620253164,-0.259098045313295
-1.25316455696203,-0.645569620253164,-0.291758603052061
-1.17721518987342,-0.645569620253164,-0.317605089598913
-1.10126582278481,-0.645569620253164,-0.335753474720048
-1.0253164556962,-0.645569620253164,-0.345433602175874
-0.949367088607595,-0.645569620253164,-0.346014289779676
-0.873417721518987,-0.645569620253164,-0.337025746339701
-0.79746835443038,-0.645569620253164,-0.318178476565187
-0.721518987341772,-0.645569620253164,-0.289377930527074
-0.645569620253164,-0.645569620253164,-0.250734271374922
-0.569620253164557,-0.645569620253164,-0.202566780174041
-0.493670886075949,-0.645569620253164,-0.145402585030727
-0.417721518987342,-0.645569620253164,-0.0799695870288036
-0.341772151898734,-0.645569620253164,-0.0071836508856673
-0.265822784810127,-0.645569620253164,0.0718696740027816
-0.189873417721519,-0.645569620253164,0.155958444265569
-0.113924050632911,-0.645569620253164,0.243731988392375
-0.0379746835443036,-0.645569620253164,0.333752153205333
0.037974683544304,-0.645569620253164,0.424527206105826
0.113924050632912,-0.645569620253164,0.514547370918784
0.189873417721519,-0.645569620253164,0.602320915045589
0.265822784810127,-0.645569620253164,0.686409685308376
0.341772151898734,-0.645569620253164,0.765463010196825
0.417721518987342,-0.645569620253164,0.838248946339961
0.493670886075949,-0.645569620253164,0.903681944341885
0.569620253164557,-0.645569620253164,0.960846139485199
0.645569620253164,-0.645569620253164,1.00901363068608
0.721518987341772,-0.645569620253164,1.04765728983823
0.79746835443038,-0.645569620253164,1.07645783587634
0.873417721518988,-0.645569620253164,1.09530510565086
0.949367088607595,-0.645569620253164,1.10429364909083
1.0253164556962,-0.645569620253164,1.10371296148703
1.10126582278481,-0.645569620253164,1.09403283403121
1.17721518987342,-0.645569620253164,1.07588444891007
1.25316455696203,-0.645569620253164,1.05003796236322
1.32911392405063,-0.645569620253164,1.01737740462445
1.40506329113924,-0.645569620253164,0.978873777499128
1.48101265822785,-0.645569620253164,0.935557247916944
1.55696202531646,-0.645569620253164,0.888489320040478
1.63291139240506,-0.645569620253164,0.838735821666621
1.70886075949367,-0.645569620253164,0.787341466187633
1.78481012658228,-0.645569620253164,0.735306653715338
1.86075949367089,-0.645569620253164,0.683567059276699
1.93670886075949,-0.645569620253164,0.632976427875409
2.0126582278481,-0.645569620253164,0.584292861470532
2.08860759493671,-0.645569620253164,0.538168747242009
2.16455696202532,-0.645569620253164,0.495144345242207
2.24050632911392,-0.645569620253164,0.455644931460539
2.31645569620253,-0.645569620253164,0.419981283508228
2.39240506329114,-0.645569620253164,0.388353203754828
2.46835443037975,-0.645569620253164,0.360855701071579
2.54430379746835,-0.645569620253164,0.337487398649567
2.62025316455696,-0.645569620253164,0.318160702010972
2.69620253164557,-0.645569620253164,0.302713247789383
2.77215189873418,-0.645569620253164,0.290920158812985
2.84810126582278,-0.645569620253164,0.282506652525769
2.92405063291139,-0.645569620253164,0.27716058536889
3,-0.645569620253164,0.274544562614491
-3,-0.569620253164557,0.511561882290656
-2.92405063291139,-0.569620253164557,0.508897123050645
-2.84810126582278,-0.569620253164557,0.503451458700036
-2.77215189873418,-0.569620253164557,0.494881208849551
-2.69620253164557,-0.569620253164557,0.48286841470803
-2.62025316455696,-0.569620253164557,0.467133174522366
-2.54430379746835,-0.569620253164557,0.447446421660607
-2.46835443037975,-0.569620253164557,0.423642767927962
-2.39240506329114,-0.569620253164557,0.395632986962101
-2.31645569620253,-0.569620253164557,0.363415676304171
-2.24050632911392,-0.569620253164557,0.327087614840018
-2.16455696202532,-0.569620253164557,0.286852327255942
-2.08860759493671,-0.569620253164557,0.243026380947891
-2.0126582278481,-0.569620253164557,0.196042974793983
-1.93670886075949,-0.569620253164557,0.146452433887582
-1.86075949367089,-0.569620253164557,0.0949192993772275
-1.78481012658228,-0.569620253164557,0.0422157966561765
-1.70886075949367,-0.569620253164557,-0.0107884240084321
-1.63291139240506,-0.569620253164557,-0.0631402559704299
-1.55696202531646,-0.569620253164557,-0.113820661670907
-1.48101265822785,-0.569620253164557,-0.161765464714416
-1.40506329113924,-0.569620253164557,-0.205888980939666
-1.32911392405063,-0.569620253164557,-0.245109930368957
-1.25316455696203,-0.569620253164557,-0.278378954069897
-1.17721518987342,-0.569620253164557,-0.30470696048029
-1.10126582278481,-0.569620253164557,-0.323193449889263
-1.0253164556962,-0.569620253164557,-0.333053918051867
-0.949367088607595,-0.569620253164557,-0.333645423861665
-0.873417721518987,-0.569620253164557,-0.324489423920289
-0.79746835443038,-0.569620253164557,-0.305291029641734
-0.721518987341772,-0.569620253164557,-0.275953929632425
-0.645569620253164,-0.569620253164557,-0.236590339380626
-0.569620253164557,-0.569620253164557,-0.187525488155662
-0.493670886075949,-0.569620253164557,-0.129296324456759
-0.417721518987342,-0.569620253164557,-0.0626443101598407
-0.341772151898734,-0.569620253164557,0.0114976274644185
-0.265822784810127,-0.569620253164557,0.0920237152424677
-0.189873417721519,-0.569620253164557,0.17767905870695
-0.113924050632911,-0.569620253164557,0.267087823346759
-0.0379746835443036,-0.569620253164557,0.358785063200385
0.037974683544304,-0.569620253164557,0.451251254701335
0.113924050632912,-0.569620253164557,0.542948494554961
0.189873417721519,-0.569620253164557,0.632357259194769
0.265822784810127,-0.569620253164557,0.718012602659252
0.341772151898734,-0.569620253164557,0.798538690437301
0.417721518987342,-0.569620253164557,0.87268062806156
0.493670886075949,-0.569620253164557,0.939332642358478
0.569620253164557,-0.569620253164557,0.997561806057381
0.645569620253164,-0.569620253164557,1.04662665728235
0.721518987341772,-0.569620253164557,1.08599024753414
0.79746835443038,-0.569620253164557,1.11532734754345
0.873417721518988,-0.569620253164557,1.13452574182201
0.949367088607595,-0.569620253164557,1.14368174176338
1.0253164556962,-0.569620253164557,1.14309023595359
1.10126582278481,-0.569620253164557,1.13322976779098
1.17721518987342,-0.569620253164557,1.11474327838201
1.25316455696203,-0.569620253164557,1.08841527197162
1.32911392405063,-0.569620253164557,1.05514624827068
1.40506329113924,-0.569620253164557,1.01592529884138
1.48101265822785,-0.569620253164557,0.971801782616135
1.55696202531646,-0.569620253164557,0.923856979572626
1.63291139240506,-0.569620253164557,0.87317657387215
1.70886075949367,-0.569620253164557,0.820824741910152
1.78481012658228,-0.569620253164557,0.767820521245543
1.86075949367089,-0.569620253164557,0.715117018524492
1.93670886075949,-0.569620253164557,0.663583884014137
2.0126582278481,-0.569620253164557,0.613993343107736
2.08860759493671,-0.569620253164557,0.567009936953828
2.16455696202532,-0.569620253164557,0.523183990645777
2.24050632911392,-0.569620253164557,0.482948703061701
2.31645569620253,-0.569620253164557,0.446620641597548
2.39240506329114,-0.569620253164557,0.414403330939618
2.46835443037975,-0.569620253164557,0.386393549973758
2.54430379746835,-0.569620253164557,0.362589896241113
2.62025316455696,-0.569620253164557,0.342903143379354
2.69620253164557,-0.569620253164557,0.32716790319369
2.77215189873418,-0.569620253164557,0.315155109052168
2.84810126582278,-0.569620253164557,0.306584859201684
2.92405063291139,-0.569620253164557,0.301139194851074
3,-0.569620253164557,0.298474435611063
-3,-0.493670886075949,0.536349907078301
-2.92405063291139,-0.493670886075949,0.533641759177279
-2.84810126582278,-0.493670886075949,0.528107426371771
-2.77215189873418,-0.493670886075949,0.519397632332844
-2.69620253164557,-0.493670886075949,0.507189241138885
-2.62025316455696,-0.493670886075949,0.491197793566042
-2.54430379746835,-0.493670886075949,0.471190493229112
-2.46835443037975,-0.493670886075949,0.44699925901748
-2.39240506329114,-0.493670886075949,0.418533411749992
-2.31645569620253,-0.493670886075949,0.385791526132406
-2.24050632911392,-0.493670886075949,0.34887195684256
-2.16455696202532,-0.493670886075949,0.307981542435974
-2.08860759493671,-0.493670886075949,0.263442004783799
-2.0126582278481,-0.493670886075949,0.215693596279155
-1.93670886075949,-0.493670886075949,0.165295602625642
-1.86075949367089,-0.493670886075949,0.112923385292896
-1.78481012658228,-0.493670886075949,0.059361743352617
-1.70886075949367,-0.493670886075949,0.00549448706061034
-1.63291139240506,-0.493670886075949,-0.0477097580786067
-1.55696202531646,-0.493670886075949,-0.0992153621346502
-1.48101265822785,-0.493670886075949,-0.147940821372256
-1.40506329113924,-0.493670886075949,-0.192782774092392
-1.32911392405063,-0.493670886075949,-0.232642334490271
-1.25316455696203,-0.493670886075949,-0.266453057557462
-1.17721518987342,-0.493670886075949,-0.293209746952826
-1.10126582278481,-0.493670886075949,-0.31199724067401
-1.0253164556962,-0.493670886075949,-0.322018260868517
-0.949367088607595,-0.493670886075949,-0.322619397809219
-0.873417721518987,-0.493670886075949,-0.313314316265382
-0.79746835443038,-0.493670886075949,-0.293803326158732
-0.721518987341772,-0.493670886075949,-0.263988547915593
-0.645569620253164,-0.493670886075949,-0.223984024161073
-0.569620253164557,-0.493670886075949,-0.174120279675738
-0.493670886075949,-0.493670886075949,-0.11494300576607
-0.417721518987342,-0.493670886075949,-0.0472057370827129
-0.341772151898734,-0.493670886075949,0.0281434088138637
-0.265822784810127,-0.493670886075949,0.109980654115145
-0.189873417721519,-0.493670886075949,0.197030671667085
-0.113924050632911,-0.493670886075949,0.287895225078397
-0.0379746835443036,-0.493670886075949,0.381085515559604
0.037974683544304,-0.493670886075949,0.475057278062156
0.113924050632912,-0.493670886075949,0.568247568543363
0.189873417721519,-0.493670886075949,0.659112121954674
0.265822784810127,-0.493670886075949,0.746162139506615
0.341772151898734,-0.493670886075949,0.827999384807896
0.417721518987342,-0.493670886075949,0.903348530704472
0.493670886075949,-0.493670886075949,0.97108579938783
0.569620253164557,-0.493670886075949,1.0302630732975
0.645569620253164,-0.493670886075949,1.08012681778283
0.721518987341772,-0.493670886075949,1.12013134153735
0.79746835443038,-0.493670886075949,1.14994611978049
0.873417721518988,-0.493670886075949,1.16945710988714
0.949367088607595,-0.493670886075949,1.17876219143098
1.0253164556962,-0.493670886075949,1.17816105449028
1.10126582278481,-0.493670886075949,1.16814003429577
1.17721518987342,-0.493670886075949,1.14935254057459
1.25316455696203,-0.493670886075949,1.12259585117922
1.32911392405063,-0.493670886075949,1.08878512811203
1.40506329113924,-0.493670886075949,1.04892556771415
1.48101265822785,-0.493670886075949,1.00408361499402
1.55696202531646,-0.493670886075949,0.955358155756409
1.63291139240506,-0.493670886075949,0.903852551700366
1.70886075949367,-0.493670886075949,0.850648306561149
1.78481012658228,-0.493670886075949,0.796781050269142
1.86075949367089,-0.493670886075949,0.743219408328863
1.93670886075949,-0.493670886075949,0.690847190996117
2.0126582278481,-0.493670886075949,0.640449197342604
2.08860759493671,-0.493670886075949,0.59270078883796
2.16455696202532,-0.493670886075949,0.548161251185786
2.24050632911392,-0.493670886075949,0.507270836779199
2.31645569620253,-0.493670886075949,0.470351267489353
2.39240506329114,-0.493670886075949,0.437609381871767
2.46835443037975,-0.493670886075949,0.409143534604279
2.54430379746835,-0.493670886075949,0.384952300392647
2.62025316455696,-0.493670886075949,0.364945000055717
2.69620253164557,-0.493670886075949,0.348953552482875
2.77215189873418,-0.493670886075949,0.336745161288916
2.84810126582278,-0.493670886075949,0.328035367249989
2.92405063291139,-0.493670886075949,0.322501034444481
3,-0.493670886075949,0.319792886543459
-3,-0.417721518987342,0.557926518290194
-2.92405063291139,-0.417721518987342,0.555180618248789
-2.84810126582278,-0.417721518987342,0.549569135702338
-2.77215189873418,-0.417721518987342,0.540737925337833
-2.69620253164557,-0.417721518987342,0.528359346652256
-2.62025316455696,-0.417721518987342,0.512144975001498
-2.54430379746835,-0.417721518987342,0.491858768770721
-2.46835443037975,-0.417721518987342,0.467330303763958
-2.39240506329114,-0.417721518987342,0.438467636713563
-2.31645569620253,-0.417721518987342,0.405269322456401
-2.24050632911392,-0.417721518987342,0.367835086754804
-2.16455696202532,-0.417721518987342,0.326374651536426
-2.08860759493671,-0.417721518987342,0.281214223541666
-2.0126582278481,-0.417721518987342,0.232800192372821
-1.93670886075949,-0.417721518987342,0.181699640291569
-1.86075949367089,-0.417721518987342,0.128597343445749
-1.78481012658228,-0.417721518987342,0.0742890411680093
-1.70886075949367,-0.417721518987342,0.0196708642114364
-1.63291139240506,-0.417721518987342,-0.03427505908011
-1.55696202531646,-0.417721518987342,-0.0864986618813836
-1.48101265822785,-0.417721518987342,-0.135903364071956
-1.40506329113924,-0.417721518987342,-0.181370422863108
-1.32911392405063,-0.417721518987342,-0.22178563375525
-1.25316455696203,-0.417721518987342,-0.256067685276548
-1.17721518987342,-0.417721518987342,-0.283197368441512
-1.10126582278481,-0.417721518987342,-0.302246763700694
-1.0253164556962,-0.417721518987342,-0.312407478983871
-0.949367088607595,-0.417721518987342,-0.31301699589753
-0.873417721518987,-0.417721518987342,-0.3035821995975
-0.79746835443038,-0.417721518987342,-0.283799222263993
-0.721518987341772,-0.417721518987342,-0.253568819861888
-0.645569620253164,-0.417721518987342,-0.213006624794008
-0.569620253164557,-0.417721518987342,-0.162447769424545
-0.493670886075949,-0.417721518987342,-0.102445552109359
-0.417721518987342,-0.417721518987342,-0.0337640119275627
-0.341772151898734,-0.417721518987342,0.0426355166059993
-0.265822784810127,-0.417721518987342,0.125613589988347
-0.189873417721519,-0.417721518987342,0.21387710274183
-0.113924050632911,-0.417721518987342,0.306008326771435
-0.0379746835443036,-0.417721518987342,0.400497709125447
0.037974683544304,-0.417721518987342,0.495779457381986
0.113924050632912,-0.417721518987342,0.590268839735999
0.189873417721519,-0.417721518987342,0.682400063765603
0.265822784810127,-0.417721518987342,0.770663576519086
0.341772151898734,-0.417721518987342,0.853641649901434
0.417721518987342,-0.417721518987342,0.930041178434996
0.493670886075949,-0.417721518987342,0.998722718616792
0.569620253164557,-0.417721518987342,1.05872493593198
0.645569620253164,-0.417721518987342,1.10928379130144
0.721518987341772,-0.417721518987342,1.14984598636932
0.79746835443038,-0.417721518987342,1.18007638877143
0.873417721518988,-0.417721518987342,1.19985936610493
0.949367088607595,-0.417721518987342,1.20929416240496
1.0253164556962,-0.417721518987342,1.2086846454913
1.10126582278481,-0.417721518987342,1.19852393020813
1.17721518987342,-0.417721518987342,1.17947453494895
1.25316455696203,-0.417721518987342,1.15234485178398
1.32911392405063,-0.417721518987342,1.11806280026268
1.40506329113924,-0.417721518987342,1.07764758937054
1.48101265822785,-0.417721518987342,1.03218053057939
1.55696202531646,-0.417721518987342,0.982775828388816
1.63291139240506,-0.417721518987342,0.930552225587543
1.70886075949367,-0.417721518987342,0.876606302295997
1.78481012658228,-0.417721518987342,0.821988125339424
1.86075949367089,-0.417721518987342,0.767679823061683
1.93670886075949,-0.417721518987342,0.714577526215863
2.0126582278481,-0.417721518987342,0.663476974134612
2.08860759493671,-0.417721518987342,0.615062942965767
2.16455696202532,-0.417721518987342,0.569902514971007
2.24050632911392,-0.417721518987342,0.528442079752628
2.31645569620253,-0.417721518987342,0.491007844051032
2.39240506329114,-0.417721518987342,0.457809529793869
2.46835443037975,-0.417721518987342,0.428946862743475
2.54430379746835,-0.417721518987342,0.404418397736712
2.62025316455696,-0.417721518987342,0.384132191505935
2.69620253164557,-0.417721518987342,0.367917819855177
2.77215189873418,-0.417721518987342,0.3555392411696
2.84810126582278,-0.417721518987342,0.346708030805095
2.92405063291139,-0.417721518987342,0.341096548258644
3,-0.417721518987342,0.338350648217239
-3,-0.341772151898734,0.576141587901858
-2.92405063291139,-0.341772151898734,0.57336382603974
-2.84810126582278,-0.341772151898734,0.56768723112644
-2.77215189873418,-0.341772151898734,0.558753548553528
-2.69620253164557,-0.341772151898734,0.546231336068902
-2.62025316455696,-0.341772151898734,0.529828822317298
-2.54430379746835,-0.341772151898734,0.509307226794808
-2.46835443037975,-0.341772151898734,0.484494147802607
-2.39240506329114,-0.341772151898734,0.455296575217059
-2.31645569620253,-0.341772151898734,0.421713047106198
-2.24050632911392,-0.341772151898734,0.383844446391874
-2.16455696202532,-0.341772151898734,0.341902928492527
-2.08860759493671,-0.341772151898734,0.296218485261097
-2.0126582278481,-0.341772151898734,0.247242685944173
-1.93670886075949,-0.341772151898734,0.195549192894869
-1.86075949367089,-0.341772151898734,0.141830728003595
-1.78481012658228,-0.341772151898734,0.0868922638975724
-1.70886075949367,-0.341772151898734,0.0316403295078833
-1.63291139240506,-0.341772151898734,-0.0229315507777883
-1.55696202531646,-0.341772151898734,-0.075761125771904
-1.48101265822785,-0.341772151898734,-0.125739091278627
-1.40506329113924,-0.341772151898734,-0.171733723271163
-1.32911392405063,-0.341772151898734,-0.212617888671514
-1.25316455696203,-0.341772151898734,-0.247297729100914
-1.17721518987342,-0.341772151898734,-0.274742209267937
-1.10126582278481,-0.341772151898734,-0.294012642586509
-1.0253164556962,-0.341772151898734,-0.304291256876854
-0.949367088607595,-0.341772151898734,-0.304907846268873
-0.873417721518987,-0.341772151898734,-0.295363574101682
-0.79746835443038,-0.341772151898734,-0.275351046650743
-0.721518987341772,-0.341772151898734,-0.244769868311102
-0.645569620253164,-0.341772151898734,-0.203737013216466
-0.569620253164557,-0.341772151898734,-0.152591502411292
-0.493670886075949,-0.341772151898734,-0.091893054402481
-0.417721518987342,-0.341772151898734,-0.0224145737324902
-0.341772151898734,-0.341772151898734,0.0548714503194634
-0.265822784810127,-0.341772151898734,0.138812352813327
-0.189873417721519,-0.341772151898734,0.22810002383055
-0.113924050632911,-0.341772151898734,0.321300284787134
-0.0379746835443036,-0.341772151898734,0.416886066760361
0.037974683544304,-0.341772151898734,0.513273408787375
0.113924050632912,-0.341772151898734,0.608859190760603
0.189873417721519,-0.341772151898734,0.702059451717187
0.265822784810127,-0.341772151898734,0.79134712273441
0.341772151898734,-0.341772151898734,0.875288025228273
0.417721518987342,-0.341772151898734,0.952574049280227
0.493670886075949,-0.341772151898734,1.02205252995022
0.569620253164557,-0.341772151898734,1.08275097795903
0.645569620253164,-0.341772151898734,1.1338964887642
0.721518987341772,-0.341772151898734,1.17492934385884
0.79746835443038,-0.341772151898734,1.20551052219848
0.873417721518988,-0.341772151898734,1.22552304964942
0.949367088607595,-0.341772151898734,1.23506732181661
1.0253164556962,-0.341772151898734,1.23445073242459
1.10126582278481,-0.341772151898734,1.22417211813425
1.17721518987342,-0.341772151898734,1.20490168481567
1.25316455696203,-0.341772151898734,1.17745720464865
1.32911392405063,-0.341772151898734,1.14277736421925
1.40506329113924,-0.341772151898734,1.1018931988189
1.48101265822785,-0.341772151898734,1.05589856682636
1.55696202531646,-0.341772151898734,1.00592060131964
1.63291139240506,-0.341772151898734,0.953091026325525
1.70886075949367,-0.341772151898734,0.898519146039853
1.78481012658228,-0.341772151898734,0.843267211650164
1.86075949367089,-0.341772151898734,0.788328747544141
1.93670886075949,-0.341772151898734,0.734610282652867
2.0126582278481,-0.341772151898734,0.682916789603564
2.08860759493671,-0.341772151898734,0.633940990286639
2.16455696202532,-0.341772151898734,0.58825654705521
2.24050632911392,-0.341772151898734,0.546315029155862
2.31645569620253,-0.341772151898734,0.508446428441538
2.39240506329114,-0.341772151898734,0.474862900330677
2.46835443037975,-0.341772151898734,0.445665327745129
2.54430379746835,-0.341772151898734,0.420852248752929
2.62025316455696,-0.341772151898734,0.400330653230438
2.69620253164557,-0.341772151898734,0.383928139478834
2.77215189873418,-0.341772151898734,0.371405926994208
2.84810126582278,-0.341772151898734,0.362472244421296
2.92405063291139,-0.341772151898734,0.356795649507996
3,-0.341772151898734,0.354017887645879
-3,-0.265822784810127,0.590868302658094
-2.92405063291139,-0.265822784810127,0.588064785356313
-2.84810126582278,-0.265822784810127,0.58233555699024
-2.77215189873418,-0.265822784810127,0.57331904121063
-2.69620253164557,-0.265822784810127,0.560680722629042
-2.62025316455696,-0.265822784810127,0.544126124582876
-2.54430379746835,-0.265822784810127,0.523414252592669
-2.46835443037975,-0.265822784810127,0.49837110644908
-2.39240506329114,-0.265822784810127,0.468902813637545
-2.31645569620253,-0.265822784810127,0.435007898671048
-2.24050632911392,-0.265822784810127,0.39678817985904
-2.16455696202532,-0.265822784810127,0.354457779727422
-2.08860759493671,-0.265822784810127,0.308349749817357
-2.0126582278481,-0.265822784810127,0.258919846330638
-1.93670886075949,-0.265822784810127,0.20674705062426
-1.86075949367089,-0.265822784810127,0.1525305075139
-1.78481012658228,-0.265822784810127,0.0970826533421587
-1.70886075949367,-0.265822784810127,0.0413184223867058
-1.63291139240506,-0.265822784810127,-0.0137594489953214
-1.55696202531646,-0.265822784810127,-0.06707886041126
-1.48101265822785,-0.265822784810127,-0.117520222184118
-1.40506329113924,-0.265822784810127,-0.16394131692902
-1.32911392405063,-0.265822784810127,-0.205204560777212
-1.25316455696203,-0.265822784810127,-0.240205953082569
-1.17721518987342,-0.265822784810127,-0.267904898782682
-1.10126582278481,-0.265822784810127,-0.287354007778747
-1.0253164556962,-0.265822784810127,-0.297727925498011
-0.949367088607595,-0.265822784810127,-0.298350231913905
-0.873417721518987,-0.265822784810127,-0.288717465146335
-0.79746835443038,-0.265822784810127,-0.268519381312645
-0.721518987341772,-0.265822784810127,-0.237654653938686
-0.645569620253164,-0.265822784810127,-0.196241341743666
-0.569620253164557,-0.265822784810127,-0.144621609179034
-0.493670886075949,-0.265822784810127,-0.0833603644680709
-0.417721518987342,-0.265822784810127,-0.0132376785329636
-0.341772151898734,-0.265822784810127,0.0647649424153826
-0.265822784810127,-0.265822784810127,0.149484145914445
-0.189873417721519,-0.265822784810127,0.239599693235592
-0.113924050632911,-0.265822784810127,0.333664108074637
-0.0379746835443036,-0.265822784810127,0.430136162508397
0.037974683544304,-0.265822784810127,0.527417209069903
0.113924050632912,-0.265822784810127,0.623889263503663
0.189873417721519,-0.265822784810127,0.717953678342707
0.265822784810127,-0.265822784810127,0.808069225663854
0.341772151898734,-0.265822784810127,0.892788429162916
0.417721518987342,-0.265822784810127,0.970791050111263
0.493670886075949,-0.265822784810127,1.04091373604637
0.569620253164557,-0.265822784810127,1.10217498075733
0.645569620253164,-0.265822784810127,1.15379471332197
0.721518987341772,-0.265822784810127,1.19520802551699
0.79746835443038,-0.265822784810127,1.22607275289094
0.873417721518988,-0.265822784810127,1.24627083672463
0.949367088607595,-0.265822784810127,1.2559036034922
1.0253164556962,-0.265822784810127,1.25528129707631
1.10126582278481,-0.265822784810127,1.24490737935705
1.17721518987342,-0.265822784810127,1.22545827036098
1.25316455696203,-0.265822784810127,1.19775932466087
1.32911392405063,-0.265822784810127,1.16275793235551
1.40506329113924,-0.265822784810127,1.12149468850732
1.48101265822785,-0.265822784810127,1.07507359376242
1.55696202531646,-0.265822784810127,1.02463223198956
1.63291139240506,-0.265822784810127,0.97131282057362
1.70886075949367,-0.265822784810127,0.916234949191593
1.78481012658228,-0.265822784810127,0.86047071823614
1.86075949367089,-0.265822784810127,0.805022864064399
1.93670886075949,-0.265822784810127,0.750806320954038
2.0126582278481,-0.265822784810127,0.698633525247661
2.08860759493671,-0.265822784810127,0.649203621760941
2.16455696202532,-0.265822784810127,0.603095591850877
2.24050632911392,-0.265822784810127,0.560765191719258
2.31645569620253,-0.265822784810127,0.522545472907251
2.39240506329114,-0.265822784810127,0.488650557940754
2.46835443037975,-0.265822784810127,0.459182265129219
2.54430379746835,-0.265822784810127,0.43413911898563
2.62025316455696,-0.265822784810127,0.413427246995423
2.69620253164557,-0.265822784810127,0.396872648949257
2.77215189873418,-0.265822784810127,0.384234330367669
2.84810126582278,-0.265822784810127,0.375217814588059
2.92405063291139,-0.265822784810127,0.369488586221986
3,-0.265822784810127,0.366685068920205
-3,-0.189873417721519,0.602004085956434
-2.92405063291139,-0.189873417721519,0.599181095480041
-2.84810126582278,-0.189873417721519,0.593412072009335
-2.77215189873418,-0.189873417721519,0.584332927693044
-2.69620253164557,-0.189873417721519,0.571606823605588
-2.62025316455696,-0.189873417721519,0.554937237655411
-2.54430379746835,-0.189873417721519,0.534081501420259
-2.46835443037975,-0.189873417721519,0.508864406088846
-2.39240506329114,-0.189873417721519,0.479191427110016
-2.31645569620253,-0.189873417721519,0.445061078748051
-2.24050632911392,-0.189873417721519,0.406575886540326
-2.16455696202532,-0.189873417721519,0.363951460303484
-2.08860759493671,-0.189873417721519,0.317523164947974
-2.0126582278481,-0.189873417721519,0.267749922348971
-1.93670886075949,-0.189873417721519,0.215214735456295
-1.86075949367089,-0.189873417721519,0.160621605331404
-1.78481012658228,-0.189873417721519,0.104788611483343
-1.70886075949367,-0.189873417721519,0.0486370433048149
-1.63291139240506,-0.189873417721519,-0.00682339786053915
-1.55696202531646,-0.189873417721519,-0.0605131648323601
-1.48101265822785,-0.189873417721519,-0.111304891286349
-1.40506329113924,-0.189873417721519,-0.158048426018723
-1.32911392405063,-0.189873417721519,-0.199598283526126
-1.25316455696203,-0.189873417721519,-0.234842794796221
-1.17721518987342,-0.189873417721519,-0.262734136814292
-1.10126582278481,-0.189873417721519,-0.282318338929024
-1.0253164556962,-0.189873417721519,-0.292764313671454
-0.949367088607595,-0.189873417721519,-0.293390942615157
-0.873417721518987,-0.189873417721519,-0.283691266843977
-0.79746835443038,-0.189873417721519,-0.26335288752751
-0.721518987341772,-0.189873417721519,-0.232273774379962
-0.645569620253164,-0.189873417721519,-0.190572806154022
-0.569620253164557,-0.189873417721519,-0.138594523968514
-0.493670886075949,-0.189873417721519,-0.0769077598878417
-0.417721518987342,-0.189873417721519,-0.00629800319107743
-0.341772151898734,-0.189873417721519,0.0722464223885361
-0.265822784810127,-0.189873417721519,0.157554083765745
-0.189873417721519,-0.189873417721519,0.248295571860345
-0.113924050632911,-0.189873417721519,0.343013356226947
-0.0379746835443036,-0.189873417721519,0.440155503604311
0.037974683544304,-0.189873417721519,0.538112262352417
0.113924050632912,-0.189873417721519,0.635254409729781
0.189873417721519,-0.189873417721519,0.729972194096382
0.265822784810127,-0.189873417721519,0.820713682190982
0.341772151898734,-0.189873417721519,0.906021343568191
0.417721518987342,-0.189873417721519,0.984565769147804
0.493670886075949,-0.189873417721519,1.05517552584457
0.569620253164557,-0.189873417721519,1.11686228992524
0.645569620253164,-0.189873417721519,1.16884057211075
0.721518987341772,-0.189873417721519,1.21054154033669
0.79746835443038,-0.189873417721519,1.24162065348424
0.873417721518988,-0.189873417721519,1.2619590328007
0.949367088607595,-0.189873417721519,1.27165870857188
1.0253164556962,-0.189873417721519,1.27103207962818
1.10126582278481,-0.189873417721519,1.26058610488575
1.17721518987342,-0.189873417721519,1.24100190277102
1.25316455696203,-0.189873417721519,1.21311056075295
1.32911392405063,-0.189873417721519,1.17786604948285
1.40506329113924,-0.189873417721519,1.13631619197545
1.48101265822785,-0.189873417721519,1.08957265724308
1.55696202531646,-0.189873417721519,1.03878093078909
1.63291139240506,-0.189873417721519,0.985091163817266
1.70886075949367,-0.189873417721519,0.929630722651912
1.78481012658228,-0.189873417721519,0.873479154473384
1.86075949367089,-0.189873417721519,0.817646160625323
1.93670886075949,-0.189873417721519,0.763053030500432
2.0126582278481,-0.189873417721519,0.710517843607756
2.08860759493671,-0.189873417721519,0.660744601008753
2.16455696202532,-0.189873417721519,0.614316305653243
2.24050632911392,-0.189873417721519,0.571691879416401
2.31645569620253,-0.189873417721519,0.533206687208676
2.39240506329114,-0.189873417721519,0.49907633884671
2.46835443037975,-0.189873417721519,0.469403359867881
2.54430379746835,-0.189873417721519,0.444186264536468
2.62025316455696,-0.189873417721519,0.423330528301316
2.69620253164557,-0.189873417721519,0.406660942351139
2.77215189873418,-0.189873417721519,0.393934838263683
2.84810126582278,-0.189873417721519,0.384855693947392
2.92405063291139,-0.189873417721519,0.379086670476686
3,-0.189873417721519,0.376263680000293
-3,-0.113924050632911,0.609471344298795
-2.92405063291139,-0.113924050632911,0.606635296619256
-2.84810126582278,-0.113924050632911,0.600839589632596
-2.77215189873418,-0.113924050632911,0.591718451468745
-2.69620253164557,-0.113924050632911,0.57893348521802
-2.62025316455696,-0.113924050632911,0.562186797282578
-2.54430379746835,-0.113924050632911,0.541234596823738
-2.46835443037975,-0.113924050632911,0.515900864635328
-2.39240506329114,-0.113924050632911,0.48609063896094
-2.31645569620253,-0.113924050632911,0.451802427192869
-2.24050632911392,-0.113924050632911,0.413139229080774
-2.16455696202532,-0.113924050632911,0.370317651703319
-2.08860759493671,-0.113924050632911,0.323674611137276
-2.0126582278481,-0.113924050632911,0.273671151913282
-1.93670886075949,-0.113924050632911,0.220892973549924
-1.86075949367089,-0.113924050632911,0.16604733333108
-1.78481012658228,-0.113924050632911,0.109956094636277
-1.70886075949367,-0.113924050632911,0.0535448081063014
-1.63291139240506,-0.113924050632911,-0.00217215473453319
-1.55696202531646,-0.113924050632911,-0.0561102534666211
-1.48101265822785,-0.113924050632911,-0.107136907348102
-1.40506329113924,-0.113924050632911,-0.154096645370523
-1.32911392405063,-0.113924050632911,-0.195838683806167
-1.25316455696203,-0.113924050632911,-0.231246211830051
-1.17721518987342,-0.113924050632911,-0.259266559922281
-1.10126582278481,-0.113924050632911,-0.278941345022541
-1.0253164556962,-0.113924050632911,-0.289435635625549
-0.949367088607595,-0.113924050632911,-0.29006516292172
-0.873417721518987,-0.113924050632911,-0.280320623153281
-0.79746835443038,-0.113924050632911,-0.259888172548717
-0.721518987341772,-0.113924050632911,-0.22866530890064
-0.645569620253164,-0.113924050632911,-0.1867714608127
-0.569620253164557,-0.113924050632911,-0.134552763012843
-0.493670886075949,-0.113924050632911,-0.0725806785895182
-0.417721518987342,-0.113924050632911,-0.00164432995239899
-0.341772151898734,-0.113924050632911,0.0772633878626527
-0.265822784810127,-0.113924050632911,0.162965623530437
-0.189873417721519,-0.113924050632911,0.254126819043018
-0.113924050632911,-0.113924050632911,0.349282702426379
-0.0379746835443036,-0.113924050632911,0.446874162248458
0.037974683544304,-0.113924050632911,0.545284001270553
0.113924050632912,-0.113924050632911,0.642875461092633
0.189873417721519,-0.113924050632911,0.738031344475993
0.265822784810127,-0.113924050632911,0.829192539988574
0.341772151898734,-0.113924050632911,0.914894775656358
0.417721518987342,-0.113924050632911,0.99380249347141
0.493670886075949,-0.113924050632911,1.06473884210853
0.569620253164557,-0.113924050632911,1.12671092653185
0.645569620253164,-0.113924050632911,1.17892962433171
0.721518987341772,-0.113924050632911,1.22082347241965
0.79746835443038,-0.113924050632911,1.25204633606773
0.873417721518988,-0.113924050632911,1.27247878667229
0.949367088607595,-0.113924050632911,1.28222332644073
1.0253164556962,-0.113924050632911,1.28159379914456
1.10126582278481,-0.113924050632911,1.27109950854155
1.17721518987342,-0.113924050632911,1.25142472344129
1.25316455696203,-0.113924050632911,1.22340437534906
1.32911392405063,-0.113924050632911,1.18799684732518
1.40506329113924,-0.113924050632911,1.14625480888953
1.48101265822785,-0.113924050632911,1.09929507086711
1.55696202531646,-0.113924050632911,1.04826841698563
1.63291139240506,-0.113924050632911,0.994330318253544
1.70886075949367,-0.113924050632911,0.93861335541271
1.78481012658228,-0.113924050632911,0.882202068882734
1.86075949367089,-0.113924050632911,0.826110830187931
1.93670886075949,-0.113924050632911,0.771265189969086
2.0126582278481,-0.113924050632911,0.718487011605729
2.08860759493671,-0.113924050632911,0.668483552381735
2.16455696202532,-0.113924050632911,0.621840511815692
2.24050632911392,-0.113924050632911,0.579018934438236
2.31645569620253,-0.113924050632911,0.540355736326143
2.39240506329114,-0.113924050632911,0.506067524558071
2.46835443037975,-0.113924050632911,0.476257298883683
2.54430379746835,-0.113924050632911,0.450923566695274
2.62025316455696,-0.113924050632911,0.429971366236433
2.69620253164557,-0.113924050632911,0.413224678300991
2.77215189873418,-0.113924050632911,0.400439712050266
2.84810126582278,-0.113924050632911,0.391318573886415
2.92405063291139,-0.113924050632911,0.385522866899756
3,-0.113924050632911,0.382686819220216
-3,-0.0379746835443036,0.613218032390022
-2.92405063291139,-0.0379746835443036,0.610375433478738
-2.84810126582278,-0.0379746835443036,0.604566338487404
-2.77215189873418,-0.0379746835443036,0.59542413061788
-2.69620253164557,-0.0379746835443036,0.582609631268205
-2.62025316455696,-0.0379746835443036,0.565824258710356
-2.54430379746835,-0.0379746835443036,0.544823658952115
-2.46835443037975,-0.0379746835443036,0.51943140618533
-2.39240506329114,-0.0379746835443036,0.489552319293218
-2.31645569620253,-0.0379746835443036,0.45518490222017
-2.24050632911392,-0.0379746835443036,0.416432392643876
-2.16455696202532,-0.0379746835443036,0.373511898002415
-2.08860759493671,-0.0379746835443036,0.326761112644139
-2.0126582278481,-0.0379746835443036,0.276642146106306
-1.93670886075949,-0.0379746835443036,0.223742050865462
-1.86075949367089,-0.0379746835443036,0.168769717960236
-1.78481012658228,-0.0379746835443036,0.112548909263435
-1.70886075949367,-0.0379746835443036,0.0560073134252956
-1.63291139240506,-0.0379746835443036,0.000161645154618806
-1.55696202531646,-0.0379746835443036,-0.0539010498553031
-1.48101265822785,-0.0379746835443036,-0.10504557461643
-1.40506329113924,-0.0379746835443036,-0.152113788997921
-1.32911392405063,-0.0379746835443036,-0.19395225097723
-1.25316455696203,-0.0379746835443036,-0.229441569911486
-1.17721518987342,-0.0379746835443036,-0.257526644628459
-1.10126582278481,-0.0379746835443036,-0.277246878215934
-1.0253164556962,-0.0379746835443036,-0.287765410488159
-0.949367088607595,-0.0379746835443036,-0.288396391983861
-0.873417721518987,-0.0379746835443036,-0.278629342460483
-0.79746835443038,-0.0379746835443036,-0.258149693171646
-0.721518987341772,-0.0379746835443036,-0.226854705131251
-0.645569620253164,-0.0379746835443036,-0.184864082821403
-0.569620253164557,-0.0379746835443036,-0.132524760536589
-0.493670886075949,-0.0379746835443036,-0.0704095214372505
-0.417721518987342,-0.0379746835443036,0.000690689204853767
-0.341772151898734,-0.0379746835443036,0.0797806827797717
-0.265822784810127,-0.0379746835443036,0.165680889451675
-0.189873417721519,-0.0379746835443036,0.257052666091711
-0.113924050632911,-0.0379746835443036,0.352428358277426
-0.0379746835443036,-0.0379746835443036,0.450245253050459
0.037974683544304,-0.0379746835443036,0.548882417468381
0.113924050632912,-0.0379746835443036,0.646699312241414
0.189873417721519,-0.0379746835443036,0.742075004427129
0.265822784810127,-0.0379746835443036,0.833446781067165
0.341772151898734,-0.0379746835443036,0.919346987739068
0.417721518987342,-0.0379746835443036,0.998436981313986
0.493670886075949,-0.0379746835443036,1.06953719195609
0.569620253164557,-0.0379746835443036,1.13165243105543
0.645569620253164,-0.0379746835443036,1.18399175334024
0.721518987341772,-0.0379746835443036,1.22598237565009
0.79746835443038,-0.0379746835443036,1.25727736369049
0.873417721518988,-0.0379746835443036,1.27775701297932
0.949367088607595,-0.0379746835443036,1.2875240625027
1.0253164556962,-0.0379746835443036,1.286893081007
1.10126582278481,-0.0379746835443036,1.27637454873477
1.17721518987342,-0.0379746835443036,1.2566543151473
1.25316455696203,-0.0379746835443036,1.22856924043033
1.32911392405063,-0.0379746835443036,1.19307992149607
1.40506329113924,-0.0379746835443036,1.15124145951676
1.48101265822785,-0.0379746835443036,1.10417324513527
1.55696202531646,-0.0379746835443036,1.05302872037414
1.63291139240506,-0.0379746835443036,0.998966025364221
1.70886075949367,-0.0379746835443036,0.943120357093544
1.78481012658228,-0.0379746835443036,0.886578761255404
1.86075949367089,-0.0379746835443036,0.830357952558603
1.93670886075949,-0.0379746835443036,0.775385619653377
2.0126582278481,-0.0379746835443036,0.722485524412534
2.08860759493671,-0.0379746835443036,0.672366557874701
2.16455696202532,-0.0379746835443036,0.625615772516424
2.24050632911392,-0.0379746835443036,0.582695277874963
2.31645569620253,-0.0379746835443036,0.543942768298669
2.39240506329114,-0.0379746835443036,0.509575351225622
2.46835443037975,-0.0379746835443036,0.47969626433351
2.54430379746835,-0.0379746835443036,0.454304011566724
2.62025316455696,-0.0379746835443036,0.433303411808483
2.69620253164557,-0.0379746835443036,0.416518039250635
2.77215189873418,-0.0379746835443036,0.403703539900959
2.84810126582278,-0.0379746835443036,0.394561332031435
2.92405063291139,-0.0379746835443036,0.388752237040101
3,-0.0379746835443036,0.385909638128818
-3,0.037974683544304,0.613218032390022
-2.92405063291139,0.037974683544304,0.610375433478738
-2.84810126582278,0.037974683544304,0.604566338487404
-2.77215189873418,0.037974683544304,0.59542413061788
-2.69620253164557,0.037974683544304,0.582609631268205
-2.62025316455696,0.037974683544304,0.565824258710356
-2.54430379746835,0.037974683544304,0.544823658952115
-2.46835443037975,0.037974683544304,0.51943140618533
-2.39240506329114,0.037974683544304,0.489552319293218
-2.31645569620253,0.037974683544304,0.45518490222017
-2.24050632911392,0.037974683544304,0.416432392643876
-2.16455696202532,0.037974683544304,0.373511898002415
-2.08860759493671,0.037974683544304,0.326761112644139
-2.0126582278481,0.037974683544304,0.276642146106306
-1.93670886075949,0.037974683544304,0.223742050865462
-1.86075949367089,0.037974683544304,0.168769717960236
-1.78481012658228,0.037974683544304,0.112548909263435
-1.70886075949367,0.037974683544304,0.0560073134252956
-1.63291139240506,0.037974683544304,0.000161645154618806
-1.55696202531646,0.037974683544304,-0.0539010498553031
-1.48101265822785,0.037974683544304,-0.10504557461643
-1.40506329113924,0.037974683544304,-0.152113788997921
-1.32911392405063,0.037974683544304,-0.19395225097723
-1.25316455696203,0.037974683544304,-0.229441569911486
-1.17721518987342,0.037974683544304,-0.257526644628459
-1.10126582278481,0.037974683544304,-0.277246878215934
-1.0253164556962,0.037974683544304,-0.287765410488159
-0.949367088607595,0.037974683544304,-0.288396391983861
-0.873417721518987,0.037974683544304,-0.278629342460483
-0.79746835443038,0.037974683544304,-0.258149693171646
-0.721518987341772,0.037974683544304,-0.226854705131251
-0.645569620253164,0.037974683544304,-0.184864082821403
-0.569620253164557,0.037974683544304,-0.132524760536589
-0.493670886075949,0.037974683544304,-0.0704095214372505
-0.417721518987342,0.037974683544304,0.000690689204853767
-0.341772151898734,0.037974683544304,0.0797806827797717
-0.265822784810127,0.037974683544304,0.165680889451675
-0.189873417721519,0.037974683544304,0.257052666091711
-0.113924050632911,0.037974683544304,0.352428358277426
-0.0379746835443036,0.037974683544304,0.450245253050459
0.037974683544304,0.037974683544304,0.548882417468381
0.113924050632912,0.037974683544304,0.646699312241414
0.189873417721519,0.037974683544304,0.742075004427129
0.265822784810127,0.037974683544304,0.833446781067165
0.341772151898734,0.037974683544304,0.919346987739068
0.417721518987342,0.037974683544304,0.998436981313986
0.493670886075949,0.037974683544304,1.06953719195609
0.569620253164557,0.037974683544304,1.13165243105543
0.645569620253164,0.037974683544304,1.18399175334024
0.721518987341772,0.037974683544304,1.22598237565009
0.79746835443038,0.037974683544304,1.25727736369049
0.873417721518988,0.037974683544304,1.27775701297932
0.949367088607595,0.037974683544304,1.2875240625027
1.0253164556962,0.037974683544304,1.286893081007
1.10126582278481,0.037974683544304,1.27637454873477
1.17721518987342,0.037974683544304,1.2566543151473
1.25316455696203,0.037974683544304,1.22856924043033
1.32911392405063,0.037974683544304,1.19307992149607
1.40506329113924,0.037974683544304,1.15124145951676
1.48101265822785,0.037974683544304,1.10417324513527
1.55696202531646,0.037974683544304,1.05302872037414
1.63291139240506,0.037974683544304,0.998966025364221
1.70886075949367,0.037974683544304,0.943120357093544
1.78481012658228,0.037974683544304,0.886578761255404
1.86075949367089,0.037974683544304,0.830357952558603
1.93670886075949,0.037974683544304,0.775385619653377
2.0126582278481,0.037974683544304,0.722485524412534
2.08860759493671,0.037974683544304,0.672366557874701
2.16455696202532,0.037974683544304,0.625615772516424
2.24050632911392,0.037974683544304,0.582695277874963
2.31645569620253,0.037974683544304,0.543942768298669
2.39240506329114,0.037974683544304,0.509575351225622
2.46835443037975,0.037974683544304,0.47969626433351
2.54430379746835,0.037974683544304,0.454304011566724
2.62025316455696,0.037974683544304,0.433303411808483
2.69620253164557,0.037974683544304,0.416518039250635
2.77215189873418,0.037974683544304,0.403703539900959
2.84810126582278,0.037974683544304,0.394561332031435
2.92405063291139,0.037974683544304,0.388752237040101
3,0.037974683544304,0.385909638128818
-3,0.113924050632912,0.609471344298795
-2.92405063291139,0.113924050632912,0.606635296619256
-2.84810126582278,0.113924050632912,0.600839589632596
-2.77215189873418,0.113924050632912,0.591718451468745
-2.69620253164557,0.113924050632912,0.57893348521802
-2.62025316455696,0.113924050632912,0.562186797282578
-2.54430379746835,0.113924050632912,0.541234596823738
-2.46835443037975,0.113924050632912,0.515900864635328
-2.39240506329114,0.113924050632912,0.48609063896094
-2.31645569620253,0.113924050632912,0.451802427192869
-2.24050632911392,0.113924050632912,0.413139229080774
-2.16455696202532,0.113924050632912,0.370317651703319
-2.08860759493671,0.113924050632912,0.323674611137276
-2.0126582278481,0.113924050632912,0.273671151913282
-1.93670886075949,0.113924050632912,0.220892973549924
-1.86075949367089,0.113924050632912,0.16604733333108
-1.78481012658228,0.113924050632912,0.109956094636277
-1.70886075949367,0.113924050632912,0.0535448081063014
-1.63291139240506,0.113924050632912,-0.00217215473453319
-1.55696202531646,0.113924050632912,-0.0561102534666211
-1.48101265822785,0.113924050632912,-0.107136907348102
-1.40506329113924,0.113924050632912,-0.154096645370523
-1.32911392405063,0.113924050632912,-0.195838683806167
-1.25316455696203,0.113924050632912,-0.231246211830051
-1.17721518987342,0.113924050632912,-0.259266559922281
-1.10126582278481,0.113924050632912,-0.278941345022541
-1.0253164556962,0.113924050632912,-0.289435635625549
-0.949367088607595,0.113924050632912,-0.29006516292172
-0.873417721518987,0.113924050632912,-0.280320623153281
-0.79746835443038,0.113924050632912,-0.259888172548717
-0.721518987341772,0.113924050632912,-0.22866530890064
-0.645569620253164,0.113924050632912,-0.1867714608127
-0.569620253164557,0.113924050632912,-0.134552763012843
-0.493670886075949,0.113924050632912,-0.0725806785895182
-0.417721518987342,0.113924050632912,-0.00164432995239899
-0.341772151898734,0.113924050632912,0.0772633878626527
-0.265822784810127,0.113924050632912,0.162965623530437
-0.189873417721519,0.113924050632912,0.254126819043018
-0.113924050632911,0.113924050632912,0.349282702426379
-0.0379746835443036,0.113924050632912,0.446874162248458
0.037974683544304,0.113924050632912,0.545284001270553
0.113924050632912,0.113924050632912,0.642875461092633
0.189873417721519,0.113924050632912,0.738031344475993
0.265822784810127,0.113924050632912,0.829192539988574
0.341772151898734,0.113924050632912,0.914894775656358
0.417721518987342,0.113924050632912,0.99380249347141
0.493670886075949,0.113924050632912,1.06473884210853
0.569620253164557,0.113924050632912,1.12671092653185
0.645569620253164,0.113924050632912,1.17892962433171
0.721518987341772,0.113924050632912,1.22082347241965
0.79746835443038,0.113924050632912,1.25204633606773
0.873417721518988,0.113924050632912,1.27247878667229
0.949367088607595,0.113924050632912,1.28222332644073
1.0253164556962,0.113924050632912,1.28159379914456
1.10126582278481,0.113924050632912,1.27109950854155
1.17721518987342,0.113924050632912,1.25142472344129
1.25316455696203,0.113924050632912,1.22340437534906
1.32911392405063,0.113924050632912,1.18799684732518
1.40506329113924,0.113924050632912,1.14625480888953
1.48101265822785,0.113924050632912,1.09929507086711
1.55696202531646,0.113924050632912,1.04826841698563
1.63291139240506,0.113924050632912,0.994330318253544
1.70886075949367,0.113924050632912,0.93861335541271
1.78481012658228,0.113924050632912,0.882202068882734
1.86075949367089,0.113924050632912,0.826110830187931
1.93670886075949,0.113924050632912,0.771265189969086
2.0126582278481,0.113924050632912,0.718487011605729
2.08860759493671,0.113924050632912,0.668483552381735
2.16455696202532,0.113924050632912,0.621840511815692
2.24050632911392,0.113924050632912,0.579018934438236
2.31645569620253,0.113924050632912,0.540355736326143
2.39240506329114,0.113924050632912,0.506067524558071
2.46835443037975,0.113924050632912,0.476257298883683
2.54430379746835,0.113924050632912,0.450923566695274
2.62025316455696,0.113924050632912,0.429971366236433
2.69620253164557,0.113924050632912,0.413224678300991
2.77215189873418,0.113924050632912,0.400439712050266
2.84810126582278,0.113924050632912,0.391318573886415
2.92405063291139,0.113924050632912,0.385522866899756
3,0.113924050632912,0.382686819220216
-3,0.189873417721519,0.602004085956434
-2.92405063291139,0.189873417721519,0.599181095480041
-2.84810126582278,0.189873417721519,0.593412072009335
-2.77215189873418,0.189873417721519,0.584332927693044
-2.69620253164557,0.189873417721519,0.571606823605588
-2.62025316455696,0.189873417721519,0.554937237655411
-2.54430379746835,0.189873417721519,0.534081501420259
-2.46835443037975,0.189873417721519,0.508864406088846
-2.39240506329114,0.189873417721519,0.479191427110016
-2.31645569620253,0.189873417721519,0.445061078748051
-2.24050632911392,0.189873417721519,0.406575886540326
-2.16455696202532,0.189873417721519,0.363951460303484
-2.08860759493671,0.189873417721519,0.317523164947974
-2.0126582278481,0.189873417721519,0.267749922348971
-1.93670886075949,0.189873417721519,0.215214735456295
-1.86075949367089,0.189873417721519,0.160621605331404
-1.78481012658228,0.189873417721519,0.104788611483343
-1.70886075949367,0.189873417721519,0.0486370433048149
-1.63291139240506,0.189873417721519,-0.00682339786053915
-1.55696202531646,0.189873417721519,-0.0605131648323601
-1.48101265822785,0.189873417721519,-0.111304891286349
-1.40506329113924,0.189873417721519,-0.158048426018723
-1.32911392405063,0.189873417721519,-0.199598283526126
-1.25316455696203,0.189873417721519,-0.234842794796221
-1.17721518987342,0.189873417721519,-0.262734136814292
-1.10126582278481,0.189873417721519,-0.282318338929024
-1.0253164556962,0.189873417721519,-0.292764313671454
-0.949367088607595,0.189873417721519,-0.293390942615157
-0.873417721518987,0.189873417721519,-0.283691266843977
-0.79746835443038,0.189873417721519,-0.26335288752751
-0.721518987341772,0.189873417721519,-0.232273774379962
-0.645569620253164,0.189873417721519,-0.190572806154022
-0.569620253164557,0.189873417721519,-0.138594523968514
-0.493670886075949,0.189873417721519,-0.0769077598878417
-0.417721518987342,0.189873417721519,-0.00629800319107743
-0.341772151898734,0.189873417721519,0.0722464223885361
-0.265822784810127,0.189873417721519,0.157554083765745
-0.189873417721519,0.189873417721519,0.248295571860345
-0.113924050632911,0.189873417721519,0.343013356226947
-0.0379746835443036,0.189873417721519,0.440155503604311
0.037974683544304,0.189873417721519,0.538112262352417
0.113924050632912,0.189873417721519,0.635254409729781
0.189873417721519,0.189873417721519,0.729972194096382
0.265822784810127,0.189873417721519,0.820713682190982
0.341772151898734,0.189873417721519,0.906021343568191
0.417721518987342,0.189873417721519,0.984565769147804
0.493670886075949,0.189873417721519,1.05517552584457
0.569620253164557,0.189873417721519,1.11686228992524
0.645569620253164,0.189873417721519,1.16884057211075
0.721518987341772,0.189873417721519,1.21054154033669
0.79746835443038,0.189873417721519,1.24162065348424
0.873417721518988,0.189873417721519,1.2619590328007
0.949367088607595,0.189873417721519,1.27165870857188
1.0253164556962,0.189873417721519,1.27103207962818
1.10126582278481,0.189873417721519,1.26058610488575
1.17721518987342,0.189873417721519,1.24100190277102
1.25316455696203,0.189873417721519,1.21311056075295
1.32911392405063,0.189873417721519,1.17786604948285
1.40506329113924,0.189873417721519,1.13631619197545
1.48101265822785,0.189873417721519,1.08957265724308
1.55696202531646,0.189873417721519,1.03878093078909
1.63291139240506,0.189873417721519,0.985091163817266
1.70886075949367,0.189873417721519,0.929630722651912
1.78481012658228,0.189873417721519,0.873479154473384
1.86075949367089,0.189873417721519,0.817646160625323
1.93670886075949,0.189873417721519,0.763053030500432
2.0126582278481,0.189873417721519,0.710517843607756
2.08860759493671,0.189873417721519,0.660744601008753
2.16455696202532,0.189873417721519,0.614316305653243
2.24050632911392,0.189873417721519,0.571691879416401
2.31645569620253,0.189873417721519,0.533206687208676
2.39240506329114,0.189873417721519,0.49907633884671
2.46835443037975,0.189873417721519,0.469403359867881
2.54430379746835,0.189873417721519,0.444186264536468
2.62025316455696,0.189873417721519,0.423330528301316
2.69620253164557,0.189873417721519,0.406660942351139
2.77215189873418,0.189873417721519,0.393934838263683
2.84810126582278,0.189873417721519,0.384855693947392
2.92405063291139,0.189873417721519,0.379086670476686
3,0.189873417721519,0.376263680000293
-3,0.265822784810127,0.590868302658094
-2.92405063291139,0.265822784810127,0.588064785356313
-2.84810126582278,0.265822784810127,0.58233555699024
-2.77215189873418,0.265822784810127,0.57331904121063
-2.69620253164557,0.265822784810127,0.560680722629042
-2.62025316455696,0.265822784810127,0.544126124582876
-2.54430379746835,0.265822784810127,0.523414252592669
-2.46835443037975,0.265822784810127,0.49837110644908
-2.39240506329114,0.265822784810127,0.468902813637545
-2.31645569620253,0.265822784810127,0.435007898671048
-2.24050632911392,0.265822784810127,0.39678817985904
-2.16455696202532,0.265822784810127,0.354457779727422
-2.08860759493671,0.265822784810127,0.308349749817357
-2.0126582278481,0.265822784810127,0.258919846330638
-1.93670886075949,0.265822784810127,0.20674705062426
-1.86075949367089,0.265822784810127,0.1525305075139
-1.78481012658228,0.265822784810127,0.0970826533421587
-1.70886075949367,0.265822784810127,0.0413184223867058
-1.63291139240506,0.265822784810127,-0.0137594489953214
-1.55696202531646,0.265822784810127,-0.06707886041126
-1.48101265822785,0.265822784810127,-0.117520222184118
-1.40506329113924,0.265822784810127,-0.16394131692902
-1.32911392405063,0.265822784810127,-0.205204560777212
-1.25316455696203,0.265822784810127,-0.240205953082569
-1.17721518987342,0.265822784810127,-0.267904898782682
-1.10126582278481,0.265822784810127,-0.287354007778747
-1.0253164556962,0.265822784810127,-0.297727925498011
-0.949367088607595,0.265822784810127,-0.298350231913905
-0.873417721518987,0.265822784810127,-0.288717465146335
-0.79746835443038,0.265822784810127,-0.268519381312645
-0.721518987341772,0.265822784810127,-0.237654653938686
-0.645569620253164,0.265822784810127,-0.196241341743666
-0.569620253164557,0.265822784810127,-0.144621609179034
-0.493670886075949,0.265822784810127,-0.0833603644680709
-0.417721518987342,0.265822784810127,-0.0132376785329636
-0.341772151898734,0.265822784810127,0.0647649424153826
-0.265822784810127,0.265822784810127,0.149484145914445
-0.189873417721519,0.265822784810127,0.239599693235592
-0.113924050632911,0.265822784810127,0.333664108074637
-0.0379746835443036,0.265822784810127,0.430136162508397
0.037974683544304,0.265822784810127,0.527417209069903
0.113924050632912,0.265822784810127,0.623889263503663
0.189873417721519,0.265822784810127,0.717953678342707
0.265822784810127,0.265822784810127,0.808069225663854
0.341772151898734,0.265822784810127,0.892788429162916
0.417721518987342,0.265822784810127,0.970791050111263
0.493670886075949,0.265822784810127,1.04091373604637
0.569620253164557,0.265822784810127,1.10217498075733
0.645569620253164,0.265822784810127,1.15379471332197
0.721518987341772,0.265822784810127,1.19520802551699
0.79746835443038,0.265822784810127,1.22607275289094
0.873417721518988,0.265822784810127,1.24627083672463
0.949367088607595,0.265822784810127,1.2559036034922
1.0253164556962,0.265822784810127,1.25528129707631
1.10126582278481,0.265822784810127,1.24490737935705
1.17721518987342,0.265822784810127,1.22545827036098
1.25316455696203,0.265822784810127,1.19775932466087
1.32911392405063,0.265822784810127,1.16275793235551
1.40506329113924,0.265822784810127,1.12149468850732
1.48101265822785,0.265822784810127,1.07507359376242
1.55696202531646,0.265822784810127,1.02463223198956
1.63291139240506,0.265822784810127,0.97131282057362
1.70886075949367,0.265822784810127,0.916234949191593
1.78481012658228,0.265822784810127,0.86047071823614
1.86075949367089,0.265822784810127,0.805022864064399
1.93670886075949,0.265822784810127,0.750806320954038
2.0126582278481,0.265822784810127,0.698633525247661
2.08860759493671,0.265822784810127,0.649203621760941
2.16455696202532,0.265822784810127,0.603095591850877
2.24050632911392,0.265822784810127,0.560765191719258
2.31645569620253,0.265822784810127,0.522545472907251
2.39240506329114,0.265822784810127,0.488650557940754
2.46835443037975,0.265822784810127,0.459182265129219
2.54430379746835,0.265822784810127,0.43413911898563
2.62025316455696,0.265822784810127,0.413427246995423
2.69620253164557,0.265822784810127,0.396872648949257
2.77215189873418,0.265822784810127,0.384234330367669
2.84810126582278,0.265822784810127,0.375217814588059
2.92405063291139,0.265822784810127,0.369488586221986
3,0.265822784810127,0.366685068920205
-3,0.341772151898734,0.576141587901858
-2.92405063291139,0.341772151898734,0.57336382603974
-2.84810126582278,0.341772151898734,0.56768723112644
-2.77215189873418,0.341772151898734,0.558753548553528
-2.69620253164557,0.341772151898734,0.546231336068902
-2.62025316455696,0.341772151898734,0.529828822317298
-2.54430379746835,0.341772151898734,0.509307226794808
-2.46835443037975,0.341772151898734,0.484494147802607
-2.39240506329114,0.341772151898734,0.455296575217059
-2.31645569620253,0.341772151898734,0.421713047106198
-2.24050632911392,0.341772151898734,0.383844446391874
-2.16455696202532,0.341772151898734,0.341902928492527
-2.08860759493671,0.341772151898734,0.296218485261097
-2.0126582278481,0.341772151898734,0.247242685944173
-1.93670886075949,0.341772151898734,0.195549192894869
-1.86075949367089,0.341772151898734,0.141830728003595
-1.78481012658228,0.341772151898734,0.0868922638975724
-1.70886075949367,0.341772151898734,0.0316403295078833
-1.63291139240506,0.341772151898734,-0.0229315507777883
-1.55696202531646,0.341772151898734,-0.075761125771904
-1.48101265822785,0.341772151898734,-0.125739091278627
-1.40506329113924,0.341772151898734,-0.171733723271163
-1.32911392405063,0.341772151898734,-0.212617888671514
-1.25316455696203,0.341772151898734,-0.247297729100914
-1.17721518987342,0.341772151898734,-0.274742209267937
-1.10126582278481,0.341772151898734,-0.294012642586509
-1.0253164556962,0.341772151898734,-0.304291256876854
-0.949367088607595,0.341772151898734,-0.304907846268873
-0.873417721518987,0.341772151898734,-0.295363574101682
-0.79746835443038,0.341772151898734,-0.275351046650743
-0.721518987341772,0.341772151898734,-0.244769868311102
-0.645569620253164,0.341772151898734,-0.203737013216466
-0.569620253164557,0.341772151898734,-0.152591502411292
-0.493670886075949,0.341772151898734,-0.091893054402481
-0.417721518987342,0.341772151898734,-0.0224145737324902
-0.341772151898734,0.341772151898734,0.0548714503194634
-0.265822784810127,0.341772151898734,0.138812352813327
-0.189873417721519,0.341772151898734,0.22810002383055
-0.113924050632911,0.341772151898734,0.321300284787134
-0.0379746835443036,0.341772151898734,0.416886066760361
0.037974683544304,0.341772151898734,0.513273408787375
0.113924050632912,0.341772151898734,0.608859190760603
0.189873417721519,0.341772151898734,0.702059451717187
0.265822784810127,0.341772151898734,0.79134712273441
0.341772151898734,0.341772151898734,0.875288025228273
0.417721518987342,0.341772151898734,0.952574049280227
0.493670886075949,0.341772151898734,1.02205252995022
0.569620253164557,0.341772151898734,1.08275097795903
0.645569620253164,0.341772151898734,1.1338964887642
0.721518987341772,0.341772151898734,1.17492934385884
0.79746835443038,0.341772151898734,1.20551052219848
0.873417721518988,0.341772151898734,1.22552304964942
0.949367088607595,0.341772151898734,1.23506732181661
1.0253164556962,0.341772151898734,1.23445073242459
1.10126582278481,0.341772151898734,1.22417211813425
1.17721518987342,0.341772151898734,1.20490168481567
1.25316455696203,0.341772151898734,1.17745720464865
1.32911392405063,0.341772151898734,1.14277736421925
1.40506329113924,0.341772151898734,1.1018931988189
1.48101265822785,0.341772151898734,1.05589856682636
1.55696202531646,0.341772151898734,1.00592060131964
1.63291139240506,0.341772151898734,0.953091026325525
1.70886075949367,0.341772151898734,0.898519146039853
1.78481012658228,0.341772151898734,0.843267211650164
1.86075949367089,0.341772151898734,0.788328747544141
1.93670886075949,0.341772151898734,0.734610282652867
2.0126582278481,0.341772151898734,0.682916789603564
2.08860759493671,0.341772151898734,0.633940990286639
2.16455696202532,0.341772151898734,0.58825654705521
2.24050632911392,0.341772151898734,0.546315029155862
2.31645569620253,0.341772151898734,0.508446428441538
2.39240506329114,0.341772151898734,0.474862900330677
2.46835443037975,0.341772151898734,0.445665327745129
2.54430379746835,0.341772151898734,0.420852248752929
2.62025316455696,0.341772151898734,0.400330653230438
2.69620253164557,0.341772151898734,0.383928139478834
2.77215189873418,0.341772151898734,0.371405926994208
2.84810126582278,0.341772151898734,0.362472244421296
2.92405063291139,0.341772151898734,0.356795649507996
3,0.341772151898734,0.354017887645879
-3,0.417721518987342,0.557926518290194
-2.92405063291139,0.417721518987342,0.555180618248789
-2.84810126582278,0.417721518987342,0.549569135702338
-2.77215189873418,0.417721518987342,0.540737925337833
-2.69620253164557,0.417721518987342,0.528359346652256
-2.62025316455696,0.417721518987342,0.512144975001498
-2.54430379746835,0.417721518987342,0.491858768770721
-2.46835443037975,0.417721518987342,0.467330303763958
-2.39240506329114,0.417721518987342,0.438467636713563
-2.31645569620253,0.417721518987342,0.405269322456401
-2.24050632911392,0.417721518987342,0.367835086754804
-2.16455696202532,0.417721518987342,0.326374651536426
-2.08860759493671,0.417721518987342,0.281214223541666
-2.0126582278481,0.417721518987342,0.232800192372821
-1.93670886075949,0.417721518987342,0.181699640291569
-1.86075949367089,0.417721518987342,0.128597343445749
-1.78481012658228,0.417721518987342,0.0742890411680093
-1.70886075949367,0.417721518987342,0.0196708642114364
-1.63291139240506,0.417721518987342,-0.03427505908011
-1.55696202531646,0.417721518987342,-0.0864986618813836
-1.48101265822785,0.417721518987342,-0.135903364071956
-1.40506329113924,0.417721518987342,-0.181370422863108
-1.32911392405063,0.417721518987342,-0.22178563375525
-1.25316455696203,0.417721518987342,-0.256067685276548
-1.17721518987342,0.417721518987342,-0.283197368441512
-1.10126582278481,0.417721518987342,-0.302246763700694
-1.0253164556962,0.417721518987342,-0.312407478983871
-0.949367088607595,0.417721518987342,-0.31301699589753
-0.873417721518987,0.417721518987342,-0.3035821995975
-0.79746835443038,0.417721518987342,-0.283799222263993
-0.721518987341772,0.417721518987342,-0.253568819861888
-0.645569620253164,0.417721518987342,-0.213006624794008
-0.569620253164557,0.417721518987342,-0.162447769424545
-0.493670886075949,0.417721518987342,-0.102445552109359
-0.417721518987342,0.417721518987342,-0.0337640119275627
-0.341772151898734,0.417721518987342,0.0426355166059993
-0.265822784810127,0.417721518987342,0.125613589988347
-0.189873417721519,0.417721518987342,0.21387710274183
-0.113924050632911,0.417721518987342,0.306008326771435
-0.0379746835443036,0.417721518987342,0.400497709125447
0.037974683544304,0.417721518987342,0.495779457381986
0.113924050632912,0.417721518987342,0.590268839735999
0.189873417721519,0.417721518987342,0.682400063765603
0.265822784810127,0.417721518987342,0.770663576519086
0.341772151898734,0.417721518987342,0.853641649901434
0.417721518987342,0.417721518987342,0.930041178434996
0.493670886075949,0.417721518987342,0.998722718616792
0.569620253164557,0.417721518987342,1.05872493593198
0.645569620253164,0.417721518987342,1.10928379130144
0.721518987341772,0.417721518987342,1.14984598636932
0.79746835443038,0.417721518987342,1.18007638877143
0.873417721518988,0.417721518987342,1.19985936610493
0.949367088607595,0.417721518987342,1.20929416240496
1.0253164556962,0.417721518987342,1.2086846454913
1.10126582278481,0.417721518987342,1.19852393020813
1.17721518987342,0.417721518987342,1.17947453494895
1.25316455696203,0.417721518987342,1.15234485178398
1.32911392405063,0.417721518987342,1.11806280026268
1.40506329113924,0.417721518987342,1.07764758937054
1.48101265822785,0.417721518987342,1.03218053057939
1.55696202531646,0.417721518987342,0.982775828388816
1.63291139240506,0.417721518987342,0.930552225587543
1.70886075949367,0.417721518987342,0.876606302295997
1.78481012658228,0.417721518987342,0.821988125339424
1.86075949367089,0.417721518987342,0.767679823061683
1.93670886075949,0.417721518987342,0.714577526215863
2.0126582278481,0.417721518987342,0.663476974134612
2.08860759493671,0.417721518987342,0.615062942965767
2.16455696202532,0.417721518987342,0.569902514971007
2.24050632911392,0.417721518987342,0.528442079752628
2.31645569620253,0.417721518987342,0.491007844051032
2.39240506329114,0.417721518987342,0.457809529793869
2.46835443037975,0.417721518987342,0.428946862743475
2.54430379746835,0.417721518987342,0.404418397736712
2.62025316455696,0.417721518987342,0.384132191505935
2.69620253164557,0.417721518987342,0.367917819855177
2.77215189873418,0.417721518987342,0.3555392411696
2.84810126582278,0.417721518987342,0.346708030805095
2.92405063291139,0.417721518987342,0.341096548258644
3,0.417721518987342,0.338350648217239
-3,0.493670886075949,0.536349907078301
-2.92405063291139,0.493670886075949,0.533641759177279
-2.84810126582278,0.493670886075949,0.528107426371771
-2.77215189873418,0.493670886075949,0.519397632332844
-2.69620253164557,0.493670886075949,0.507189241138885
-2.62025316455696,0.493670886075949,0.491197793566042
-2.54430379746835,0.493670886075949,0.471190493229112
-2.46835443037975,0.493670886075949,0.44699925901748
-2.39240506329114,0.493670886075949,0.418533411749992
-2.31645569620253,0.493670886075949,0.385791526132406
-2.24050632911392,0.493670886075949,0.34887195684256
-2.16455696202532,0.493670886075949,0.307981542435974
-2.08860759493671,0.493670886075949,0.263442004783799
-2.0126582278481,0.493670886075949,0.215693596279155
-1.93670886075949,0.493670886075949,0.165295602625642
-1.86075949367089,0.493670886075949,0.112923385292896
-1.78481012658228,0.493670886075949,0.059361743352617
-1.70886075949367,0.493670886075949,0.00549448706061034
-1.63291139240506,0.493670886075949,-0.0477097580786067
-1.55696202531646,0.493670886075949,-0.0992153621346502
-1.48101265822785,0.493670886075949,-0.147940821372256
-1.40506329113924,0.493670886075949,-0.192782774092392
-1.32911392405063,0.493670886075949,-0.232642334490271
-1.25316455696203,0.493670886075949,-0.266453057557462
-1.17721518987342,0.493670886075949,-0.293209746952826
-1.10126582278481,0.493670886075949,-0.31199724067401
-1.0253164556962,0.493670886075949,-0.322018260868517
-0.949367088607595,0.493670886075949,-0.322619397809219
-0.873417721518987,0.493670886075949,-0.313314316265382
-0.79746835443038,0.493670886075949,-0.293803326158732
-0.721518987341772,0.493670886075949,-0.263988547915593
-0.645569620253164,0.493670886075949,-0.223984024161073
-0.569620253164557,0.493670886075949,-0.174120279675738
-0.493670886075949,0.493670886075949,-0.11494300576607
-0.417721518987342,0.493670886075949,-0.0472057370827129
-0.341772151898734,0.493670886075949,0.0281434088138637
-0.265822784810127,0.493670886075949,0.109980654115145
-0.189873417721519,0.493670886075949,0.197030671667085
-0.113924050632911,0.493670886075949,0.287895225078397
-0.0379746835443036,0.493670886075949,0.381085515559604
0.037974683544304,0.493670886075949,0.475057278062156
0.113924050632912,0.493670886075949,0.568247568543363
0.189873417721519,0.493670886075949,0.659112121954674
0.265822784810127,0.493670886075949,0.746162139506615
0.341772151898734,0.493670886075949,0.827999384807896
0.417721518987342,0.493670886075949,0.903348530704472
0.493670886075949,0.493670886075949,0.97108579938783
0.569620253164557,0.493670886075949,1.0302630732975
0.645569620253164,0.493670886075949,1.08012681778283
0.721518987341772,0.493670886075949,1.12013134153735
0.79746835443038,0.493670886075949,1.14994611978049
0.873417721518988,0.493670886075949,1.16945710988714
0.949367088607595,0.493670886075949,1.17876219143098
1.0253164556962,0.493670886075949,1.17816105449028
1.10126582278481,0.493670886075949,1.16814003429577
1.17721518987342,0.493670886075949,1.14935254057459
1.25316455696203,0.493670886075949,1.12259585117922
1.32911392405063,0.493670886075949,1.08878512811203
1.40506329113924,0.493670886075949,1.04892556771415
1.48101265822785,0.493670886075949,1.00408361499402
1.55696202531646,0.493670886075949,0.955358155756409
1.63291139240506,0.493670886075949,0.903852551700366
1.70886075949367,0.493670886075949,0.850648306561149
1.78481012658228,0.493670886075949,0.796781050269142
1.86075949367089,0.493670886075949,0.743219408328863
1.93670886075949,0.493670886075949,0.690847190996117
2.0126582278481,0.493670886075949,0.640449197342604
2.08860759493671,0.493670886075949,0.59270078883796
2.16455696202532,0.493670886075949,0.548161251185786
2.24050632911392,0.493670886075949,0.507270836779199
2.31645569620253,0.493670886075949,0.470351267489353
2.39240506329114,0.493670886075949,0.437609381871767
2.46835443037975,0.493670886075949,0.409143534604279
2.54430379746835,0.493670886075949,0.384952300392647
2.62025316455696,0.493670886075949,0.364945000055717
2.69620253164557,0.493670886075949,0.348953552482875
2.77215189873418,0.493670886075949,0.336745161288916
2.84810126582278,0.493670886075949,0.328035367249989
2.92405063291139,0.493670886075949,0.322501034444481
3,0.493670886075949,0.319792886543459
-3,0.569620253164557,0.511561882290656
-2.92405063291139,0.569620253164557,0.508897123050645
-2.84810126582278,0.569620253164557,0.503451458700036
-2.77215189873418,0.569620253164557,0.494881208849551
-2.69620253164557,0.569620253164557,0.48286841470803
-2.62025316455696,0.569620253164557,0.467133174522366
-2.54430379746835,0.569620253164557,0.447446421660607
-2.46835443037975,0.569620253164557,0.423642767927962
-2.39240506329114,0.569620253164557,0.395632986962101
-2.31645569620253,0.569620253164557,0.363415676304171
-2.24050632911392,0.569620253164557,0.327087614840018
-2.16455696202532,0.569620253164557,0.286852327255942
-2.08860759493671,0.569620253164557,0.243026380947891
-2.0126582278481,0.569620253164557,0.196042974793983
-1.93670886075949,0.569620253164557,0.146452433887582
-1.86075949367089,0.569620253164557,0.0949192993772275
-1.78481012658228,0.569620253164557,0.0422157966561765
-1.70886075949367,0.569620253164557,-0.0107884240084321
-1.63291139240506,0.569620253164557,-0.0631402559704299
-1.55696202531646,0.569620253164557,-0.113820661670907
-1.48101265822785,0.569620253164557,-0.161765464714416
-1.40506329113924,0.569620253164557,-0.205888980939666
-1.32911392405063,0.569620253164557,-0.245109930368957
-1.25316455696203,0.569620253164557,-0.278378954069897
-1.17721518987342,0.569620253164557,-0.30470696048029
-1.10126582278481,0.569620253164557,-0.323193449889263
-1.0253164556962,0.569620253164557,-0.333053918051867
-0.949367088607595,0.569620253164557,-0.333645423861665
-0.873417721518987,0.569620253164557,-0.324489423920289
-0.79746835443038,0.569620253164557,-0.305291029641734
-0.721518987341772,0.569620253164557,-0.275953929632425
-0.645569620253164,0.569620253164557,-0.236590339380626
-0.569620253164557,0.569620253164557,-0.187525488155662
-0.493670886075949,0.569620253164557,-0.129296324456759
-0.417721518987342,0.569620253164557,-0.0626443101598407
-0.341772151898734,0.569620253164557,0.0114976274644185
-0.265822784810127,0.569620253164557,0.0920237152424677
-0.189873417721519,0.569620253164557,0.17767905870695
-0.113924050632911,0.569620253164557,0.267087823346759
-0.0379746835443036,0.569620253164557,0.358785063200385
0.037974683544304,0.569620253164557,0.451251254701335
0.113924050632912,0.569620253164557,0.542948494554961
0.189873417721519,0.569620253164557,0.632357259194769
0.265822784810127,0.569620253164557,0.718012602659252
0.341772151898734,0.569620253164557,0.798538690437301
0.417721518987342,0.569620253164557,0.87268062806156
0.493670886075949,0.569620253164557,0.939332642358478
0.569620253164557,0.569620253164557,0.997561806057381
0.645569620253164,0.569620253164557,1.04662665728235
0.721518987341772,0.569620253164557,1.08599024753414
0.79746835443038,0.569620253164557,1.11532734754345
0.873417721518988,0.569620253164557,1.13452574182201
0.949367088607595,0.569620253164557,1.14368174176338
1.0253164556962,0.569620253164557,1.14309023595359
1.10126582278481,0.569620253164557,1.13322976779098
1.17721518987342,0.569620253164557,1.11474327838201
1.25316455696203,0.569620253164557,1.08841527197162
1.32911392405063,0.569620253164557,1.05514624827068
1.40506329113924,0.569620253164557,1.01592529884138
1.48101265822785,0.569620253164557,0.971801782616135
1.55696202531646,0.569620253164557,0.923856979572626
1.63291139240506,0.569620253164557,0.87317657387215
1.70886075949367,0.569620253164557,0.820824741910152
1.78481012658228,0.569620253164557,0.767820521245543
1.86075949367089,0.569620253164557,0.715117018524492
1.93670886075949,0.569620253164557,0.663583884014137
2.0126582278481,0.569620253164557,0.613993343107736
2.08860759493671,0.569620253164557,0.567009936953828
2.16455696202532,0.569620253164557,0.523183990645777
2.24050632911392,0.569620253164557,0.482948703061701
2.31645569620253,0.569620253164557,0.446620641597548
2.39240506329114,0.569620253164557,0.414403330939618
2.46835443037975,0.569620253164557,0.386393549973758
2.54430379746835,0.569620253164557,0.362589896241113
2.62025316455696,0.569620253164557,0.342903143379354
2.69620253164557,0.569620253164557,0.32716790319369
2.77215189873418,0.569620253164557,0.315155109052168
2.84810126582278,0.569620253164557,0.306584859201684
2.92405063291139,0.569620253164557,0.301139194851074
3,0.569620253164557,0.298474435611063
-3,0.645569620253164,0.483734796696667
-2.92405063291139,0.645569620253164,0.481118773942268
-2.84810126582278,0.645569620253164,0.475772706785389
-2.77215189873418,0.645569620253164,0.467359200498173
-2.69620253164557,0.645569620253164,0.455566111521775
-2.62025316455696,0.645569620253164,0.440118657300186
-2.54430379746835,0.645569620253164,0.420791960661591
-2.46835443037975,0.645569620253164,0.397423658239579
-2.39240506329114,0.645569620253164,0.36992615555633
-2.31645569620253,0.645569620253164,0.33829807580293
-2.24050632911392,0.645569620253164,0.302634427850619
-2.16455696202532,0.645569620253164,0.263135014068951
-2.08860759493671,0.645569620253164,0.220110612069149
-2.0126582278481,0.645569620253164,0.173986497840626
-1.93670886075949,0.645569620253164,0.125302931435748
-1.86075949367089,0.645569620253164,0.0747123000344588
-1.78481012658228,0.645569620253164,0.0229727055958199
-1.70886075949367,0.645569620253164,-0.0290621068764749
-1.63291139240506,0.645569620253164,-0.0804564623554633
-1.55696202531646,0.645569620253164,-0.13020996072932
-1.48101265822785,0.645569620253164,-0.177277888605786
-1.40506329113924,0.645569620253164,-0.22059441818797
-1.32911392405063,0.645569620253164,-0.259098045313295
-1.25316455696203,0.645569620253164,-0.291758603052061
-1.17721518987342,0.645569620253164,-0.317605089598913
-1.10126582278481,0.645569620253164,-0.335753474720048
-1.0253164556962,0.645569620253164,-0.345433602175874
-0.949367088607595,0.645569620253164,-0.346014289779676
-0.873417721518987,0.645569620253164,-0.337025746339701
-0.79746835443038,0.645569620253164,-0.318178476565187
-0.721518987341772,0.645569620253164,-0.289377930527074
-0.645569620253164,0.645569620253164,-0.250734271374922
-0.569620253164557,0.645569620253164,-0.202566780174041
-0.493670886075949,0.645569620253164,-0.145402585030727
-0.417721518987342,0.645569620253164,-0.0799695870288036
-0.341772151898734,0.645569620253164,-0.0071836508856673
-0.265822784810127,0.645569620253164,0.0718696740027816
-0.189873417721519,0.645569620253164,0.155958444265569
-0.113924050632911,0.645569620253164,0.243731988392375
-0.0379746835443036,0.645569620253164,0.333752153205333
0.037974683544304,0.645569620253164,0.424527206105826
0.113924050632912,0.645569620253164,0.514547370918784
0.189873417721519,0.645569620253164,0.602320915045589
0.265822784810127,0.645569620253164,0.686409685308376
0.341772151898734,0.645569620253164,0.765463010196825
0.417721518987342,0.645569620253164,0.838248946339961
0.493670886075949,0.645569620253164,0.903681944341885
0.569620253164557,0.645569620253164,0.960846139485199
0.645569620253164,0.645569620253164,1.00901363068608
0.721518987341772,0.645569620253164,1.04765728983823
0.79746835443038,0.645569620253164,1.07645783587634
0.873417721518988,0.645569620253164,1.09530510565086
0.949367088607595,0.645569620253164,1.10429364909083
1.0253164556962,0.645569620253164,1.10371296148703
1.10126582278481,0.645569620253164,1.09403283403121
1.17721518987342,0.645569620253164,1.07588444891007
1.25316455696203,0.645569620253164,1.05003796236322
1.32911392405063,0.645569620253164,1.01737740462445
1.40506329113924,0.645569620253164,0.978873777499128
1.48101265822785,0.645569620253164,0.935557247916944
1.55696202531646,0.645569620253164,0.888489320040478
1.63291139240506,0.645569620253164,0.838735821666621
1.70886075949367,0.645569620253164,0.787341466187633
1.78481012658228,0.645569620253164,0.735306653715338
1.86075949367089,0.645569620253164,0.683567059276699
1.93670886075949,0.645569620253164,0.632976427875409
2.0126582278481,0.645569620253164,0.584292861470532
2.08860759493671,0.645569620253164,0.538168747242009
2.16455696202532,0.645569620253164,0.495144345242207
2.24050632911392,0.645569620253164,0.455644931460539
2.31645569620253,0.645569620253164,0.419981283508228
2.39240506329114,0.645569620253164,0.388353203754828
2.46835443037975,0.645569620253164,0.360855701071579
2.54430379746835,0.645569620253164,0.337487398649567
2.62025316455696,0.645569620253164,0.318160702010972
2.69620253164557,0.645569620253164,0.302713247789383
2.77215189873418,0.645569620253164,0.290920158812985
2.84810126582278,0.645569620253164,0.282506652525769
2.92405063291139,0.645569620253164,0.27716058536889
3,0.645569620253164,0.274544562614491
-3,0.721518987341772,0.453061978234501
-2.92405063291139,0.721518987341772,0.450499719394487
-2.84810126582278,0.721518987341772,0.44526352341378
-2.77215189873418,0.721518987341772,0.437022929625488
-2.69620253164557,0.721518987341772,0.425472209575353
-2.62025316455696,0.721518987341772,0.410342227976982
-2.54430379746835,0.721518987341772,0.391412729283885
-2.46835443037975,0.721518987341772,0.368524686985234
-2.39240506329114,0.721518987341772,0.341592306825319
-2.31645569620253,0.721518987341772,0.310614240291096
-2.24050632911392,0.721518987341772,0.275683543652738
-2.16455696202532,0.721518987341772,0.236995912986201
-2.08860759493671,0.721518987341772,0.19485573887077
-2.0126582278481,0.721518987341772,0.149679557118866
-1.93670886075949,0.721518987341772,0.101996524479129
-1.86075949367089,0.721518987341772,0.0524456204161336
-1.78481012658228,0.721518987341772,0.00176936654708304
-1.70886075949367,0.721518987341772,-0.0491960381006427
-1.63291139240506,0.721518987341772,-0.0995341482839039
-1.55696202531646,0.721518987341772,-0.148265123890161
-1.48101265822785,0.721518987341772,-0.194365722243068
-1.40506329113924,0.721518987341772,-0.236792020200164
-1.32911392405063,0.721518987341772,-0.274504329394939
-1.25316455696203,0.721518987341772,-0.306493654657961
-1.17721518987342,0.721518987341772,-0.331808949995745
-1.10126582278481,0.721518987341772,-0.349584353566073
-1.0253164556962,0.721518987341772,-0.35906553720809
-0.949367088607595,0.721518987341772,-0.359634290650172
-0.873417721518987,0.721518987341772,-0.350830477744035
-0.79746835443038,0.721518987341772,-0.332370552841367
-0.721518987341772,0.721518987341772,-0.304161909182098
-0.645569620253164,0.721518987341772,-0.266312445867382
-0.569620253164557,0.721518987341772,-0.219134882169507
-0.493670886075949,0.721518987341772,-0.163145512775858
-0.417721518987342,0.721518987341772,-0.0990572791100327
-0.341772151898734,0.721518987341772,-0.0277672232426541
-0.265822784810127,0.721518987341772,0.0496614153986998
-0.189873417721519,0.721518987341772,0.132022012067601
-0.113924050632911,0.721518987341772,0.217991653952435
-0.0379746835443036,0.721518987341772,0.306161744477699
0.037974683544304,0.721518987341772,0.395071208799409
0.113924050632912,0.721518987341772,0.483241299324673
0.189873417721519,0.721518987341772,0.569210941209506
0.265822784810127,0.721518987341772,0.651571537878408
0.341772151898734,0.721518987341772,0.729000176519762
0.417721518987342,0.721518987341772,0.80029023238714
0.493670886075949,0.721518987341772,0.864378466052966
0.569620253164557,0.721518987341772,0.920367835446615
0.645569620253164,0.721518987341772,0.967545399144489
0.721518987341772,0.721518987341772,1.00539486245921
0.79746835443038,0.721518987341772,1.03360350611847
0.873417721518988,0.721518987341772,1.05206343102114
0.949367088607595,0.721518987341772,1.06086724392728
1.0253164556962,0.721518987341772,1.0602984904852
1.10126582278481,0.721518987341772,1.05081730684318
1.17721518987342,0.721518987341772,1.03304190327285
1.25316455696203,0.721518987341772,1.00772660793507
1.32911392405063,0.721518987341772,0.975737282672047
1.40506329113924,0.721518987341772,0.938024973477271
1.48101265822785,0.721518987341772,0.895598675520175
1.55696202531646,0.721518987341772,0.849498077167269
1.63291139240506,0.721518987341772,0.800767101561012
1.70886075949367,0.721518987341772,0.75042899137775
1.78481012658228,0.721518987341772,0.699463586730025
1.86075949367089,0.721518987341772,0.648787332860974
1.93670886075949,0.721518987341772,0.599236428797978
2.0126582278481,0.721518987341772,0.551553396158241
2.08860759493671,0.721518987341772,0.506377214406338
2.16455696202532,0.721518987341772,0.464237040290907
2.24050632911392,0.721518987341772,0.425549409624369
2.31645569620253,0.721518987341772,0.390618712986011
2.39240506329114,0.721518987341772,0.359640646451788
2.46835443037975,0.721518987341772,0.332708266291874
2.54430379746835,0.721518987341772,0.309820223993223
2.62025316455696,0.721518987341772,0.290890725300126
2.69620253164557,0.721518987341772,0.275760743701755
2.77215189873418,0.721518987341772,0.264210023651619
2.84810126582278,0.721518987341772,0.255969429863327
2.92405063291139,0.721518987341772,0.250733233882621
3,0.721518987341772,0.248170975042607
-3,0.79746835443038,0.419756330687174
-2.92405063291139,0.79746835443038,0.417252514598872
-2.84810126582278,0.79746835443038,0.412135751400221
-2.77215189873418,0.79746835443038,0.404083117926164
-2.69620253164557,0.79746835443038,0.392795859105407
-2.62025316455696,0.79746835443038,0.378010978378243
-2.54430379746835,0.79746835443038,0.35951324402326
-2.46835443037975,0.79746835443038,0.337147256777098
-2.39240506329114,0.79746835443038,0.310829179271581
-2.31645569620253,0.79746835443038,0.280557693751999
-2.24050632911392,0.79746835443038,0.246423733961164
-2.16455696202532,0.79746835443038,0.208618532328737
-2.08860759493671,0.79746835443038,0.16743953656673
-2.0126582278481,0.79746835443038,0.123293781691359
-1.93670886075949,0.79746835443038,0.0766983548757785
-1.86075949367089,0.79746835443038,0.028277661054617
-1.78481012658228,0.79746835443038,-0.0212427143854996
-1.70886075949367,0.79746835443038,-0.0710456453427584
-1.63291139240506,0.79746835443038,-0.120235589841467
-1.55696202531646,0.79746835443038,-0.167855057014806
-1.48101265822785,0.79746835443038,-0.212904143404441
-1.40506329113924,0.79746835443038,-0.25436273678821
-1.32911392405063,0.79746835443038,-0.291214863128583
-1.25316455696203,0.79746835443038,-0.322474541501698
-1.17721518987342,0.79746835443038,-0.347212418392596
-1.10126582278481,0.79746835443038,-0.364582381465969
-1.0253164556962,0.79746835443038,-0.373847308087866
-0.949367088607595,0.79746835443038,-0.37440308879055
-0.873417721518987,0.79746835443038,-0.365800082705234
-0.79746835443038,0.79746835443038,-0.347761211597306
-0.721518987341772,0.79746835443038,-0.320195980981145
-0.645569620253164,0.79746835443038,-0.283209828879315
-0.569620253164557,0.79746835443038,-0.237108341727054
-0.493670886075949,0.79746835443038,-0.18239603800797
-0.417721518987342,0.79746835443038,-0.119769597611912
-0.341772151898734,0.79746835443038,-0.0501056019104551
-0.265822784810127,0.79746835443038,0.0255569611756984
-0.189873417721519,0.79746835443038,0.106038988893357
-0.113924050632911,0.79746835443038,0.190047742847235
-0.0379746835443036,0.79746835443038,0.27620675524548
0.037974683544304,0.79746835443038,0.36308827700847
0.113924050632912,0.79746835443038,0.449247289406715
0.189873417721519,0.79746835443038,0.533256043360593
0.265822784810127,0.79746835443038,0.613738071078252
0.341772151898734,0.79746835443038,0.689400634164405
0.417721518987342,0.79746835443038,0.759064629865862
0.493670886075949,0.79746835443038,0.82169107026192
0.569620253164557,0.79746835443038,0.876403373981004
0.645569620253164,0.79746835443038,0.922504861133265
0.721518987341772,0.79746835443038,0.959491013235095
0.79746835443038,0.79746835443038,0.987056243851256
0.873417721518988,0.79746835443038,1.00509511495918
0.949367088607595,0.79746835443038,1.0136981210445
1.0253164556962,0.79746835443038,1.01314234034182
1.10126582278481,0.79746835443038,1.00387741371992
1.17721518987342,0.79746835443038,0.986507450646546
1.25316455696203,0.79746835443038,0.961769573755648
1.32911392405063,0.79746835443038,0.930509895382533
1.40506329113924,0.79746835443038,0.89365776904216
1.48101265822785,0.79746835443038,0.852199175658391
1.55696202531646,0.79746835443038,0.807150089268755
1.63291139240506,0.79746835443038,0.759530622095417
1.70886075949367,0.79746835443038,0.710340677596708
1.78481012658228,0.79746835443038,0.66053774663945
1.86075949367089,0.79746835443038,0.611017371199333
1.93670886075949,0.79746835443038,0.562596677378171
2.0126582278481,0.79746835443038,0.516001250562591
2.08860759493671,0.79746835443038,0.471855495687219
2.16455696202532,0.79746835443038,0.430676499925212
2.24050632911392,0.79746835443038,0.392871298292785
2.31645569620253,0.79746835443038,0.358737338501951
2.39240506329114,0.79746835443038,0.328465852982369
2.46835443037975,0.79746835443038,0.302147775476852
2.54430379746835,0.79746835443038,0.279781788230689
2.62025316455696,0.79746835443038,0.261284053875707
2.69620253164557,0.79746835443038,0.246499173148543
2.77215189873418,0.79746835443038,0.235211914327786
2.84810126582278,0.79746835443038,0.227159280853729
2.92405063291139,0.79746835443038,0.222042517655078
3,0.79746835443038,0.219538701566776
-3,0.873417721518988,0.384048795535955
-2.92405063291139,0.873417721518988,0.381607728007253
-2.84810126582278,0.873417721518988,0.376619196878854
-2.77215189873418,0.873417721518988,0.368768371817903
-2.69620253164557,0.873417721518988,0.357763984904611
-2.62025316455696,0.873417721518988,0.343349630580656
-2.54430379746835,0.873417721518988,0.325315471083297
-2.46835443037975,0.873417721518988,0.303510001636464
-2.39240506329114,0.873417721518988,0.277851485934484
-2.31645569620253,0.873417721518988,0.248338639247122
-2.24050632911392,0.873417721518988,0.21506011641124
-2.16455696202532,0.873417721518988,0.178202357348148
-2.08860759493671,0.873417721518988,0.138055355382305
-2.0126582278481,0.873417721518988,0.0950159447563576
-1.93670886075949,0.873417721518988,0.0495882538341247
-1.86075949367089,0.873417721518988,0.00238103923227662
-1.78481012658228,0.873417721518988,-0.0458982976809835
-1.70886075949367,0.873417721518988,-0.0944531089396534
-1.63291139240506,0.873417721518988,-0.142410295897364
-1.55696202531646,0.873417721518988,-0.188836363528287
-1.48101265822785,0.873417721518988,-0.232756467124227
-1.40506329113924,0.873417721518988,-0.273176059668418
-1.32911392405063,0.873417721518988,-0.309104628620978
-1.25316455696203,0.873417721518988,-0.339580902893187
-1.17721518987342,0.873417721518988,-0.363698819656131
-1.10126582278481,0.873417721518988,-0.380633471139222
-1.0253164556962,0.873417721518988,-0.389666207863848
-0.949367088607595,0.873417721518988,-0.390208060052089
-0.873417721518987,0.873417721518988,-0.381820655361226
-0.79746835443038,0.873417721518988,-0.364233859461269
-0.721518987341772,0.873417721518988,-0.337359445764251
-0.645569620253164,0.873417721518988,-0.301300209892571
-0.569620253164557,0.873417721518988,-0.256354079927989
-0.493670886075949,0.873417721518988,-0.203012930530839
-0.417721518987342,0.873417721518988,-0.1419559819781
-0.341772151898734,0.873417721518988,-0.0740378474869406
-0.265822784810127,0.873417721518988,-0.000271476725584363
-0.189873417721519,0.873417721518988,0.0781935772468338
-0.113924050632911,0.873417721518988,0.160096973571184
-0.0379746835443036,0.873417721518988,0.244096740348373
0.037974683544304,0.873417721518988,0.328800909560589
0.113924050632912,0.873417721518988,0.412800676337778
0.189873417721519,0.873417721518988,0.494704072662128
0.265822784810127,0.873417721518988,0.573169126634546
0.341772151898734,0.873417721518988,0.646935497395903
0.417721518987342,0.873417721518988,0.714853631887062
0.493670886075949,0.873417721518988,0.775910580439801
0.569620253164557,0.873417721518988,0.829251729836951
0.645569620253164,0.873417721518988,0.874197859801533
0.721518987341772,0.873417721518988,0.910257095673213
0.79746835443038,0.873417721518988,0.937131509370231
0.873417721518988,0.873417721518988,0.954718305270188
0.949367088607595,0.873417721518988,0.963105709961051
1.0253164556962,0.873417721518988,0.96256385777281
1.10126582278481,0.873417721518988,0.953531121048184
1.17721518987342,0.873417721518988,0.936596469565093
1.25316455696203,0.873417721518988,0.912478552802149
1.32911392405063,0.873417721518988,0.88200227852994
1.40506329113924,0.873417721518988,0.84607370957738
1.48101265822785,0.873417721518988,0.805654117033189
1.55696202531646,0.873417721518988,0.761734013437249
1.63291139240506,0.873417721518988,0.715307945806326
1.70886075949367,0.873417721518988,0.667350758848615
1.78481012658228,0.873417721518988,0.618795947589945
1.86075949367089,0.873417721518988,0.570516610676685
1.93670886075949,0.873417721518988,0.523309396074837
2.0126582278481,0.873417721518988,0.477881705152604
2.08860759493671,0.873417721518988,0.434842294526657
2.16455696202532,0.873417721518988,0.394695292560814
2.24050632911392,0.873417721518988,0.357837533497721
2.31645569620253,0.873417721518988,0.324559010661839
2.39240506329114,0.873417721518988,0.295046163974477
2.46835443037975,0.873417721518988,0.269387648272498
2.54430379746835,0.873417721518988,0.247582178825665
2.62025316455696,0.873417721518988,0.229548019328306
2.69620253164557,0.873417721518988,0.215133665004351
2.77215189873418,0.873417721518988,0.204129278091059
2.84810126582278,0.873417721518988,0.196278453030107
2.92405063291139,0.873417721518988,0.191289921901709
3,0.873417721518988,0.188848854373007
-3,0.949367088607595,0.346186686933939
-2.92405063291139,0.949367088607595,0.343812280259816
-2.84810126582278,0.949367088607595,0.338959976312436
-2.77215189873418,0.949367088607595,0.33132354216921
-2.69620253164557,0.949367088607595,0.320619663876483
-2.62025316455696,0.949367088607595,0.306598937818086
-2.54430379746835,0.949367088607595,0.289057256496593
-2.46835443037975,0.949367088607595,0.267847252439687
-2.39240506329114,0.949367088607595,0.242889421402839
-2.31645569620253,0.949367088607595,0.214182513739324
-2.24050632911392,0.949367088607595,0.181812763293092
-2.16455696202532,0.949367088607595,0.145961518670142
-2.08860759493671,0.949367088607595,0.106910854035546
-2.0126582278481,0.949367088607595,0.0650467668527861
-1.93670886075949,0.949367088607595,0.0208596187106297
-1.86075949367089,0.949367088607595,-0.0250584577454541
-1.78481012658228,0.949367088607595,-0.0720193789167133
-1.70886075949367,0.949367088607595,-0.119248251759362
-1.63291139240506,0.949367088607595,-0.165895820270144
-1.55696202531646,0.949367088607595,-0.211054081375186
-1.48101265822785,0.949367088607595,-0.25377481149847
-1.40506329113924,0.949367088607595,-0.293090622787519
-1.32911392405063,0.949367088607595,-0.328038051692946
-1.25316455696203,0.949367088607595,-0.357682077588791
-1.17721518987342,0.949367088607595,-0.381141380477611
-1.10126582278481,0.949367088607595,-0.397613579231895
-1.0253164556962,0.949367088607595,-0.406399649306717
-0.949367088607595,0.949367088607595,-0.406926704554891
-0.873417721518987,0.949367088607595,-0.398768343738404
-0.79746835443038,0.949367088607595,-0.381661809375749
-0.721518987341772,0.949367088607595,-0.355521284177218
-0.645569620253164,0.949367088607595,-0.320446756614667
-0.569620253164557,0.949367088607595,-0.276728018927527
-0.493670886075949,0.949367088607595,-0.22484351362613
-0.417721518987342,0.949367088607595,-0.165453912789353
-0.341772151898734,0.949367088607595,-0.099390491792734
-0.265822784810127,0.949367088607595,-0.0276385385992242
-0.189873417721519,0.949367088607595,0.0486837858129259
-0.113924050632911,0.949367088607595,0.128350558066996
-0.0379746835443036,0.949367088607595,0.210056452932845
0.037974683544304,0.949367088607595,0.292447514359361
0.113924050632912,0.949367088607595,0.37415340922521
0.189873417721519,0.949367088607595,0.45382018147928
0.265822784810127,0.949367088607595,0.53014250589143
0.341772151898734,0.949367088607595,0.60189445908494
0.417721518987342,0.949367088607595,0.667957880081559
0.493670886075949,0.949367088607595,0.727347480918336
0.569620253164557,0.949367088607595,0.779231986219732
0.645569620253164,0.949367088607595,0.822950723906872
0.721518987341772,0.949367088607595,0.858025251469424
0.79746835443038,0.949367088607595,0.884165776667955
0.873417721518988,0.949367088607595,0.90127231103061
0.949367088607595,0.949367088607595,0.909430671847097
1.0253164556962,0.949367088607595,0.908903616598923
1.10126582278481,0.949367088607595,0.9001175465241
1.17721518987342,0.949367088607595,0.883645347769817
1.25316455696203,0.949367088607595,0.860186044880996
1.32911392405063,0.949367088607595,0.830542018985151
1.40506329113924,0.949367088607595,0.795594590079725
1.48101265822785,0.949367088607595,0.756278778790676
1.55696202531646,0.949367088607595,0.713558048667392
1.63291139240506,0.949367088607595,0.668399787562349
1.70886075949367,0.949367088607595,0.621752219051568
1.78481012658228,0.949367088607595,0.574523346208919
1.86075949367089,0.949367088607595,0.527562425037659
1.93670886075949,0.949367088607595,0.481644348581575
2.0126582278481,0.949367088607595,0.437457200439419
2.08860759493671,0.949367088607595,0.395593113256659
2.16455696202532,0.949367088607595,0.356542448622064
2.24050632911392,0.949367088607595,0.320691203999114
2.31645569620253,0.949367088607595,0.288321453552881
2.39240506329114,0.949367088607595,0.259614545889366
2.46835443037975,0.949367088607595,0.234656714852519
2.54430379746835,0.949367088607595,0.213446710795612
2.62025316455696,0.949367088607595,0.195905029474119
2.69620253164557,0.949367088607595,0.181884303415723
2.77215189873418,0.949367088607595,0.171180425122995
2.84810126582278,0.949367088607595,0.16354399097977
2.92405063291139,0.949367088607595,0.15869168703239
3,0.949367088607595,0.156317280358267
-3,1.0253164556962,0.306431912649217
-2.92405063291139,1.0253164556962,0.304127669221194
-2.84810126582278,1.0253164556962,0.299418749892686
-2.77215189873418,1.0253164556962,0.292007970863205
-2.69620253164557,1.0253164556962,0.28162039005021
-2.62025316455696,1.0253164556962,0.268013973664908
-2.54430379746835,1.0253164556962,0.25099064554592
-2.46835443037975,1.0253164556962,0.230407392900498
-2.39240506329114,1.0253164556962,0.206187060818764
-2.31645569620253,1.0253164556962,0.178328436580806
-2.24050632911392,1.0253164556962,0.146915205837594
-2.16455696202532,1.0253164556962,0.112123358379803
-2.08860759493671,1.0253164556962,0.0742266331368961
-2.0126582278481,1.0253164556962,0.0335996214238953
-1.93670886075949,1.0253164556962,-0.00928180525808314
-1.86075949367089,1.0253164556962,-0.0538430116657557
-1.78481012658228,1.0253164556962,-0.099416246934187
-1.70886075949367,1.0253164556962,-0.145249515955284
-1.63291139240506,1.0253164556962,-0.190518658072181
-1.55696202531646,1.0253164556962,-0.234342501521676
-1.48101265822785,1.0253164556962,-0.275800842546279
-1.40506329113924,1.0253164556962,-0.31395487941261
-1.32911392405063,1.0253164556962,-0.347869618727999
-1.25316455696203,1.0253164556962,-0.376637669540462
-1.17721518987342,1.0253164556962,-0.399403754683611
-1.10126582278481,1.0253164556962,-0.415389203233047
-1.0253164556962,1.0253164556962,-0.423915646680453
-0.949367088607595,1.0253164556962,-0.424427127550619
-0.873417721518987,1.0253164556962,-0.416509844677513
-0.79746835443038,1.0253164556962,-0.39990880501107
-0.721518987341772,1.0253164556962,-0.374540727145465
-0.645569620253164,1.0253164556962,-0.340502644913051
-0.569620253164557,1.0253164556962,-0.298075787250083
-0.493670886075949,1.0253164556962,-0.247724458785644
-0.417721518987342,1.0253164556962,-0.190089808869766
-0.341772151898734,1.0253164556962,-0.125978548855579
-0.265822784810127,1.0253164556962,-0.0563468516422253
-0.189873417721519,1.0253164556962,0.0177201632270911
-0.113924050632911,1.0253164556962,0.0950327981681896
-0.0379746835443036,1.0253164556962,0.174324300052483
0.037974683544304,1.0253164556962,0.254280721961524
0.113924050632912,1.0253164556962,0.333572223845817
0.189873417721519,1.0253164556962,0.410884858786915
0.265822784810127,1.0253164556962,0.484951873656231
0.341772151898734,1.0253164556962,0.554583570869585
0.417721518987342,1.0253164556962,0.618694830883772
0.493670886075949,1.0253164556962,0.67632948079965
0.569620253164557,1.0253164556962,0.726680809264089
0.645569620253164,1.0253164556962,0.769107666927057
0.721518987341772,1.0253164556962,0.803145749159471
0.79746835443038,1.0253164556962,0.828513827025076
0.873417721518988,1.0253164556962,0.845114866691519
0.949367088607595,1.0253164556962,0.853032149564625
1.0253164556962,1.0253164556962,0.852520668694459
1.10126582278481,1.0253164556962,0.843994225247053
1.17721518987342,1.0253164556962,0.828008776697617
1.25316455696203,1.0253164556962,0.805242691554468
1.32911392405063,1.0253164556962,0.776474640742005
1.40506329113924,1.0253164556962,0.742559901426616
1.48101265822785,1.0253164556962,0.704405864560285
1.55696202531646,1.0253164556962,0.662947523535682
1.63291139240506,1.0253164556962,0.619123680086187
1.70886075949367,1.0253164556962,0.57385453796929
1.78481012658228,1.0253164556962,0.528021268948193
1.86075949367089,1.0253164556962,0.482448033679762
1.93670886075949,1.0253164556962,0.437886827272089
2.0126582278481,1.0253164556962,0.395005400590111
2.08860759493671,1.0253164556962,0.35437838887711
2.16455696202532,1.0253164556962,0.316481663634203
2.24050632911392,1.0253164556962,0.281689816176412
2.31645569620253,1.0253164556962,0.2502765854332
2.39240506329114,1.0253164556962,0.222417961195242
2.46835443037975,1.0253164556962,0.198197629113508
2.54430379746835,1.0253164556962,0.177614376468086
2.62025316455696,1.0253164556962,0.160591048349098
2.69620253164557,1.0253164556962,0.146984631963796
2.77215189873418,1.0253164556962,0.136597051150801
2.84810126582278,1.0253164556962,0.12918627212132
2.92405063291139,1.0253164556962,0.124477352792812
3,1.0253164556962,0.122173109364789
-3,1.10126582278481,0.265059094616066
-2.92405063291139,1.10126582278481,0.262828094703737
-2.84810126582278,1.10126582278481,0.25826885478954
-2.77215189873418,1.10126582278481,0.251093637464844
-2.69620253164557,1.10126582278481,0.241036240055668
-2.62025316455696,1.10126582278481,0.227862322146841
-2.54430379746835,1.10126582278481,0.211380103697549
-2.46835443037975,1.10126582278481,0.191451117771441
-2.39240506329114,1.10126582278481,0.168000661932534
-2.31645569620253,1.10126582278481,0.14102756200887
-2.24050632911392,1.10126582278481,0.110612843589025
-2.16455696202532,1.10126582278481,0.0769269023884825
-2.08860759493671,1.10126582278481,0.0402347761720057
-2.0126582278481,1.10126582278481,0.000899149359482487
-1.93670886075949,1.10126582278481,-0.0406192327717611
-1.86075949367089,1.10126582278481,-0.0837640005422911
-1.78481012658228,1.10126582278481,-0.127888628457878
-1.70886075949367,1.10126582278481,-0.172265024599141
-1.63291139240506,1.10126582278481,-0.216095225378183
-1.55696202531646,1.10126582278481,-0.258526068276435
-1.48101265822785,1.10126582278481,-0.298666599466137
-1.40506329113924,1.10126582278481,-0.335607858305635
-1.32911392405063,1.10126582278481,-0.368444571440685
-1.25316455696203,1.10126582278481,-0.396298190576562
-1.17721518987342,1.10126582278481,-0.418340624696482
-1.10126582278481,1.10126582278481,-0.433817953991912
-1.0253164556962,1.10126582278481,-0.442073372821496
-0.949367088607595,1.10126582278481,-0.442568595575577
-0.873417721518987,1.10126582278481,-0.434902974321774
-0.79746835443038,1.10126582278481,-0.418829621311414
-0.721518987341772,1.10126582278481,-0.394267902351584
-0.645569620253164,1.10126582278481,-0.361311766922117
-0.569620253164557,1.10126582278481,-0.320233504714501
-0.493670886075949,1.10126582278481,-0.271482661802809
-0.417721518987342,1.10126582278481,-0.215680007731751
-0.341772151898734,1.10126582278481,-0.153606611435373
-0.265822784810127,1.10126582278481,-0.0861882525549286
-0.189873417721519,1.10126582278481,-0.0144755586310308
-0.113924050632911,1.10126582278481,0.0603795889101977
-0.0379746835443036,1.10126582278481,0.137150702413654
0.037974683544304,1.10126582278481,0.214565600553264
0.113924050632912,1.10126582278481,0.29133671405672
0.189873417721519,1.10126582278481,0.366191861597948
0.265822784810127,1.10126582278481,0.437904555521846
0.341772151898734,1.10126582278481,0.50532291440229
0.417721518987342,1.10126582278481,0.567396310698668
0.493670886075949,1.10126582278481,0.623198964769726
0.569620253164557,1.10126582278481,0.671949807681418
0.645569620253164,1.10126582278481,0.713028069889034
0.721518987341772,1.10126582278481,0.745984205318502
0.79746835443038,1.10126582278481,0.770545924278332
0.873417721518988,1.10126582278481,0.786619277288692
0.949367088607595,1.10126582278481,0.794284898542495
1.0253164556962,1.10126582278481,0.793789675788414
1.10126582278481,1.10126582278481,0.78553425695883
1.17721518987342,1.10126582278481,0.770056927663399
1.25316455696203,1.10126582278481,0.748014493543479
1.32911392405063,1.10126582278481,0.720160874407602
1.40506329113924,1.10126582278481,0.687324161272552
1.48101265822785,1.10126582278481,0.650382902433055
1.55696202531646,1.10126582278481,0.610242371243352
1.63291139240506,1.10126582278481,0.5678115283451
1.70886075949367,1.10126582278481,0.523981327566058
1.78481012658228,1.10126582278481,0.479604931424795
1.86075949367089,1.10126582278481,0.435480303509208
1.93670886075949,1.10126582278481,0.392335535738678
2.0126582278481,1.10126582278481,0.350817153607435
2.08860759493671,1.10126582278481,0.311481526794911
2.16455696202532,1.10126582278481,0.274789400578435
2.24050632911392,1.10126582278481,0.241103459377892
2.31645569620253,1.10126582278481,0.210688740958047
2.39240506329114,1.10126582278481,0.183715641034383
2.46835443037975,1.10126582278481,0.160265185195477
2.54430379746835,1.10126582278481,0.140336199269369
2.62025316455696,1.10126582278481,0.123853980820077
2.69620253164557,1.10126582278481,0.110680062911249
2.77215189873418,1.10126582278481,0.100622665502073
2.84810126582278,1.10126582278481,0.0934474481773772
2.92405063291139,1.10126582278481,0.08888820826318
3,1.10126582278481,0.0866572083508508
-3,1.17721518987342,0.222353603399131
-2.92405063291139,1.17721518987342,0.220198497123912
-2.84810126582278,1.17721518987342,0.215794352374727
-2.77215189873418,1.17721518987342,0.208863219927316
-2.69620253164557,1.17721518987342,0.199147952728466
-2.62025316455696,1.17721518987342,0.186422182100846
-2.54430379746835,1.17721518987342,0.170500651932554
-2.46835443037975,1.17721518987342,0.151249605623334
-2.39240506329114,1.17721518987342,0.12859688194733
-2.31645569620253,1.17721518987342,0.102541346675292
-2.24050632911392,1.17721518987342,0.073161269086132
-2.16455696202532,1.17721518987342,0.040621248413442
-2.08860759493671,1.17721518987342,0.00517730642882933
-2.0126582278481,1.17721518987342,-0.0328202101622198
-1.93670886075949,1.17721518987342,-0.0729262296082653
-1.86075949367089,1.17721518987342,-0.114603308684472
-1.78481012658228,1.17721518987342,-0.157226915250787
-1.70886075949367,1.17721518987342,-0.200093725449723
-1.63291139240506,1.17721518987342,-0.242432920633475
-1.55696202531646,1.17721518987342,-0.283420360967977
-1.48101265822785,1.17721518987342,-0.322195400885954
-1.40506329113924,1.17721518987342,-0.357880000557852
-1.32911392405063,1.17721518987342,-0.38959968200824
-1.25316455696203,1.17721518987342,-0.416505783194336
-1.17721518987342,1.17721518987342,-0.43779838290733
-1.10126582278481,1.17721518987342,-0.45274920800772
-1.0253164556962,1.17721518987342,-0.460723795915985
-0.949367088607595,1.17721518987342,-0.461202172297379
-0.873417721518987,1.17721518987342,-0.453797318367879
-0.79746835443038,1.17721518987342,-0.438270744948931
-0.721518987341772,1.17721518987342,-0.414544560842881
-0.645569620253164,1.17721518987342,-0.382709519577964
-0.569620253164557,1.17721518987342,-0.343028648158154
-0.493670886075949,1.17721518987342,-0.295936200103535
-0.417721518987342,1.17721518987342,-0.24203182776455
-0.341772151898734,1.17721518987342,-0.182070029853566
-0.265822784810127,1.17721518987342,-0.116945093054913
-0.189873417721519,1.17721518987342,-0.0476719049054208
-0.113924050632911,1.17721518987342,0.024636837603742
-0.0379746835443036,1.17721518987342,0.0987963691898049
0.037974683544304,1.17721518987342,0.173577785295718
0.113924050632912,1.17721518987342,0.247737316881781
0.189873417721519,1.17721518987342,0.320046059390943
0.265822784810127,1.17721518987342,0.389319247540435
0.341772151898734,1.17721518987342,0.454444184339089
0.417721518987342,1.17721518987342,0.514405982250073
0.493670886075949,1.17721518987342,0.568310354589057
0.569620253164557,1.17721518987342,0.615402802643676
0.645569620253164,1.17721518987342,0.655083674063486
0.721518987341772,1.17721518987342,0.686918715328403
0.79746835443038,1.17721518987342,0.710644899434454
0.873417721518988,1.17721518987342,0.726171472853401
0.949367088607595,1.17721518987342,0.733576326782902
1.0253164556962,1.17721518987342,0.733097950401507
1.10126582278481,1.17721518987342,0.725123362493242
1.17721518987342,1.17721518987342,0.710172537392852
1.25316455696203,1.17721518987342,0.688879937679858
1.32911392405063,1.17721518987342,0.661973836493763
1.40506329113924,1.17721518987342,0.630254155043374
1.48101265822785,1.17721518987342,0.594569555371477
1.55696202531646,1.17721518987342,0.555794515453499
1.63291139240506,1.17721518987342,0.514807075118997
1.70886075949367,1.17721518987342,0.472467879935245
1.78481012658228,1.17721518987342,0.429601069736309
1.86075949367089,1.17721518987342,0.386977463169994
1.93670886075949,1.17721518987342,0.345300384093787
2.0126582278481,1.17721518987342,0.305194364647742
2.08860759493671,1.17721518987342,0.267196848056693
2.16455696202532,1.17721518987342,0.23175290607208
2.24050632911392,1.17721518987342,0.19921288539939
2.31645569620253,1.17721518987342,0.169832807810231
2.39240506329114,1.17721518987342,0.143777272538192
2.46835443037975,1.17721518987342,0.121124548862188
2.54430379746835,1.17721518987342,0.101873502552968
2.62025316455696,1.17721518987342,0.0859519723846761
2.69620253164557,1.17721518987342,0.0732262017570567
2.77215189873418,1.17721518987342,0.063510934558206
2.84810126582278,1.17721518987342,0.0565798021107956
2.92405063291139,1.17721518987342,0.0521756573616103
3,1.17721518987342,0.0500205510863909
-3,1.25316455696203,0.178609521416265
-2.92405063291139,1.25316455696203,0.176532524879906
-2.84810126582278,1.25316455696203,0.172288004089974
-2.77215189873418,1.25316455696203,0.165608083822537
-2.69620253164557,1.25316455696203,0.156244937070175
-2.62025316455696,1.25316455696203,0.14398039966894
-2.54430379746835,1.25316455696203,0.128635929935209
-2.46835443037975,1.25316455696203,0.110082619147106
-2.39240506329114,1.25316455696203,0.0882509214924883
-2.31645569620253,1.25316455696203,0.0631397438511466
-2.24050632911392,1.25316455696203,0.0348245187078149
-2.16455696202532,1.25316455696203,0.00346387955634299
-2.08860759493671,1.25316455696203,-0.0306954310927137
-2.0126582278481,1.25316455696203,-0.067315764510758
-1.93670886075949,1.25316455696203,-0.10596818014075
-1.86075949367089,1.25316455696203,-0.146134713866809
-1.78481012658228,1.25316455696203,-0.18721346911119
-1.70886075949367,1.25316455696203,-0.228526613308167
-1.63291139240506,1.25316455696203,-0.26933126538498
-1.55696202531646,1.25316455696203,-0.308833155657336
-1.48101265822785,1.25316455696203,-0.346202831822667
-1.40506329113924,1.25316455696203,-0.380594077754306
-1.32911392405063,1.25316455696203,-0.411164110083762
-1.25316455696203,1.25316455696203,-0.437095025701719
-1.17721518987342,1.25316455696203,-0.45761589576854
-1.10126582278481,1.25316455696203,-0.472024842699039
-1.0253164556962,1.25316455696203,-0.479710399395156
-0.949367088607595,1.25316455696203,-0.480171437488106
-0.873417721518987,1.25316455696203,-0.473034965314709
-0.79746835443038,1.25316455696203,-0.458071137505617
-0.721518987341772,1.25316455696203,-0.435204885954162
-0.645569620253164,1.25316455696203,-0.404523674914884
-0.569620253164557,1.25316455696203,-0.366280998232843
-0.493670886075949,1.25316455696203,-0.320895370330036
-0.417721518987342,1.25316455696203,-0.26894470973847
-0.341772151898734,1.25316455696203,-0.211156169095714
-0.265822784810127,1.25316455696203,-0.148391622531702
-0.189873417721519,1.25316455696203,-0.0816291739678158
-0.113924050632911,1.25316455696203,-0.0119411917708735
-0.0379746835443036,1.25316455696203,0.0595304994461084
0.037974683544304,1.25316455696203,0.131601535581063
0.113924050632912,1.25316455696203,0.203073226798045
0.189873417721519,1.25316455696203,0.272761208994986
0.265822784810127,1.25316455696203,0.339523657558872
0.341772151898734,1.25316455696203,0.402288204122885
0.417721518987342,1.25316455696203,0.460076744765641
0.493670886075949,1.25316455696203,0.512027405357207
0.569620253164557,1.25316455696203,0.557413033260014
0.645569620253164,1.25316455696203,0.595655709942055
0.721518987341772,1.25316455696203,0.626336920981333
0.79746835443038,1.25316455696203,0.649203172532787
0.873417721518988,1.25316455696203,0.66416700034188
0.949367088607595,1.25316455696203,0.671303472515277
1.0253164556962,1.25316455696203,0.670842434422327
1.10126582278481,1.25316455696203,0.663156877726209
1.17721518987342,1.25316455696203,0.648747930795711
1.25316455696203,1.25316455696203,0.62822706072889
1.32911392405063,1.25316455696203,0.602296145110932
1.40506329113924,1.25316455696203,0.571726112781477
1.48101265822785,1.25316455696203,0.537334866849838
1.55696202531646,1.25316455696203,0.499965190684507
1.63291139240506,1.25316455696203,0.460463300412151
1.70886075949367,1.25316455696203,0.419658648335338
1.78481012658228,1.25316455696203,0.378345504138361
1.86075949367089,1.25316455696203,0.33726674889398
1.93670886075949,1.25316455696203,0.29710021516792
2.0126582278481,1.25316455696203,0.258447799537929
2.08860759493671,1.25316455696203,0.221827466119884
2.16455696202532,1.25316455696203,0.187668155470828
2.24050632911392,1.25316455696203,0.156307516319356
2.31645569620253,1.25316455696203,0.127992291176024
2.39240506329114,1.25316455696203,0.102881113534682
2.46835443037975,1.25316455696203,0.0810494158800649
2.54430379746835,1.25316455696203,0.0624961050919618
2.62025316455696,1.25316455696203,0.0471516353582305
2.69620253164557,1.25316455696203,0.0348870979569953
2.77215189873418,1.25316455696203,0.0255239512046334
2.84810126582278,1.25316455696203,0.0188440309371971
2.92405063291139,1.25316455696203,0.0145995101472651
3,1.25316455696203,0.0125225136109061
-3,1.32911392405063,0.134127550178813
-2.92405063291139,1.32911392405063,0.132130445653925
-2.84810126582278,1.32911392405063,0.128049191050384
-2.77215189873418,1.32911392405063,0.121626215008558
-2.69620253164557,1.32911392405063,0.112623223227399
-2.62025316455696,1.32911392405063,0.100830443263209
-2.54430379746835,1.32911392405063,0.0860762010674255
-2.46835443037975,1.32911392405063,0.0682365464132433
-2.39240506329114,1.32911392405063,0.0472446085795582
-2.31645569620253,1.32911392405063,0.0230993364932083
-2.24050632911392,1.32911392405063,-0.00412673888393469
-2.16455696202532,1.32911392405063,-0.0342810859213072
-2.08860759493671,1.32911392405063,-0.0671264530993777
-2.0126582278481,1.32911392405063,-0.102338179403118
-1.93670886075949,1.32911392405063,-0.13950382354417
-1.86075949367089,1.32911392405063,-0.178125344981085
-1.78481012658228,1.32911392405063,-0.217623999186421
-1.70886075949367,1.32911392405063,-0.257348026534958
-1.63291139240506,1.32911392405063,-0.296583120995898
-1.55696202531646,1.32911392405063,-0.334565564598261
-1.48101265822785,1.32911392405063,-0.370497810057956
-1.40506329113924,1.32911392405063,-0.403566191090031
-1.32911392405063,1.32911392405063,-0.432960342126102
-1.25316455696203,1.32911392405063,-0.457893820833727
-1.17721518987342,1.32911392405063,-0.47762535227717
-1.10126582278481,1.32911392405063,-0.491480056707355
-1.0253164556962,1.32911392405063,-0.498869987208158
-0.949367088607595,1.32911392405063,-0.499313291395458
-0.873417721518987,1.32911392405063,-0.492451324791405
-0.79746835443038,1.32911392405063,-0.478063083066373
-0.721518987341772,1.32911392405063,-0.456076385620698
-0.645569620253164,1.32911392405063,-0.426575332382061
-0.569620253164557,1.32911392405063,-0.389803666513313
-0.493670886075949,1.32911392405063,-0.34616380421076
-0.417721518987342,1.32911392405063,-0.296211434275554
-0.341772151898734,1.32911392405063,-0.240645739300132
-0.265822784810127,1.32911392405063,-0.180295441285057
-0.189873417721519,1.32911392405063,-0.116101021224404
-0.113924050632911,1.32911392405063,-0.049093598660371
-0.0379746835443036,1.32911392405063,0.019628922264514
0.037974683544304,1.32911392405063,0.0889277342070768
0.113924050632912,1.32911392405063,0.157650255131962
0.189873417721519,1.32911392405063,0.224657677695994
0.265822784810127,1.32911392405063,0.288852097756647
0.341772151898734,1.32911392405063,0.349202395771722
0.417721518987342,1.32911392405063,0.404768090747144
0.493670886075949,1.32911392405063,0.454720460682351
0.569620253164557,1.32911392405063,0.498360322984904
0.645569620253164,1.32911392405063,0.535131988853652
0.721518987341772,1.32911392405063,0.564633042092289
0.79746835443038,1.32911392405063,0.586619739537964
0.873417721518988,1.32911392405063,0.601007981262995
0.949367088607595,1.32911392405063,0.607869947867049
1.0253164556962,1.32911392405063,0.607426643679748
1.10126582278481,1.32911392405063,0.600036713178945
1.17721518987342,1.32911392405063,0.58618200874876
1.25316455696203,1.32911392405063,0.566450477305317
1.32911392405063,1.32911392405063,0.541516998597692
1.40506329113924,1.32911392405063,0.512122847561621
1.48101265822785,1.32911392405063,0.479054466529547
1.55696202531646,1.32911392405063,0.443122221069851
1.63291139240506,1.32911392405063,0.405139777467488
1.70886075949367,1.32911392405063,0.365904683006549
1.78481012658228,1.32911392405063,0.326180655658012
1.86075949367089,1.32911392405063,0.286682001452675
1.93670886075949,1.32911392405063,0.24806048001576
2.0126582278481,1.32911392405063,0.210894835874709
2.08860759493671,1.32911392405063,0.175683109570968
2.16455696202532,1.32911392405063,0.142837742392898
2.24050632911392,1.32911392405063,0.112683395355525
2.31645569620253,1.32911392405063,0.0854573199783821
2.39240506329114,1.32911392405063,0.0613120478920321
2.46835443037975,1.32911392405063,0.0403201100583471
2.54430379746835,1.32911392405063,0.0224804554041649
2.62025316455696,1.32911392405063,0.00772621320838117
2.69620253164557,1.32911392405063,-0.00406656675580909
2.77215189873418,1.32911392405063,-0.0130695585369673
2.84810126582278,1.32911392405063,-0.0194925345787932
2.92405063291139,1.32911392405063,-0.0235737891823347
3,1.32911392405063,-0.0255708937072229
-3,1.40506329113924,0.0892128770931199
-2.92405063291139,1.40506329113924,0.0872970171309895
-2.84810126582278,1.40506329113924,0.0833817927685473
-2.77215189873418,1.40506329113924,0.0772201109522457
-2.69620253164557,1.40506329113924,0.0685833714736871
-2.62025316455696,1.40506329113924,0.057270335679093
-2.54430379746835,1.40506329113924,0.0431163134222661
-2.46835443037975,1.40506329113924,0.026002396917523
-2.39240506329114,1.40506329113924,0.0058644358234038
-2.31645569620253,1.40506329113924,-0.0172985781743601
-2.24050632911392,1.40506329113924,-0.0434170647587983
-2.16455696202532,1.40506329113924,-0.0723446974656153
-2.08860759493671,1.40506329113924,-0.10385387644635
-2.0126582278481,1.40506329113924,-0.137633148278208
-1.93670886075949,1.40506329113924,-0.173286850269902
-1.86075949367089,1.40506329113924,-0.210337202755428
-1.78481012658228,1.40506329113924,-0.24822900521593
-1.70886075949367,1.40506329113924,-0.286337012374893
-1.63291139240506,1.40506329113924,-0.323975977011622
-1.55696202531646,1.40506329113924,-0.360413250101131
-1.48101265822785,1.40506329113924,-0.394883729521594
-1.40506329113924,1.40506329113924,-0.426606849890254
-1.32911392405063,1.40506329113924,-0.454805212263889
-1.25316455696203,1.40506329113924,-0.478724367709818
-1.17721518987342,1.40506329113924,-0.497653197229208
-1.10126582278481,1.40506329113924,-0.510944275975538
-1.0253164556962,1.40506329113924,-0.518033575405275
-0.949367088607595,1.40506329113924,-0.518458845456446
-0.873417721518987,1.40506329113924,-0.511876031730701
-0.79746835443038,1.40506329113924,-0.498073120614677
-0.721518987341772,1.40506329113924,-0.476980867900462
-0.645569620253164,1.40506329113924,-0.448679952231691
-0.569620253164557,1.40506329113924,-0.413404201012452
-0.493670886075949,1.40506329113924,-0.371539659674523
-0.417721518987342,1.40506329113924,-0.323619410944554
-0.341772151898734,1.40506329113924,-0.270314193844151
-0.265822784810127,1.40506329113924,-0.21241901698745
-0.189873417721519,1.40506329113924,-0.150836101494696
-0.113924050632911,1.40506329113924,-0.0865546197514345
-0.0379746835443036,1.40506329113924,-0.0206278118673915
0.037974683544304,1.40506329113924,0.0458518428374087
0.113924050632912,1.40506329113924,0.111778650721452
0.189873417721519,1.40506329113924,0.176060132464712
0.265822784810127,1.40506329113924,0.237643047957467
0.341772151898734,1.40506329113924,0.295538224814168
0.417721518987342,1.40506329113924,0.348843441914571
0.493670886075949,1.40506329113924,0.39676369064454
0.569620253164557,1.40506329113924,0.438628231982469
0.645569620253164,1.40506329113924,0.473903983201707
0.721518987341772,1.40506329113924,0.502204898870479
0.79746835443038,1.40506329113924,0.523297151584694
0.873417721518988,1.40506329113924,0.537100062700718
0.949367088607595,1.40506329113924,0.543682876426463
1.0253164556962,1.40506329113924,0.543257606375292
1.10126582278481,1.40506329113924,0.536168306945555
1.17721518987342,1.40506329113924,0.522877228199225
1.25316455696203,1.40506329113924,0.503948398679835
1.32911392405063,1.40506329113924,0.480029243233906
1.40506329113924,1.40506329113924,0.451830880860271
1.48101265822785,1.40506329113924,0.420107760491611
1.55696202531646,1.40506329113924,0.385637281071147
1.63291139240506,1.40506329113924,0.349200007981639
1.70886075949367,1.40506329113924,0.311561043344909
1.78481012658228,1.40506329113924,0.273453036185947
1.86075949367089,1.40506329113924,0.235561233725445
1.93670886075949,1.40506329113924,0.198510881239918
2.0126582278481,1.40506329113924,0.162857179248224
2.08860759493671,1.40506329113924,0.129077907416367
2.16455696202532,1.40506329113924,0.0975687284356321
2.24050632911392,1.40506329113924,0.068641095728815
2.31645569620253,1.40506329113924,0.042522609144377
2.39240506329114,1.40506329113924,0.0193595951466129
2.46835443037975,1.40506329113924,-0.00077836594750616
2.54430379746835,1.40506329113924,-0.0178922824522493
2.62025316455696,1.40506329113924,-0.0320463047090762
2.69620253164557,1.40506329113924,-0.0433593405036703
2.77215189873418,1.40506329113924,-0.051996079982229
2.84810126582278,1.40506329113924,-0.0581577617985305
2.92405063291139,1.40506329113924,-0.0620729861609727
3,1.40506329113924,-0.0639888461231031
-3,1.48101265822785,0.0441730175250333
-2.92405063291139,1.48101265822785,0.042339332788136
-2.84810126582278,1.48101265822785,0.038592040555485
-2.77215189873418,1.48101265822785,0.0326946461093869
-2.69620253164557,1.48101265822785,0.0244283543806426
-2.62025316455696,1.48101265822785,0.0136005582605903
-2.54430379746835,1.48101265822785,5.3631506514374e-05
-2.46835443037975,1.48101265822785,-0.0163262334646109
-2.39240506329114,1.48101265822785,-0.0356004354524508
-2.31645569620253,1.48101265822785,-0.0577699395225744
-2.24050632911392,1.48101265822785,-0.082768149802768
-2.16455696202532,1.48101265822785,-0.110455016075643
-2.08860759493671,1.48101265822785,-0.140612700724415
-2.0126582278481,1.48101265822785,-0.172943109212467
-1.93670886075949,1.48101265822785,-0.207067549645657
-1.86075949367089,1.48101265822785,-0.242528735323249
-1.78481012658228,1.48101265822785,-0.278795279433334
-1.70886075949367,1.48101265822785,-0.315268754771927
-1.63291139240506,1.48101265822785,-0.351293305799257
-1.55696202531646,1.48101265822785,-0.386167708333402
-1.48101265822785,1.48101265822785,-0.419159677076539
-1.40506329113924,1.48101265822785,-0.449522126721388
-1.32911392405063,1.48101265822785,-0.476511002585016
-1.25316455696203,1.48101265822785,-0.499404215621265
-1.17721518987342,1.48101265822785,-0.517521148206692
-1.10126582278481,1.48101265822785,-0.530242144895273
-1.0253164556962,1.48101265822785,-0.537027369502789
-0.949367088607595,1.48101265822785,-0.537434398835468
-0.873417721518987,1.48101265822785,-0.531133935704899
-0.79746835443038,1.48101265822785,-0.5179230602033
-0.721518987341772,1.48101265822785,-0.497735498151099
-0.645569620253164,1.48101265822785,-0.47064846771682
-0.569620253164557,1.48101265822785,-0.436885766960042
-0.493670886075949,1.48101265822785,-0.396816883019693
-0.417721518987342,1.48101265822785,-0.350952033593667
-0.341772151898734,1.48101265822785,-0.299933188309531
-0.265822784810127,1.48101265822785,-0.244521256205657
-0.189873417721519,1.48101265822785,-0.185579760258779
-0.113924050632911,1.48101265822785,-0.124055445190007
-0.0379746835443036,1.48101265822785,-0.0609563754464649
0.037974683544304,1.48101265822785,0.00267182836590413
0.113924050632912,1.48101265822785,0.0657708981094461
0.189873417721519,1.48101265822785,0.127295213178218
0.265822784810127,1.48101265822785,0.186236709125096
0.341772151898734,1.48101265822785,0.24164864122897
0.417721518987342,1.48101265822785,0.292667486513106
0.493670886075949,1.48101265822785,0.338532335939132
0.569620253164557,1.48101265822785,0.378601219879481
0.645569620253164,1.48101265822785,0.412363920636259
0.721518987341772,1.48101265822785,0.439450951070538
0.79746835443038,1.48101265822785,0.459638513122739
0.873417721518988,1.48101265822785,0.472849388624338
0.949367088607595,1.48101265822785,0.479149851754907
1.0253164556962,1.48101265822785,0.478742822422228
1.10126582278481,1.48101265822785,0.471957597814712
1.17721518987342,1.48101265822785,0.459236601126131
1.25316455696203,1.48101265822785,0.441119668540704
1.32911392405063,1.48101265822785,0.418226455504455
1.40506329113924,1.48101265822785,0.391237579640827
1.48101265822785,1.48101265822785,0.360875129995978
1.55696202531646,1.48101265822785,0.327883161252841
1.63291139240506,1.48101265822785,0.293008758718696
1.70886075949367,1.48101265822785,0.256984207691366
1.78481012658228,1.48101265822785,0.220510732352773
1.86075949367089,1.48101265822785,0.184244188242688
1.93670886075949,1.48101265822785,0.148783002565095
2.0126582278481,1.48101265822785,0.114658562131906
2.08860759493671,1.48101265822785,0.0823281536438536
2.16455696202532,1.48101265822785,0.0521704689950818
2.24050632911392,1.48101265822785,0.0244836027222068
2.31645569620253,1.48101265822785,-0.000514607557986664
2.39240506329114,1.48101265822785,-0.0226841116281103
2.46835443037975,1.48101265822785,-0.0419583136159502
2.54430379746835,1.48101265822785,-0.0583381785870755
2.62025316455696,1.48101265822785,-0.0718851053411514
2.69620253164557,1.48101265822785,-0.0827129014612037
2.77215189873418,1.48101265822785,-0.090979193189948
2.84810126582278,1.48101265822785,-0.0968765876360461
2.92405063291139,1.48101265822785,-0.100623879868697
3,1.48101265822785,-0.102457564605594
-3,1.55696202531646,-0.000684352137631558
-2.92405063291139,1.55696202531646,-0.00243534155406153
-2.84810126582278,1.55696202531646,-0.00601363879764594
-2.77215189873418,1.55696202531646,-0.0116450731722939
-2.69620253164557,1.55696202531646,-0.0195385725502978
-2.62025316455696,1.55696202531646,-0.0298780578652891
-2.54430379746835,1.55696202531646,-0.0428140467483486
-2.46835443037975,1.55696202531646,-0.0584552143001507
-2.39240506329114,1.55696202531646,-0.0768601903637825
-2.31645569620253,1.55696202531646,-0.0980298964823879
-2.24050632911392,1.55696202531646,-0.12190074011736
-2.16455696202532,1.55696202531646,-0.148338987021212
-2.08860759493671,1.55696202531646,-0.17713662359498
-2.0126582278481,1.55696202531646,-0.208008998737953
-1.93670886075949,1.55696202531646,-0.240594498763009
-1.86075949367089,1.55696202531646,-0.274456459636713
-1.78481012658228,1.55696202531646,-0.309087458973436
-1.70886075949367,1.55696202531646,-0.343916057375994
-1.63291139240506,1.55696202531646,-0.378315977008433
-1.55696202531646,1.55696202531646,-0.411617617422877
-1.48101265822785,1.55696202531646,-0.44312171784647
-1.40506329113924,1.55696202531646,-0.472114884946162
-1.32911392405063,1.55696202531646,-0.497886619338475
-1.25316455696203,1.55696202531646,-0.519747396672739
-1.17721518987342,1.55696202531646,-0.537047293747159
-1.10126582278481,1.55696202531646,-0.549194600271527
-1.0253164556962,1.55696202531646,-0.555673825536806
-0.949367088607595,1.55696202531646,-0.556062498703657
-0.873417721518987,1.55696202531646,-0.550046173193471
-0.79746835443038,1.55696202531646,-0.537431080359021
-0.721518987341772,1.55696202531646,-0.51815393484668
-0.645569620253164,1.55696202531646,-0.49228847244817
-0.569620253164557,1.55696202531646,-0.46004839840183
-0.493670886075949,1.55696202531646,-0.421786536754649
-0.417721518987342,1.55696202531646,-0.377990095460703
-0.341772151898734,1.55696202531646,-0.329272092669143
-0.265822784810127,1.55696202531646,-0.27635912202295
-0.189873417721519,1.55696202531646,-0.220075763430913
-0.113924050632911,1.55696202531646,-0.16132606542077
-0.0379746835443036,1.55696202531646,-0.101072630855749
0.037974683544304,1.55696202531646,-0.0403139250542133
0.113924050632912,1.55696202531646,0.0199395095108083
0.189873417721519,1.55696202531646,0.0786892075209506
0.265822784810127,1.55696202531646,0.134972566112987
0.341772151898734,1.55696202531646,0.187885536759181
0.417721518987342,1.55696202531646,0.23660353955074
0.493670886075949,1.55696202531646,0.280399980844686
0.569620253164557,1.55696202531646,0.318661842491867
0.645569620253164,1.55696202531646,0.350901916538207
0.721518987341772,1.55696202531646,0.376767378936717
0.79746835443038,1.55696202531646,0.396044524449058
0.873417721518988,1.55696202531646,0.408659617283509
0.949367088607595,1.55696202531646,0.414675942793695
1.0253164556962,1.55696202531646,0.414287269626843
1.10126582278481,1.55696202531646,0.407808044361564
1.17721518987342,1.55696202531646,0.395660737837197
1.25316455696203,1.55696202531646,0.378360840762777
1.32911392405063,1.55696202531646,0.356500063428513
1.40506329113924,1.55696202531646,0.3307283290362
1.48101265822785,1.55696202531646,0.301735161936508
1.55696202531646,1.55696202531646,0.270231061512915
1.63291139240506,1.55696202531646,0.236929421098471
1.70886075949367,1.55696202531646,0.202529501466032
1.78481012658228,1.55696202531646,0.167700903063474
1.86075949367089,1.55696202531646,0.13306990372675
1.93670886075949,1.55696202531646,0.0992079428530465
2.0126582278481,1.55696202531646,0.0666224428279909
2.08860759493671,1.55696202531646,0.0357500676850176
2.16455696202532,1.55696202531646,0.00695243111125016
2.24050632911392,1.55696202531646,-0.0194858157926024
2.31645569620253,1.55696202531646,-0.0433566594275744
2.39240506329114,1.55696202531646,-0.06452636554618
2.46835443037975,1.55696202531646,-0.0829313416098116
2.54430379746835,1.55696202531646,-0.0985725091616137
2.62025316455696,1.55696202531646,-0.111508498044673
2.69620253164557,1.55696202531646,-0.121847983359665
2.77215189873418,1.55696202531646,-0.129741482737669
2.84810126582278,1.55696202531646,-0.135372917112316
2.92405063291139,1.55696202531646,-0.138951214355901
3,1.55696202531646,-0.140702203772331
-3,1.63291139240506,-0.0450535547779221
-2.92405063291139,1.63291139240506,-0.046721724808521
-2.84810126582278,1.63291139240506,-0.0501307735248136
-2.77215189873418,1.63291139240506,-0.0554958488159173
-2.69620253164557,1.63291139240506,-0.0630159965537516
-2.62025316455696,1.63291139240506,-0.0728664384653042
-2.54430379746835,1.63291139240506,-0.0851905729051792
-2.46835443037975,1.63291139240506,-0.100091934791587
-2.39240506329114,1.63291139240506,-0.117626380856853
-2.31645569620253,1.63291139240506,-0.137794789056399
-2.24050632911392,1.63291139240506,-0.16053657469104
-2.16455696202532,1.63291139240506,-0.185724328958855
-2.08860759493671,1.63291139240506,-0.213159877017384
-2.0126582278481,1.63291139240506,-0.242572031370617
-1.93670886075949,1.63291139240506,-0.273616282160384
-1.86075949367089,1.63291139240506,-0.305876618960134
-1.78481012658228,1.63291139240506,-0.338869619763645
-1.70886075949367,1.63291139240506,-0.372050873469549
-1.63291139240506,1.63291139240506,-0.404823724320269
-1.55696202531646,1.63291139240506,-0.436550243046135
-1.48101265822785,1.63291139240506,-0.466564242944985
-1.40506329113924,1.63291139240506,-0.494186073205083
-1.32911392405063,1.63291139240506,-0.518738840084432
-1.25316455696203,1.63291139240506,-0.53956563278371
-1.17721518987342,1.63291139240506,-0.55604726857271
-1.10126582278481,1.63291139240506,-0.567620024242339
-1.0253164556962,1.63291139240506,-0.573792791083543
-0.949367088607595,1.63291139240506,-0.574163080545351
-0.873417721518987,1.63291139240506,-0.568431318938885
-0.79746835443038,1.63291139240506,-0.556412902606843
-0.721518987341772,1.63291139240506,-0.538047539505593
-0.645569620253164,1.63291139240506,-0.513405477825545
-0.569620253164557,1.63291139240506,-0.482690314841836
-0.493670886075949,1.63291139240506,-0.446238186510366
-0.417721518987342,1.63291139240506,-0.40451325652055
-0.341772151898734,1.63291139240506,-0.358099548108072
-0.265822784810127,1.63291139240506,-0.307689288038134
-0.189873417721519,1.63291139240506,-0.254068054726444
-0.113924050632911,1.63291139240506,-0.198097136451519
-0.0379746835443036,1.63291139240506,-0.140693606288009
0.037974683544304,1.63291139240506,-0.0828087035210055
0.113924050632912,1.63291139240506,-0.0254051733574951
0.189873417721519,1.63291139240506,0.0305657449174293
0.265822784810127,1.63291139240506,0.0841869782291192
0.341772151898734,1.63291139240506,0.134597238299057
0.417721518987342,1.63291139240506,0.181010946711535
0.493670886075949,1.63291139240506,0.222735876701351
0.569620253164557,1.63291139240506,0.259188005032821
0.645569620253164,1.63291139240506,0.28990316801653
0.721518987341772,1.63291139240506,0.314545229696578
0.79746835443038,1.63291139240506,0.332910592797828
0.873417721518988,1.63291139240506,0.34492900912987
0.949367088607595,1.63291139240506,0.350660770736336
1.0253164556962,1.63291139240506,0.350290481274528
1.10126582278481,1.63291139240506,0.344117714433324
1.17721518987342,1.63291139240506,0.332544958763696
1.25316455696203,1.63291139240506,0.316063322974695
1.32911392405063,1.63291139240506,0.295236530275417
1.40506329113924,1.63291139240506,0.270683763396067
1.48101265822785,1.63291139240506,0.243061933135971
1.55696202531646,1.63291139240506,0.21304793323712
1.63291139240506,1.63291139240506,0.181321414511254
1.70886075949367,1.63291139240506,0.148548563660534
1.78481012658228,1.63291139240506,0.115367309954631
1.86075949367089,1.63291139240506,0.0823743091511185
1.93670886075949,1.63291139240506,0.0501139723513692
2.0126582278481,1.63291139240506,0.0190697215616021
2.08860759493671,1.63291139240506,-0.0103424327916315
2.16455696202532,1.63291139240506,-0.0377779808501603
2.24050632911392,1.63291139240506,-0.0629657351179753
2.31645569620253,1.63291139240506,-0.0857075207526158
2.39240506329114,1.63291139240506,-0.105875928952162
2.46835443037975,1.63291139240506,-0.123410375017428
2.54430379746835,1.63291139240506,-0.138311736903836
2.62025316455696,1.63291139240506,-0.150635871343711
2.69620253164557,1.63291139240506,-0.160486313255263
2.77215189873418,1.63291139240506,-0.168006460993098
2.84810126582278,1.63291139240506,-0.173371536284201
2.92405063291139,1.63291139240506,-0.176780585000494
3,1.63291139240506,-0.178448755031093
-3,1.70886075949367,-0.088633050756301
-2.92405063291139,1.70886075949367,-0.0902186559174048
-2.84810126582278,1.70886075949367,-0.0934589762323952
-2.77215189873418,1.70886075949367,-0.0985585110011805
-2.69620253164557,1.70886075949367,-0.105706454464169
-2.62025316455696,1.70886075949367,-0.115069355875666
-2.54430379746835,1.70886075949367,-0.126783516192398
-2.46835443037975,1.70886075949367,-0.14094734594666
-2.39240506329114,1.70886075949367,-0.157613937282196
-2.31645569620253,1.70886075949367,-0.176784124700662
-2.24050632911392,1.70886075949367,-0.198400322098752
-2.16455696202532,1.70886075949367,-0.222341426681073
-2.08860759493671,1.70886075949367,-0.248419072125702
-2.0126582278481,1.70886075949367,-0.276375493165664
-1.93670886075949,1.70886075949367,-0.30588323120912
-1.86075949367089,1.70886075949367,-0.336546865964784
-1.78481012658228,1.70886075949367,-0.367906902049097
-1.70886075949367,1.70886075949367,-0.399445873594513
-1.63291139240506,1.70886075949367,-0.430596655888768
-1.55696202531646,1.70886075949367,-0.460752893510139
-1.48101265822785,1.70886075949367,-0.489281372185602
-1.40506329113924,1.70886075949367,-0.515536079928925
-1.32911392405063,1.70886075949367,-0.538873625364445
-1.25316455696203,1.70886075949367,-0.558669611017873
-1.17721518987342,1.70886075949367,-0.574335500160535
-1.10126582278481,1.70886075949367,-0.585335470655969
-1.0253164556962,1.70886075949367,-0.591202720865584
-0.949367088607595,1.70886075949367,-0.591554683118216
-0.873417721518987,1.70886075949367,-0.586106610908116
-0.79746835443038,1.70886075949367,-0.574683037402519
-0.721518987341772,1.70886075949367,-0.5572266546689
-0.645569620253164,1.70886075949367,-0.533804234014277
-0.569620253164557,1.70886075949367,-0.504609295813865
-0.493670886075949,1.70886075949367,-0.46996133921747
-0.417721518987342,1.70886075949367,-0.430301554468313
-0.341772151898734,1.70886075949367,-0.386185058994305
-0.265822784810127,1.70886075949367,-0.338269818297418
-0.189873417721519,1.70886075949367,-0.287302529157688
-0.113924050632911,1.70886075949367,-0.23410185101304
-0.0379746835443036,1.70886075949367,-0.179539467069382
0.037974683544304,1.70886075949367,-0.124519535711185
0.113924050632912,1.70886075949367,-0.0699571517675268
0.189873417721519,1.70886075949367,-0.0167564736228787
0.265822784810127,1.70886075949367,0.0342108155168517
0.341772151898734,1.70886075949367,0.0821260562137381
0.417721518987342,1.70886075949367,0.126242551687747
0.493670886075949,1.70886075949367,0.165902336436903
0.569620253164557,1.70886075949367,0.200550293033298
0.645569620253164,1.70886075949367,0.22974523123371
0.721518987341772,1.70886075949367,0.253167651888333
0.79746835443038,1.70886075949367,0.270624034621953
0.873417721518988,1.70886075949367,0.282047608127549
0.949367088607595,1.70886075949367,0.28749568033765
1.0253164556962,1.70886075949367,0.287143718085017
1.10126582278481,1.70886075949367,0.281276467875403
1.17721518987342,1.70886075949367,0.270276497379968
1.25316455696203,1.70886075949367,0.254610608237306
1.32911392405063,1.70886075949367,0.234814622583878
1.40506329113924,1.70886075949367,0.211477077148358
1.48101265822785,1.70886075949367,0.185222369405036
1.55696202531646,1.70886075949367,0.156693890729572
1.63291139240506,1.70886075949367,0.126537653108202
1.70886075949367,1.70886075949367,0.0953868708139467
1.78481012658228,1.70886075949367,0.0638478992685304
1.86075949367089,1.70886075949367,0.0324878631842174
1.93670886075949,1.70886075949367,0.00182422842855312
2.0126582278481,1.70886075949367,-0.0276835096149025
2.08860759493671,1.70886075949367,-0.0556399306548645
2.16455696202532,1.70886075949367,-0.0817175760994941
2.24050632911392,1.70886075949367,-0.105658680681815
2.31645569620253,1.70886075949367,-0.127274878079904
2.39240506329114,1.70886075949367,-0.146445065498371
2.46835443037975,1.70886075949367,-0.163111656833907
2.54430379746835,1.70886075949367,-0.177275486588169
2.62025316455696,1.70886075949367,-0.188989646904901
2.69620253164557,1.70886075949367,-0.198352548316397
2.77215189873418,1.70886075949367,-0.205500491779386
2.84810126582278,1.70886075949367,-0.210600026548172
2.92405063291139,1.70886075949367,-0.213840346863162
3,1.70886075949367,-0.215425952024266
-3,1.78481012658228,-0.131127538906138
-2.92405063291139,1.78481012658228,-0.132631192267356
-2.84810126582278,1.78481012658228,-0.135704037041441
-2.77215189873418,1.78481012658228,-0.14054000300815
-2.69620253164557,1.78481012658228,-0.14731850592778
-2.62025316455696,1.78481012658228,-0.156197486977738
-2.54430379746835,1.78481012658228,-0.167306202417239
-2.46835443037975,1.78481012658228,-0.180737976442809
-2.39240506329114,1.78481012658228,-0.196543157137535
-2.31645569620253,1.78481012658228,-0.214722535871961
-2.24050632911392,1.78481012658228,-0.235221502873163
-2.16455696202532,1.78481012658228,-0.257925214528233
-2.08860759493671,1.78481012658228,-0.282655040204499
-2.0126582278481,1.78481012658228,-0.309166537199827
-1.93670886075949,1.78481012658228,-0.337149171577804
-1.86075949367089,1.78481012658228,-0.366227960294306
-1.78481012658228,1.78481012658228,-0.395967156925885
-1.70886075949367,1.78481012658228,-0.425876040762155
-1.63291139240506,1.78481012658228,-0.455416798859043
-1.55696202531646,1.78481012658228,-0.48401441519722
-1.48101265822785,1.78481012658228,-0.511068403102349
-1.40506329113924,1.78481012658228,-0.535966139635054
-1.32911392405063,1.78481012658228,-0.558097487020605
-1.25316455696203,1.78481012658228,-0.576870319688285
-1.17721518987342,1.78481012658228,-0.591726519354943
-1.10126582278481,1.78481012658228,-0.602157957782686
-1.0253164556962,1.78481012658228,-0.607721959915887
-0.949367088607595,1.78481012658228,-0.608055731044524
-0.873417721518987,1.78481012658228,-0.602889241749562
-0.79746835443038,1.78481012658228,-0.59205609417904
-0.721518987341772,1.78481012658228,-0.575501942353593
-0.645569620253164,1.78481012658228,-0.553290106513779
-0.569620253164557,1.78481012658228,-0.52560410495898
-0.493670886075949,1.78481012658228,-0.49274692356632
-0.417721518987342,1.78481012658228,-0.455136949717748
-0.341772151898734,1.78481012658228,-0.413300609667935
-0.265822784810127,1.78481012658228,-0.367861862056067
-0.189873417721519,1.78481012658228,-0.319528810734637
-0.113924050632911,1.78481012658228,-0.269077802833262
-0.0379746835443036,1.78481012658228,-0.217335468722879
0.037974683544304,1.78481012658228,-0.165159235477538
0.113924050632912,1.78481012658228,-0.113416901367156
0.189873417721519,1.78481012658228,-0.062965893465781
0.265822784810127,1.78481012658228,-0.0146328421443505
0.341772151898734,1.78481012658228,0.0308059054675173
0.417721518987342,1.78481012658228,0.0726422455173303
0.493670886075949,1.78481012658228,0.110252219365902
0.569620253164557,1.78481012658228,0.143109400758562
0.645569620253164,1.78481012658228,0.170795402313362
0.721518987341772,1.78481012658228,0.193007238153176
0.79746835443038,1.78481012658228,0.209561389978623
0.873417721518988,1.78481012658228,0.220394537549144
0.949367088607595,1.78481012658228,0.225561026844106
1.0253164556962,1.78481012658228,0.22522725571547
1.10126582278481,1.78481012658228,0.219663253582268
1.17721518987342,1.78481012658228,0.209231815154525
1.25316455696203,1.78481012658228,0.194375615487867
1.32911392405063,1.78481012658228,0.175602782820187
1.40506329113924,1.78481012658228,0.153471435434636
1.48101265822785,1.78481012658228,0.128573698901932
1.55696202531646,1.78481012658228,0.101519710996803
1.63291139240506,1.78481012658228,0.0729220946586253
1.70886075949367,1.78481012658228,0.0433813365617371
1.78481012658228,1.78481012658228,0.0134724527254678
1.86075949367089,1.78481012658228,-0.0162667439061117
1.93670886075949,1.78481012658228,-0.0453455326226142
2.0126582278481,1.78481012658228,-0.0733281670005903
2.08860759493671,1.78481012658228,-0.0998396639959188
2.16455696202532,1.78481012658228,-0.124569489672184
2.24050632911392,1.78481012658228,-0.147273201327255
2.31645569620253,1.78481012658228,-0.167772168328456
2.39240506329114,1.78481012658228,-0.185951547062882
2.46835443037975,1.78481012658228,-0.201756727757609
2.54430379746835,1.78481012658228,-0.215188501783178
2.62025316455696,1.78481012658228,-0.22629721722268
2.69620253164557,1.78481012658228,-0.235176198272637
2.77215189873418,1.78481012658228,-0.241954701192268
2.84810126582278,1.78481012658228,-0.246790667158976
2.92405063291139,1.78481012658228,-0.249863511933061
3,1.78481012658228,-0.25136716529428
-3,1.86075949367089,-0.172250005615779
-2.92405063291139,1.86075949367089,-0.173672656541028
-2.84810126582278,1.86075949367089,-0.176579965880897
-2.77215189873418,1.86075949367089,-0.181155416336733
-2.69620253164557,1.86075949367089,-0.187568758466728
-2.62025316455696,1.86075949367089,-0.195969425090949
-2.54430379746835,1.86075949367089,-0.206479709379823
-2.46835443037975,1.86075949367089,-0.219187908116345
-2.39240506329114,1.86075949367089,-0.234141657111291
-2.31645569620253,1.86075949367089,-0.251341705103745
-2.24050632911392,1.86075949367089,-0.270736384172105
-2.16455696202532,1.86075949367089,-0.292217037376966
-2.08860759493671,1.86075949367089,-0.315614656992607
-2.0126582278481,1.86075949367089,-0.340697968547578
-1.93670886075949,1.86075949367089,-0.367173166698603
-1.86075949367089,1.86075949367089,-0.394685468895108
-1.78481012658228,1.86075949367089,-0.42282260255587
-1.70886075949367,1.86075949367089,-0.451120282300578
-1.63291139240506,1.86075949367089,-0.479069667393575
-1.55696202531646,1.86075949367089,-0.506126718169185
-1.48101265822785,1.86075949367089,-0.53172329642157
-1.40506329113924,1.86075949367089,-0.555279781465528
-1.32911392405063,1.86075949367089,-0.57621890390365
-1.25316455696203,1.86075949367089,-0.593980436217564
-1.17721518987342,1.86075949367089,-0.60803632618965
-1.10126582278481,1.86075949367089,-0.617905818662885
-1.0253164556962,1.86075949367089,-0.623170085672183
-0.949367088607595,1.86075949367089,-0.62348587641041
-0.873417721518987,1.86075949367089,-0.618597708056363
-0.79746835443038,1.86075949367089,-0.60834814668002
-0.721518987341772,1.86075949367089,-0.592685773942669
-0.645569620253164,1.86075949367089,-0.571670498997007
-0.569620253164557,1.86075949367089,-0.545475953934809
-0.493670886075949,1.86075949367089,-0.514388802657176
-0.417721518987342,1.86075949367089,-0.478804893842662
-0.341772151898734,1.86075949367089,-0.439222294943245
-0.265822784810127,1.86075949367089,-0.396231351685042
-0.189873417721519,1.86075949367089,-0.350502022069612
-0.113924050632911,1.86075949367089,-0.302768831081737
-0.0379746835443036,1.86075949367089,-0.253813878168259
0.037974683544304,1.86075949367089,-0.204448400447843
0.113924050632912,1.86075949367089,-0.155493447534365
0.189873417721519,1.86075949367089,-0.10776025654649
0.265822784810127,1.86075949367089,-0.0620309269310602
0.341772151898734,1.86075949367089,-0.0190399836728574
0.417721518987342,1.86075949367089,0.0205426152265593
0.493670886075949,1.86075949367089,0.0561265240410741
0.569620253164557,1.86075949367089,0.0872136753187068
0.645569620253164,1.86075949367089,0.113408220380905
0.721518987341772,1.86075949367089,0.134423495326567
0.79746835443038,1.86075949367089,0.150085868063918
0.873417721518988,1.86075949367089,0.160335429440261
0.949367088607595,1.86075949367089,0.165223597794307
1.0253164556962,1.86075949367089,0.164907807056081
1.10126582278481,1.86075949367089,0.159643540046783
1.17721518987342,1.86075949367089,0.149774047573548
1.25316455696203,1.86075949367089,0.135718157601462
1.32911392405063,1.86075949367089,0.117956625287547
1.40506329113924,1.86075949367089,0.0970175028494257
1.48101265822785,1.86075949367089,0.0734610178054673
1.55696202531646,1.86075949367089,0.047864439553083
1.63291139240506,1.86075949367089,0.0208073887774731
1.70886075949367,1.86075949367089,-0.00714199631552448
1.78481012658228,1.86075949367089,-0.0354396760602321
1.86075949367089,1.86075949367089,-0.0635768097209945
1.93670886075949,1.86075949367089,-0.0910891119174995
2.0126582278481,1.86075949367089,-0.117564310068524
2.08860759493671,1.86075949367089,-0.142647621623495
2.16455696202532,1.86075949367089,-0.166045241239136
2.24050632911392,1.86075949367089,-0.187525894443997
2.31645569620253,1.86075949367089,-0.206920573512358
2.39240506329114,1.86075949367089,-0.224120621504811
2.46835443037975,1.86075949367089,-0.239074370499758
2.54430379746835,1.86075949367089,-0.25178256923628
2.62025316455696,1.86075949367089,-0.262292853525154
2.69620253164557,1.86075949367089,-0.270693520149374
2.77215189873418,1.86075949367089,-0.277106862279369
2.84810126582278,1.86075949367089,-0.281682312735205
2.92405063291139,1.86075949367089,-0.284589622075075
3,1.86075949367089,-0.286012273000323
-3,1.93670886075949,-0.211723707816133
-2.92405063291139,1.93670886075949,-0.213066617836576
-2.84810126582278,1.93670886075949,-0.215810969789505
-2.77215189873418,1.93670886075949,-0.220129962000552
-2.69620253164557,1.93670886075949,-0.226183830351567
-2.62025316455696,1.93670886075949,-0.234113631814356
-2.54430379746835,1.93670886075949,-0.244034804913637
-2.46835443037975,1.93670886075949,-0.256030697315764
-2.39240506329114,1.93670886075949,-0.270146274800106
-2.31645569620253,1.93670886075949,-0.286382244138224
-2.24050632911392,1.93670886075949,-0.304689833443482
-2.16455696202532,1.93670886075949,-0.324966476098776
-2.08860759493671,1.93670886075949,-0.347052637418278
-2.0126582278481,1.93670886075949,-0.370730006079322
-1.93670886075949,1.93670886075949,-0.395721244800822
-1.86075949367089,1.93670886075949,-0.421691456923457
-1.78481012658228,1.93670886075949,-0.448251478126835
-1.70886075949367,1.93670886075949,-0.474963046657141
-1.63291139240506,1.93670886075949,-0.501345842774237
-1.55696202531646,1.93670886075949,-0.526886320740663
-1.48101265822785,1.93670886075949,-0.551048187024339
-1.40506329113924,1.93670886075949,-0.573284309217449
-1.32911392405063,1.93670886075949,-0.593049774408106
-1.25316455696203,1.93670886075949,-0.609815756350321
-1.17721518987342,1.93670886075949,-0.623083800643389
-1.10126582278481,1.93670886075949,-0.632400098903053
-1.0253164556962,1.93670886075949,-0.637369298860409
-0.949367088607595,1.93670886075949,-0.637667389234655
-0.873417721518987,1.93670886075949,-0.633053207253844
-0.79746835443038,1.93670886075949,-0.623378143305854
-0.721518987341772,1.93670886075949,-0.608593661097585
-0.645569620253164,1.93670886075949,-0.588756311818117
-0.569620253164557,1.93670886075949,-0.564029995319326
-0.493670886075949,1.93670886075949,-0.534685307724585
-0.417721518987342,1.93670886075949,-0.501095910026604
-0.341772151898734,1.93670886075949,-0.463731952534395
-0.265822784810127,1.93670886075949,-0.423150691548192
-0.189873417721519,1.93670886075949,-0.379984533301739
-0.113924050632911,1.93670886075949,-0.334926831972665
-0.0379746835443036,1.93670886075949,-0.288715849607905
0.037974683544304,1.93670886075949,-0.24211735273267
0.113924050632912,1.93670886075949,-0.195906370367911
0.189873417721519,1.93670886075949,-0.150848669038837
0.265822784810127,1.93670886075949,-0.107682510792384
0.341772151898734,1.93670886075949,-0.0671012498061806
0.417721518987342,1.93670886075949,-0.0297372923139721
0.493670886075949,1.93670886075949,0.0038521053840086
0.569620253164557,1.93670886075949,0.0331967929787497
0.645569620253164,1.93670886075949,0.0579231094775413
0.721518987341772,1.93670886075949,0.0777604587570092
0.79746835443038,1.93670886075949,0.0925449409652785
0.873417721518988,1.93670886075949,0.102220004913268
0.949367088607595,1.93670886075949,0.106834186894079
1.0253164556962,1.93670886075949,0.106536096519833
1.10126582278481,1.93670886075949,0.101566896562477
1.17721518987342,1.93670886075949,0.0922505983028127
1.25316455696203,1.93670886075949,0.0789825540097449
1.32911392405063,1.93670886075949,0.0622165720675297
1.40506329113924,1.93670886075949,0.0424511068768733
1.48101265822785,1.93670886075949,0.0202149846837628
1.55696202531646,1.93670886075949,-0.00394688159991297
1.63291139240506,1.93670886075949,-0.0294873595663386
1.70886075949367,1.93670886075949,-0.0558701556834354
1.78481012658228,1.93670886075949,-0.0825817242137414
1.86075949367089,1.93670886075949,-0.109141745417119
1.93670886075949,1.93670886075949,-0.135111957539754
2.0126582278481,1.93670886075949,-0.160103196261253
2.08860759493671,1.93670886075949,-0.183780564922299
2.16455696202532,1.93670886075949,-0.2058667262418
2.24050632911392,1.93670886075949,-0.226143368897094
2.31645569620253,1.93670886075949,-0.244450958202352
2.39240506329114,1.93670886075949,-0.26068692754047
2.46835443037975,1.93670886075949,-0.274802505024812
2.54430379746835,1.93670886075949,-0.286798397426939
2.62025316455696,1.93670886075949,-0.29671957052622
2.69620253164557,1.93670886075949,-0.304649371989009
2.77215189873418,1.93670886075949,-0.310703240340024
2.84810126582278,1.93670886075949,-0.315022232551071
2.92405063291139,1.93670886075949,-0.317766584504
3,1.93670886075949,-0.319109494524443
-3,2.0126582278481,-0.249284076305878
-2.92405063291139,2.0126582278481,-0.250548793493662
-2.84810126582278,2.0126582278481,-0.253133351678022
-2.77215189873418,2.0126582278481,-0.257200864467457
-2.69620253164557,2.0126582278481,-0.262902237783282
-2.62025316455696,2.0126582278481,-0.270370315355888
-2.54430379746835,2.0126582278481,-0.279713814138848
-2.46835443037975,2.0126582278481,-0.291011228762923
-2.39240506329114,2.0126582278481,-0.304304906811468
-2.31645569620253,2.0126582278481,-0.319595513903273
-2.24050632911392,2.0126582278481,-0.336837117963685
-2.16455696202532,2.0126582278481,-0.355933124461746
-2.08860759493671,2.0126582278481,-0.376733287844037
-2.0126582278481,2.0126582278481,-0.399032008272996
-1.93670886075949,2.0126582278481,-0.422568096822436
-1.86075949367089,2.0126582278481,-0.447026156664033
-1.78481012658228,2.0126582278481,-0.472039683119604
-1.70886075949367,2.0126582278481,-0.497195932844947
-1.63291139240506,2.0126582278481,-0.522042553395197
-1.55696202531646,2.0126582278481,-0.546095900958785
-1.48101265822785,2.0126582278481,-0.568850908451995
-1.40506329113924,2.0126582278481,-0.589792301024224
-1.32911392405063,2.0126582278481,-0.608406894087511
-1.25316455696203,2.0126582278481,-0.624196653050952
-1.17721518987342,2.0126582278481,-0.636692146725337
-1.10126582278481,2.0126582278481,-0.645465990360539
-1.0253164556962,2.0126582278481,-0.650145851631906
-0.949367088607595,2.0126582278481,-0.650426585273089
-0.873417721518987,2.0126582278481,-0.646081070555159
-0.79746835443038,2.0126582278481,-0.636969350870552
-0.721518987341772,2.0126582278481,-0.623045716020388
-0.645569620253164,2.0126582278481,-0.60436342442089
-0.569620253164557,2.0126582278481,-0.581076832623565
-0.493670886075949,2.0126582278481,-0.553440780910318
-0.417721518987342,2.0126582278481,-0.521807173334798
-0.341772151898734,2.0126582278481,-0.48661878504024
-0.265822784810127,2.0126582278481,-0.448400425291727
-0.189873417721519,2.0126582278481,-0.407747677576839
-0.113924050632911,2.0126582278481,-0.365313524546922
-0.0379746835443036,2.0126582278481,-0.32179324189851
0.037974683544304,2.0126582278481,-0.277908008319318
0.113924050632912,2.0126582278481,-0.234387725670907
0.189873417721519,2.0126582278481,-0.191953572640989
0.265822784810127,2.0126582278481,-0.151300824926101
0.341772151898734,2.0126582278481,-0.113082465177589
0.417721518987342,2.0126582278481,-0.0778940768830299
0.493670886075949,2.0126582278481,-0.0462604693075108
0.569620253164557,2.0126582278481,-0.018624417594263
0.645569620253164,2.0126582278481,0.0046621742030612
0.721518987341772,2.0126582278481,0.0233444658025596
0.79746835443038,2.0126582278481,0.037268100652724
0.873417721518988,2.0126582278481,0.0463798203373302
0.949367088607595,2.0126582278481,0.0507253350552606
1.0253164556962,2.0126582278481,0.0504446014140771
1.10126582278481,2.0126582278481,0.0457647401427104
1.17721518987342,2.0126582278481,0.0369908965075084
1.25316455696203,2.0126582278481,0.0244954028331236
1.32911392405063,2.0126582278481,0.00870564386968253
1.40506329113924,2.0126582278481,-0.00990894919360402
1.48101265822785,2.0126582278481,-0.0308503417658333
1.55696202531646,2.0126582278481,-0.0536053492590435
1.63291139240506,2.0126582278481,-0.0776586968226312
1.70886075949367,2.0126582278481,-0.102505317372881
1.78481012658228,2.0126582278481,-0.127661567098225
1.86075949367089,2.0126582278481,-0.152675093553796
1.93670886075949,2.0126582278481,-0.177133153395392
2.0126582278481,2.0126582278481,-0.200669241944833
2.08860759493671,2.0126582278481,-0.222967962373792
2.16455696202532,2.0126582278481,-0.243768125756082
2.24050632911392,2.0126582278481,-0.262864132254143
2.31645569620253,2.0126582278481,-0.280105736314555
2.39240506329114,2.0126582278481,-0.29539634340636
2.46835443037975,2.0126582278481,-0.308690021454905
2.54430379746835,2.0126582278481,-0.31998743607898
2.62025316455696,2.0126582278481,-0.32933093486194
2.69620253164557,2.0126582278481,-0.336799012434546
2.77215189873418,2.0126582278481,-0.342500385750371
2.84810126582278,2.0126582278481,-0.346567898539807
2.92405063291139,2.0126582278481,-0.349152456724167
3,2.0126582278481,-0.350417173911951
-3,2.08860759493671,-0.284680526543924
-2.92405063291139,2.08860759493671,-0.285868858755847
-2.84810126582278,2.08860759493671,-0.288297317682263
-2.77215189873418,2.08860759493671,-0.292119165378164
-2.69620253164557,2.08860759493671,-0.297476193517607
-2.62025316455696,2.08860759493671,-0.304493222483761
-2.54430379746835,2.08860759493671,-0.313272403065086
-2.46835443037975,2.08860759493671,-0.323887489061322
-2.39240506329114,2.08860759493671,-0.336378270393795
-2.31645569620253,2.08860759493671,-0.350745372479991
-2.24050632911392,2.08860759493671,-0.366945637399393
-2.16455696202532,2.08860759493671,-0.384888304629614
-2.08860759493671,2.08860759493671,-0.404432202980328
-2.0126582278481,2.08860759493671,-0.425384150203282
-1.93670886075949,2.08860759493671,-0.447498732369271
-1.86075949367089,2.08860759493671,-0.47047960163527
-1.78481012658228,2.08860759493671,-0.493982389063218
-1.70886075949367,2.08860759493671,-0.517619279720332
-1.63291139240506,2.08860759493671,-0.540965241839374
-1.55696202531646,2.08860759493671,-0.563565842187417
-1.48101265822785,2.08860759493671,-0.584946518158245
-1.40506329113924,2.08860759493671,-0.604623115896054
-1.32911392405063,2.08860759493671,-0.622113445562335
-1.25316455696203,2.08860759493671,-0.63694955230304
-1.17721518987342,2.08860759493671,-0.648690357109511
-1.10126582278481,2.08860759493671,-0.656934287938316
-1.0253164556962,2.08860759493671,-0.661331500176605
-0.949367088607595,2.08860759493671,-0.661595278380943
-0.873417721518987,2.08860759493671,-0.657512219206462
-0.79746835443038,2.08860759493671,-0.648950818988435
-0.721518987341772,2.08860759493671,-0.635868128281507
-0.645569620253164,2.08860759493671,-0.618314188859577
-0.569620253164557,2.08860759493671,-0.596434034619589
-0.493670886075949,2.08860759493671,-0.570467114284787
-0.417721518987342,2.08860759493671,-0.540744078000914
-0.341772151898734,2.08860759493671,-0.507680958672734
-0.265822784810127,2.08860759493671,-0.471770868721619
-0.189873417721519,2.08860759493671,-0.433573420249005
-0.113924050632911,2.08860759493671,-0.393702157789527
-0.0379746835443036,2.08860759493671,-0.352810364554909
0.037974683544304,2.08860759493671,-0.311575662288132
0.113924050632912,2.08860759493671,-0.270683869053515
0.189873417721519,2.08860759493671,-0.230812606594036
0.265822784810127,2.08860759493671,-0.192615158121422
0.341772151898734,2.08860759493671,-0.156705068170307
0.417721518987342,2.08860759493671,-0.123641948842128
0.493670886075949,2.08860759493671,-0.0939189125582543
0.569620253164557,2.08860759493671,-0.0679519922234531
0.645569620253164,2.08860759493671,-0.0460718379834649
0.721518987341772,2.08860759493671,-0.0285178985615342
0.79746835443038,2.08860759493671,-0.0154352078546064
0.873417721518988,2.08860759493671,-0.00687380763657935
0.949367088607595,2.08860759493671,-0.00279074846209842
1.0253164556962,2.08860759493671,-0.0030545266664363
1.10126582278481,2.08860759493671,-0.00745173890472595
1.17721518987342,2.08860759493671,-0.0156956697335311
1.25316455696203,2.08860759493671,-0.0274364745400013
1.32911392405063,2.08860759493671,-0.0422725812807064
1.40506329113924,2.08860759493671,-0.0597629109469878
1.48101265822785,2.08860759493671,-0.079439508684797
1.55696202531646,2.08860759493671,-0.100820184655625
1.63291139240506,2.08860759493671,-0.123420785003668
1.70886075949367,2.08860759493671,-0.14676674712271
1.78481012658228,2.08860759493671,-0.170403637779823
1.86075949367089,2.08860759493671,-0.193906425207772
1.93670886075949,2.08860759493671,-0.216887294473771
2.0126582278481,2.08860759493671,-0.23900187663976
2.08860759493671,2.08860759493671,-0.259953823862713
2.16455696202532,2.08860759493671,-0.279497722213427
2.24050632911392,2.08860759493671,-0.297440389443649
2.31645569620253,2.08860759493671,-0.31364065436305
2.39240506329114,2.08860759493671,-0.328007756449247
2.46835443037975,2.08860759493671,-0.340498537781719
2.54430379746835,2.08860759493671,-0.351113623777956
2.62025316455696,2.08860759493671,-0.359892804359281
2.69620253164557,2.08860759493671,-0.366909833325435
2.77215189873418,2.08860759493671,-0.372266861464878
2.84810126582278,2.08860759493671,-0.376088709160778
2.92405063291139,2.08860759493671,-0.378517168087194
3,2.08860759493671,-0.379705500299118
-3,2.16455696202532,-0.31767816481302
-2.92405063291139,2.16455696202532,-0.318792152167816
-2.84810126582278,2.16455696202532,-0.321068680994119
-2.77215189873418,2.16455696202532,-0.324651424912419
-2.69620253164557,2.16455696202532,-0.32967330477627
-2.62025316455696,2.16455696202532,-0.336251331912198
-2.54430379746835,2.16455696202532,-0.344481266315166
-2.46835443037975,2.16455696202532,-0.354432247573795
-2.39240506329114,2.16455696202532,-0.36614157625838
-2.31645569620253,2.16455696202532,-0.379609838658821
-2.24050632911392,2.16455696202532,-0.394796576915576
-2.16455696202532,2.16455696202532,-0.411616708697933
-2.08860759493671,2.16455696202532,-0.429937894817147
-2.0126582278481,2.16455696202532,-0.449579038960616
-1.93670886075949,2.16455696202532,-0.470310080871552
-1.86075949367089,2.16455696202532,-0.49185321292475
-1.78481012658228,2.16455696202532,-0.513885610712575
-1.70886075949367,2.16455696202532,-0.536043721916252
-1.63291139240506,2.16455696202532,-0.557929105755217
-1.55696202531646,2.16455696202532,-0.579115759408035
-1.48101265822785,2.16455696202532,-0.599158810020905
-1.40506329113924,2.16455696202532,-0.617604393541561
-1.32911392405063,2.16455696202532,-0.634000487061493
-1.25316455696203,2.16455696202532,-0.647908412082554
-1.17721518987342,2.16455696202532,-0.658914684535913
-1.10126582278481,2.16455696202532,-0.666642855669332
-1.0253164556962,2.16455696202532,-0.670764967971479
-0.949367088607595,2.16455696202532,-0.671012243591171
-0.873417721518987,2.16455696202532,-0.667184630198539
-0.79746835443038,2.16455696202532,-0.659158851307306
-0.721518987341772,2.16455696202532,-0.646894644490401
-0.645569620253164,2.16455696202532,-0.63043892079069
-0.569620253164557,2.16455696202532,-0.609927640443528
-0.493670886075949,2.16455696202532,-0.585585271697053
-0.417721518987342,2.16455696202532,-0.557721778446481
-0.341772151898734,2.16455696202532,-0.526727165599898
-0.265822784810127,2.16455696202532,-0.493063695306211
-0.189873417721519,2.16455696202532,-0.457255969018059
-0.113924050632911,2.16455696202532,-0.419879146481451
-0.0379746835443036,2.16455696202532,-0.381545639974421
0.037974683544304,2.16455696202532,-0.342890677630514
0.113924050632912,2.16455696202532,-0.304557171123484
0.189873417721519,2.16455696202532,-0.267180348586876
0.265822784810127,2.16455696202532,-0.231372622298724
0.341772151898734,2.16455696202532,-0.197709152005037
0.417721518987342,2.16455696202532,-0.166714539158454
0.493670886075949,2.16455696202532,-0.138851045907882
0.569620253164557,2.16455696202532,-0.114508677161408
0.645569620253164,2.16455696202532,-0.0939973968142457
0.721518987341772,2.16455696202532,-0.0775416731145341
0.79746835443038,2.16455696202532,-0.0652774662976288
0.873417721518988,2.16455696202532,-0.0572516874063963
0.949367088607595,2.16455696202532,-0.0534240740137644
1.0253164556962,2.16455696202532,-0.0536713496334563
1.10126582278481,2.16455696202532,-0.0577934619356034
1.17721518987342,2.16455696202532,-0.0655216330690224
1.25316455696203,2.16455696202532,-0.0765279055223809
1.32911392405063,2.16455696202532,-0.0904358305434425
1.40506329113924,2.16455696202532,-0.106831924063374
1.48101265822785,2.16455696202532,-0.12527750758403
1.55696202531646,2.16455696202532,-0.1453205581969
1.63291139240506,2.16455696202532,-0.166507211849718
1.70886075949367,2.16455696202532,-0.188392595688683
1.78481012658228,2.16455696202532,-0.21055070689236
1.86075949367089,2.16455696202532,-0.232583104680186
1.93670886075949,2.16455696202532,-0.254126236733383
2.0126582278481,2.16455696202532,-0.274857278644319
2.08860759493671,2.16455696202532,-0.294498422787788
2.16455696202532,2.16455696202532,-0.312819608907002
2.24050632911392,2.16455696202532,-0.329639740689359
2.31645569620253,2.16455696202532,-0.344826478946115
2.39240506329114,2.16455696202532,-0.358294741346555
2.46835443037975,2.16455696202532,-0.37000407003114
2.54430379746835,2.16455696202532,-0.379955051289769
2.62025316455696,2.16455696202532,-0.388184985692737
2.69620253164557,2.16455696202532,-0.394763012828665
2.77215189873418,2.16455696202532,-0.399784892692516
2.84810126582278,2.16455696202532,-0.403367636610816
2.92405063291139,2.16455696202532,-0.405644165437119
3,2.16455696202532,-0.406758152791915
-3,2.24050632911392,-0.348059378501711
-2.92405063291139,2.24050632911392,-0.349101265443707
-2.84810126582278,2.24050632911392,-0.351230450884628
-2.77215189873418,2.24050632911392,-0.354581309481828
-2.69620253164557,2.24050632911392,-0.35927815907522
-2.62025316455696,2.24050632911392,-0.36543043768728
-2.54430379746835,2.24050632911392,-0.373127707455215
-2.46835443037975,2.24050632911392,-0.382434633057892
-2.39240506329114,2.24050632911392,-0.393386100867181
-2.31645569620253,2.24050632911392,-0.405982659226643
-2.24050632911392,2.24050632911392,-0.42018646882385
-2.16455696202532,2.24050632911392,-0.435917954097212
-2.08860759493671,2.24050632911392,-0.453053341224633
-2.0126582278481,2.24050632911392,-0.47142325495914
-1.93670886075949,2.24050632911392,-0.49081252519455
-1.86075949367089,2.24050632911392,-0.510961324801009
-1.78481012658228,2.24050632911392,-0.531567723479738
-1.70886075949367,2.24050632911392,-0.552291699046432
-1.63291139240506,2.24050632911392,-0.572760598934938
-1.55696202531646,2.24050632911392,-0.592575992431481
-1.48101265822785,2.24050632911392,-0.611321800111794
-1.40506329113924,2.24050632911392,-0.628573533288946
-1.32911392405063,2.24050632911392,-0.643908425255727
-1.25316455696203,2.24050632911392,-0.656916190027305
-1.17721518987342,2.24050632911392,-0.667210105393427
-1.10126582278481,2.24050632911392,-0.674438087429984
-1.0253164556962,2.24050632911392,-0.678293404963488
-0.949367088607595,2.24050632911392,-0.678524676205591
-0.873417721518987,2.24050632911392,-0.674944796779113
-0.79746835443038,2.24050632911392,-0.667438469000688
-0.721518987341772,2.24050632911392,-0.655968036341416
-0.645569620253164,2.24050632911392,-0.64057737362877
-0.569620253164557,2.24050632911392,-0.621393641367076
-0.493670886075949,2.24050632911392,-0.598626779584485
-0.417721518987342,2.24050632911392,-0.572566690436102
-0.341772151898734,2.24050632911392,-0.543578136609133
-0.265822784810127,2.24050632911392,-0.512093461338584
-0.189873417721519,2.24050632911392,-0.478603312387106
-0.113924050632911,2.24050632911392,-0.443645623534964
-0.0379746835443036,2.24050632911392,-0.407793170005189
0.037974683544304,2.24050632911392,-0.371640066169621
0.113924050632912,2.24050632911392,-0.335787612639846
0.189873417721519,2.24050632911392,-0.300829923787703
0.265822784810127,2.24050632911392,-0.267339774836226
0.341772151898734,2.24050632911392,-0.235855099565676
0.417721518987342,2.24050632911392,-0.206866545738708
0.493670886075949,2.24050632911392,-0.180806456590325
0.569620253164557,2.24050632911392,-0.158039594807734
0.645569620253164,2.24050632911392,-0.138855862546039
0.721518987341772,2.24050632911392,-0.123465199833393
0.79746835443038,2.24050632911392,-0.111994767174121
0.873417721518988,2.24050632911392,-0.104488439395696
0.949367088607595,2.24050632911392,-0.100908559969218
1.0253164556962,2.24050632911392,-0.101139831211321
1.10126582278481,2.24050632911392,-0.104995148744825
1.17721518987342,2.24050632911392,-0.112223130781382
1.25316455696203,2.24050632911392,-0.122517046147505
1.32911392405063,2.24050632911392,-0.135524810919083
1.40506329113924,2.24050632911392,-0.150859702885863
1.48101265822785,2.24050632911392,-0.168111436063015
1.55696202531646,2.24050632911392,-0.186857243743329
1.63291139240506,2.24050632911392,-0.206672637239872
1.70886075949367,2.24050632911392,-0.227141537128377
1.78481012658228,2.24050632911392,-0.247865512695071
1.86075949367089,2.24050632911392,-0.2684719113738
1.93670886075949,2.24050632911392,-0.288620710980259
2.0126582278481,2.24050632911392,-0.308009981215669
2.08860759493671,2.24050632911392,-0.326379894950177
2.16455696202532,2.24050632911392,-0.343515282077597
2.24050632911392,2.24050632911392,-0.359246767350959
2.31645569620253,2.24050632911392,-0.373450576948167
2.39240506329114,2.24050632911392,-0.386047135307628
2.46835443037975,2.24050632911392,-0.396998603116918
2.54430379746835,2.24050632911392,-0.406305528719595
2.62025316455696,2.24050632911392,-0.41400279848753
2.69620253164557,2.24050632911392,-0.420155077099589
2.77215189873418,2.24050632911392,-0.424851926692981
2.84810126582278,2.24050632911392,-0.428202785290181
2.92405063291139,2.24050632911392,-0.430331970731103
3,2.24050632911392,-0.431373857673098
-3,2.31645569620253,-0.375625300156353
-2.92405063291139,2.31645569620253,-0.37659750744255
-2.84810126582278,2.31645569620253,-0.378584296522912
-2.77215189873418,2.31645569620253,-0.381711055302492
-2.69620253164557,2.31645569620253,-0.38609378745203
-2.62025316455696,2.31645569620253,-0.391834611962128
-2.54430379746835,2.31645569620253,-0.399017101204078
-2.46835443037975,2.31645569620253,-0.407701595191196
-2.39240506329114,2.31645569620253,-0.41792064715316
-2.31645569620253,2.31645569620253,-0.42967476876123
-2.24050632911392,2.31645569620253,-0.442928651332897
-2.16455696202532,2.31645569620253,-0.457608041187013
-2.08860759493671,2.31645569620253,-0.473597442287654
-2.0126582278481,2.31645569620253,-0.490738806921032
-1.93670886075949,2.31645569620253,-0.508831355197725
-1.86075949367089,2.31645569620253,-0.527632636791683
-1.78481012658228,2.31645569620253,-0.546860913997434
-1.70886075949367,2.31645569620253,-0.566198904745568
-1.63291139240506,2.31645569620253,-0.585298878850177
-1.55696202531646,2.31645569620253,-0.603789051977123
-1.48101265822785,2.31645569620253,-0.621281171398012
-1.40506329113924,2.31645569620253,-0.637379137519203
-1.32911392405063,2.31645569620253,-0.651688457563656
-1.25316455696203,2.31645569620253,-0.663826284786871
-1.17721518987342,2.31645569620253,-0.673431760313105
-1.10126582278481,2.31645569620253,-0.680176347002121
-1.0253164556962,2.31645569620253,-0.68377382734821
-0.949367088607595,2.31645569620253,-0.683989631556515
-0.873417721518987,2.31645569620253,-0.68064916847761
-0.79746835443038,2.31645569620253,-0.673644851344322
-0.721518987341772,2.31645569620253,-0.662941542033411
-0.645569620253164,2.31645569620253,-0.648580181097283
-0.569620253164557,2.31645569620253,-0.630679424758449
-0.493670886075949,2.31645569620253,-0.609435172607171
-0.417721518987342,2.31645569620253,-0.58511793862737
-0.341772151898734,2.31645569620253,-0.558068090787913
-0.265822784810127,2.31645569620253,-0.528689057931477
-0.189873417721519,2.31645569620253,-0.497438674119111
-0.113924050632911,2.31645569620253,-0.464818897019715
-0.0379746835443036,2.31645569620253,-0.431364195607553
0.037974683544304,2.31645569620253,-0.397628950879118
0.113924050632912,2.31645569620253,-0.364174249466956
0.189873417721519,2.31645569620253,-0.331554472367561
0.265822784810127,2.31645569620253,-0.300304088555194
0.341772151898734,2.31645569620253,-0.270925055698758
0.417721518987342,2.31645569620253,-0.243875207859302
0.493670886075949,2.31645569620253,-0.219557973879501
0.569620253164557,2.31645569620253,-0.198313721728222
0.645569620253164,2.31645569620253,-0.180412965389389
0.721518987341772,2.31645569620253,-0.16605160445326
0.79746835443038,2.31645569620253,-0.155348295142349
0.873417721518988,2.31645569620253,-0.148343978009061
0.949367088607595,2.31645569620253,-0.145003514930156
1.0253164556962,2.31645569620253,-0.145219319138461
1.10126582278481,2.31645569620253,-0.148816799484551
1.17721518987342,2.31645569620253,-0.155561386173566
1.25316455696203,2.31645569620253,-0.1651668616998
1.32911392405063,2.31645569620253,-0.177304688923016
1.40506329113924,2.31645569620253,-0.191614008967468
1.48101265822785,2.31645569620253,-0.207711975088659
1.55696202531646,2.31645569620253,-0.225204094509548
1.63291139240506,2.31645569620253,-0.243694267636495
1.70886075949367,2.31645569620253,-0.262794241741103
1.78481012658228,2.31645569620253,-0.282132232489237
1.86075949367089,2.31645569620253,-0.301360509694989
1.93670886075949,2.31645569620253,-0.320161791288947
2.0126582278481,2.31645569620253,-0.33825433956564
2.08860759493671,2.31645569620253,-0.355395704199018
2.16455696202532,2.31645569620253,-0.371385105299659
2.24050632911392,2.31645569620253,-0.386064495153775
2.31645569620253,2.31645569620253,-0.399318377725441
2.39240506329114,2.31645569620253,-0.411072499333511
2.46835443037975,2.31645569620253,-0.421291551295476
2.54430379746835,2.31645569620253,-0.429976045282594
2.62025316455696,2.31645569620253,-0.437158534524544
2.69620253164557,2.31645569620253,-0.442899359034642
2.77215189873418,2.31645569620253,-0.44728209118418
2.84810126582278,2.31645569620253,-0.45040884996376
2.92405063291139,2.31645569620253,-0.452395639044122
3,2.31645569620253,-0.453367846330319
-3,2.39240506329114,-0.400197135913109
-2.92405063291139,2.39240506329114,-0.401102232840677
-2.84810126582278,2.39240506329114,-0.402951876139891
-2.77215189873418,2.39240506329114,-0.405862798331922
-2.69620253164557,2.39240506329114,-0.409942995486604
-2.62025316455696,2.39240506329114,-0.415287537437244
-2.54430379746835,2.39240506329114,-0.421974227649792
-2.46835443037975,2.39240506329114,-0.430059240935356
-2.39240506329114,2.39240506329114,-0.43957288341135
-2.31645569620253,2.39240506329114,-0.45051563142895
-2.24050632911392,2.39240506329114,-0.462854613623674
-2.16455696202532,2.39240506329114,-0.476520701961181
-2.08860759493671,2.39240506329114,-0.491406372965003
-2.0126582278481,2.39240506329114,-0.50736448877453
-1.93670886075949,2.39240506329114,-0.5242081291068
-1.86075949367089,2.39240506329114,-0.541711579704874
-1.78481012658228,2.39240506329114,-0.559612550895323
-1.70886075949367,2.39240506329114,-0.577615662227624
-1.63291139240506,2.39240506329114,-0.595397186933469
-1.55696202531646,2.39240506329114,-0.612611004526699
-1.48101265822785,2.39240506329114,-0.628895662921344
-1.40506329113924,2.39240506329114,-0.643882404826337
-1.32911392405063,2.39240506329114,-0.657203968850494
-1.25316455696203,2.39240506329114,-0.668503935722847
-1.17721518987342,2.39240506329114,-0.677446356243716
-1.10126582278481,2.39240506329114,-0.683725371816439
-1.0253164556962,2.39240506329114,-0.687074522202844
-0.949367088607595,2.39240506329114,-0.687275429693115
-0.873417721518987,2.39240506329114,-0.684165554965475
-0.79746835443038,2.39240506329114,-0.677644737844415
-0.721518987341772,2.39240506329114,-0.667680265751212
-0.645569620253164,2.39240506329114,-0.654310253158698
-0.569620253164557,2.39240506329114,-0.637645165585858
-0.493670886075949,2.39240506329114,-0.617867379897969
-0.417721518987342,2.39240506329114,-0.595228736807594
-0.341772151898734,2.39240506329114,-0.570046109071435
-0.265822784810127,2.39240506329114,-0.542695077299905
-0.189873417721519,2.39240506329114,-0.513601871791702
-0.113924050632911,2.39240506329114,-0.483233800651119
-0.0379746835443036,2.39240506329114,-0.45208843906953
0.037974683544304,2.39240506329114,-0.420681899756387
0.113924050632912,2.39240506329114,-0.389536538174798
0.189873417721519,2.39240506329114,-0.359168467034215
0.265822784810127,2.39240506329114,-0.330075261526012
0.341772151898734,2.39240506329114,-0.302724229754482
0.417721518987342,2.39240506329114,-0.277541602018322
0.493670886075949,2.39240506329114,-0.254902958927947
0.569620253164557,2.39240506329114,-0.235125173240059
0.645569620253164,2.39240506329114,-0.218460085667219
0.721518987341772,2.39240506329114,-0.205090073074705
0.79746835443038,2.39240506329114,-0.195125600981502
0.873417721518988,2.39240506329114,-0.188604783860442
0.949367088607595,2.39240506329114,-0.185494909132801
1.0253164556962,2.39240506329114,-0.185695816623072
1.10126582278481,2.39240506329114,-0.189044967009478
1.17721518987342,2.39240506329114,-0.195323982582201
1.25316455696203,2.39240506329114,-0.20426640310307
1.32911392405063,2.39240506329114,-0.215566369975423
1.40506329113924,2.39240506329114,-0.22888793399958
1.48101265822785,2.39240506329114,-0.243874675904572
1.55696202531646,2.39240506329114,-0.260159334299218
1.63291139240506,2.39240506329114,-0.277373151892448
1.70886075949367,2.39240506329114,-0.295154676598293
1.78481012658228,2.39240506329114,-0.313157787930594
1.86075949367089,2.39240506329114,-0.331058759121043
1.93670886075949,2.39240506329114,-0.348562209719116
2.0126582278481,2.39240506329114,-0.365405850051387
2.08860759493671,2.39240506329114,-0.381363965860914
2.16455696202532,2.39240506329114,-0.396249636864735
2.24050632911392,2.39240506329114,-0.409915725202243
2.31645569620253,2.39240506329114,-0.422254707396967
2.39240506329114,2.39240506329114,-0.433197455414567
2.46835443037975,2.39240506329114,-0.44271109789056
2.54430379746835,2.39240506329114,-0.450796111176125
2.62025316455696,2.39240506329114,-0.457482801388673
2.69620253164557,2.39240506329114,-0.462827343339313
2.77215189873418,2.39240506329114,-0.466907540493995
2.84810126582278,2.39240506329114,-0.469818462686025
2.92405063291139,2.39240506329114,-0.47166810598524
3,2.39240506329114,-0.472573202912808
-3,2.46835443037975,-0.421617349924067
-2.92405063291139,2.46835443037975,-0.422458027091542
-2.84810126582278,2.46835443037975,-0.424176023078779
-2.77215189873418,2.46835443037975,-0.42687976203601
-2.69620253164557,2.46835443037975,-0.430669553474096
-2.62025316455696,2.46835443037975,-0.435633700684922
-2.54430379746835,2.46835443037975,-0.441844469516908
-2.46835443037975,2.46835443037975,-0.449354036570866
-2.39240506329114,2.46835443037975,-0.458190550943504
-2.31645569620253,2.46835443037975,-0.468354455081974
-2.24050632911392,2.46835443037975,-0.479815217222504
-2.16455696202532,2.46835443037975,-0.49250862947936
-2.08860759493671,2.46835443037975,-0.506334821298481
-2.0126582278481,2.46835443037975,-0.521157127272973
-1.93670886075949,2.46835443037975,-0.53680193106492
-1.86075949367089,2.46835443037975,-0.553059583501505
-1.78481012658228,2.46835443037975,-0.569686463227932
-1.70886075949367,2.46835443037975,-0.58640821332959
-1.63291139240506,2.46835443037975,-0.602924148107158
-1.55696202531646,2.46835443037975,-0.618912782003626
-1.48101265822785,2.46835443037975,-0.634038389080084
-1.40506329113924,2.46835443037975,-0.647958458136353
-1.32911392405063,2.46835443037975,-0.660331867402311
-1.25316455696203,2.46835443037975,-0.670827565546302
-1.17721518987342,2.46835443037975,-0.67913351436225
-1.10126582278481,2.46835443037975,-0.684965624565508
-1.0253164556962,2.46835443037975,-0.688076401074113
-0.949367088607595,2.46835443037975,-0.688263009087798
-0.873417721518987,2.46835443037975,-0.685374477928755
-0.79746835443038,2.46835443037975,-0.679317776265119
-0.721518987341772,2.46835443037975,-0.67006251981739
-0.645569620253164,2.46835443037975,-0.657644110282427
-0.569620253164557,2.46835443037975,-0.642165150858603
-0.493670886075949,2.46835443037975,-0.623795037841326
-0.417721518987342,2.46835443037975,-0.602767687323382
-0.341772151898734,2.46835443037975,-0.57937741882287
-0.265822784810127,2.46835443037975,-0.553973081213436
-0.189873417721519,2.46835443037975,-0.526950568094191
-0.113924050632911,2.46835443037975,-0.498743927180346
-0.0379746835443036,2.46835443037975,-0.46981531903145
0.037974683544304,2.46835443037975,-0.4406441223278
0.113924050632912,2.46835443037975,-0.411715514178904
0.189873417721519,2.46835443037975,-0.383508873265059
0.265822784810127,2.46835443037975,-0.356486360145814
0.341772151898734,2.46835443037975,-0.33108202253638
0.417721518987342,2.46835443037975,-0.307691754035868
0.493670886075949,2.46835443037975,-0.286664403517924
0.569620253164557,2.46835443037975,-0.268294290500647
0.645569620253164,2.46835443037975,-0.252815331076823
0.721518987341772,2.46835443037975,-0.24039692154186
0.79746835443038,2.46835443037975,-0.231141665094131
0.873417721518988,2.46835443037975,-0.225084963430495
0.949367088607595,2.46835443037975,-0.222196432271452
1.0253164556962,2.46835443037975,-0.222383040285137
1.10126582278481,2.46835443037975,-0.225493816793742
1.17721518987342,2.46835443037975,-0.231325926997
1.25316455696203,2.46835443037975,-0.239631875812948
1.32911392405063,2.46835443037975,-0.250127573956939
1.40506329113924,2.46835443037975,-0.262500983222897
1.48101265822785,2.46835443037975,-0.276421052279166
1.55696202531646,2.46835443037975,-0.291546659355624
1.63291139240506,2.46835443037975,-0.307535293252092
1.70886075949367,2.46835443037975,-0.32405122802966
1.78481012658228,2.46835443037975,-0.340772978131318
1.86075949367089,2.46835443037975,-0.357399857857745
1.93670886075949,2.46835443037975,-0.37365751029433
2.0126582278481,2.46835443037975,-0.389302314086277
2.08860759493671,2.46835443037975,-0.404124620060769
2.16455696202532,2.46835443037975,-0.41795081187989
2.24050632911392,2.46835443037975,-0.430644224136747
2.31645569620253,2.46835443037975,-0.442104986277276
2.39240506329114,2.46835443037975,-0.452268890415746
2.46835443037975,2.46835443037975,-0.461105404788384
2.54430379746835,2.46835443037975,-0.468614971842342
2.62025316455696,2.46835443037975,-0.474825740674328
2.69620253164557,2.46835443037975,-0.479789887885154
2.77215189873418,2.46835443037975,-0.48357967932324
2.84810126582278,2.46835443037975,-0.486283418280471
2.92405063291139,2.46835443037975,-0.488001414267708
3,2.46835443037975,-0.488842091435183
-3,2.54430379746835,-0.43975069743465
-2.92405063291139,2.54430379746835,-0.440529740303412
-2.84810126582278,2.54430379746835,-0.442121781308211
-2.77215189873418,2.54430379746835,-0.444627295475977
-2.69620253164557,2.54430379746835,-0.448139238119555
-2.62025316455696,2.54430379746835,-0.452739438569504
-2.54430379746835,2.54430379746835,-0.458494864499081
-2.46835443037975,2.54430379746835,-0.465453867178374
-2.39240506329114,2.54430379746835,-0.473642531951315
-2.31645569620253,2.54430379746835,-0.483061268827018
-2.24050632911392,2.54430379746835,-0.493681784479867
-2.16455696202532,2.54430379746835,-0.505444578429255
-2.08860759493671,2.54430379746835,-0.51825710213699
-2.0126582278481,2.54430379746835,-0.53199270982897
-1.93670886075949,2.54430379746835,-0.546490513859866
-1.86075949367089,2.54430379746835,-0.56155623549898
-1.78481012658228,2.54430379746835,-0.576964114506265
-1.70886075949367,2.54430379746835,-0.592459908461331
-1.63291139240506,2.54430379746835,-0.607764976455568
-1.55696202531646,2.54430379746835,-0.622581402665531
-1.48101265822785,2.54430379746835,-0.63659807492036
-1.40506329113924,2.54430379746835,-0.649497593249775
-1.32911392405063,2.54430379746835,-0.660963845247405
-1.25316455696203,2.54430379746835,-0.670690050630521
-1.17721518987342,2.54430379746835,-0.678387048293493
-1.10126582278481,2.54430379746835,-0.68379157697521
-1.0253164556962,2.54430379746835,-0.686674286711007
-0.949367088607595,2.54430379746835,-0.686847213546586
-0.873417721518987,2.54430379746835,-0.684170455228754
-0.79746835443038,2.54430379746835,-0.678557801023516
-0.721518987341772,2.54430379746835,-0.669981094276708
-0.645569620253164,2.54430379746835,-0.658473141207589
-0.569620253164557,2.54430379746835,-0.644129022654674
-0.493670886075949,2.54430379746835,-0.627105715613457
-0.417721518987342,2.54430379746835,-0.607619986603865
-0.341772151898734,2.54430379746835,-0.58594457709026
-0.265822784810127,2.54430379746835,-0.562402760069461
-0.189873417721519,2.54430379746835,-0.537361404176792
-0.113924050632911,2.54430379746835,-0.51122273489228
-0.0379746835443036,2.54430379746835,-0.484415029445365
0.037974683544304,2.54430379746835,-0.457382520838647
0.113924050632912,2.54430379746835,-0.430574815391732
0.189873417721519,2.54430379746835,-0.40443614610722
0.265822784810127,2.54430379746835,-0.37939479021455
0.341772151898734,2.54430379746835,-0.355852973193752
0.417721518987342,2.54430379746835,-0.334177563680146
0.493670886075949,2.54430379746835,-0.314691834670554
0.569620253164557,2.54430379746835,-0.297668527629338
0.645569620253164,2.54430379746835,-0.283324409076422
0.721518987341772,2.54430379746835,-0.271816456007303
0.79746835443038,2.54430379746835,-0.263239749260496
0.873417721518988,2.54430379746835,-0.257627095055257
0.949367088607595,2.54430379746835,-0.254950336737426
1.0253164556962,2.54430379746835,-0.255123263573005
1.10126582278481,2.54430379746835,-0.258005973308802
1.17721518987342,2.54430379746835,-0.263410501990519
1.25316455696203,2.54430379746835,-0.271107499653491
1.32911392405063,2.54430379746835,-0.280833705036607
1.40506329113924,2.54430379746835,-0.292299957034237
1.48101265822785,2.54430379746835,-0.305199475363652
1.55696202531646,2.54430379746835,-0.319216147618481
1.63291139240506,2.54430379746835,-0.334032573828444
1.70886075949367,2.54430379746835,-0.349337641822681
1.78481012658228,2.54430379746835,-0.364833435777747
1.86075949367089,2.54430379746835,-0.380241314785032
1.93670886075949,2.54430379746835,-0.395307036424146
2.0126582278481,2.54430379746835,-0.409804840455042
2.08860759493671,2.54430379746835,-0.423540448147021
2.16455696202532,2.54430379746835,-0.436352971854757
2.24050632911392,2.54430379746835,-0.448115765804145
2.31645569620253,2.54430379746835,-0.458736281456993
2.39240506329114,2.54430379746835,-0.468155018332696
2.46835443037975,2.54430379746835,-0.476343683105638
2.54430379746835,2.54430379746835,-0.48330268578493
2.62025316455696,2.54430379746835,-0.489058111714508
2.69620253164557,2.54430379746835,-0.493658312164457
2.77215189873418,2.54430379746835,-0.497170254808035
2.84810126582278,2.54430379746835,-0.4996757689758
2.92405063291139,2.54430379746835,-0.5012678099806
3,2.54430379746835,-0.502046852849362
-3,2.62025316455696,-0.454485100244156
-2.92405063291139,2.62025316455696,-0.455205363737723
-2.84810126582278,2.62025316455696,-0.456677284041466
-2.77215189873418,2.62025316455696,-0.458993755265343
-2.69620253164557,2.62025316455696,-0.462240719173359
-2.62025316455696,2.62025316455696,-0.466493831011029
-2.54430379746835,2.62025316455696,-0.471815005689883
-2.46835443037975,2.62025316455696,-0.478248946340014
-2.39240506329114,2.62025316455696,-0.485819770146377
-2.31645569620253,2.62025316455696,-0.494527856182584
-2.24050632911392,2.62025316455696,-0.504347045875893
-2.16455696202532,2.62025316455696,-0.515222328102078
-2.08860759493671,2.62025316455696,-0.527068137180335
-2.0126582278481,2.62025316455696,-0.539767382856249
-1.93670886075949,2.62025316455696,-0.553171316579336
-1.86075949367089,2.62025316455696,-0.567100318096449
-1.78481012658228,2.62025316455696,-0.581345660948846
-1.70886075949367,2.62025316455696,-0.595672285499549
-1.63291139240506,2.62025316455696,-0.609822574507795
-1.55696202531646,2.62025316455696,-0.623521090124927
-1.48101265822785,2.62025316455696,-0.636480193829293
-1.40506329113924,2.62025316455696,-0.648406433719055
-1.32911392405063,2.62025316455696,-0.65900754830861
-1.25316455696203,2.62025316455696,-0.667999904120193
-1.17721518987342,2.62025316455696,-0.675116157472863
-1.10126582278481,2.62025316455696,-0.680112910367294
-1.0253164556962,2.62025316455696,-0.682778117467567
-0.949367088607595,2.62025316455696,-0.682937996842272
-0.873417721518987,2.62025316455696,-0.680463201969305
-0.79746835443038,2.62025316455696,-0.675274026779925
-0.721518987341772,2.62025316455696,-0.667344439060877
-0.645569620253164,2.62025316455696,-0.656704769777298
-0.569620253164557,2.62025316455696,-0.643442925846339
-0.493670886075949,2.62025316455696,-0.627704040230148
-0.417721518987342,2.62025316455696,-0.609688524250349
-0.341772151898734,2.62025316455696,-0.589648540820998
-0.265822784810127,2.62025316455696,-0.567882971746168
-0.189873417721519,2.62025316455696,-0.544731005144449
-0.113924050632911,2.62025316455696,-0.520564518278395
-0.0379746835443036,2.62025316455696,-0.495779474535721
0.037974683544304,2.62025316455696,-0.470786589202118
0.113924050632912,2.62025316455696,-0.446001545459444
0.189873417721519,2.62025316455696,-0.421835058593389
0.265822784810127,2.62025316455696,-0.39868309199167
0.341772151898734,2.62025316455696,-0.37691752291684
0.417721518987342,2.62025316455696,-0.356877539487489
0.493670886075949,2.62025316455696,-0.338862023507691
0.569620253164557,2.62025316455696,-0.3231231378915
0.645569620253164,2.62025316455696,-0.30986129396054
0.721518987341772,2.62025316455696,-0.299221624676962
0.79746835443038,2.62025316455696,-0.291292036957914
0.873417721518988,2.62025316455696,-0.286102861768534
0.949367088607595,2.62025316455696,-0.283628066895567
1.0253164556962,2.62025316455696,-0.283787946270271
1.10126582278481,2.62025316455696,-0.286453153370545
1.17721518987342,2.62025316455696,-0.291449906264975
1.25316455696203,2.62025316455696,-0.298566159617646
1.32911392405063,2.62025316455696,-0.307558515429229
1.40506329113924,2.62025316455696,-0.318159630018783
1.48101265822785,2.62025316455696,-0.330085869908546
1.55696202531646,2.62025316455696,-0.343044973612912
1.63291139240506,2.62025316455696,-0.356743489230044
1.70886075949367,2.62025316455696,-0.370893778238289
1.78481012658228,2.62025316455696,-0.385220402788992
1.86075949367089,2.62025316455696,-0.39946574564139
1.93670886075949,2.62025316455696,-0.413394747158503
2.0126582278481,2.62025316455696,-0.42679868088159
2.08860759493671,2.62025316455696,-0.439497926557504
2.16455696202532,2.62025316455696,-0.45134373563576
2.24050632911392,2.62025316455696,-0.462219017861946
2.31645569620253,2.62025316455696,-0.472038207555254
2.39240506329114,2.62025316455696,-0.480746293591462
2.46835443037975,2.62025316455696,-0.488317117397824
2.54430379746835,2.62025316455696,-0.494751058047956
2.62025316455696,2.62025316455696,-0.500072232726809
2.69620253164557,2.62025316455696,-0.50432534456448
2.77215189873418,2.62025316455696,-0.507572308472495
2.84810126582278,2.62025316455696,-0.509888779696373
2.92405063291139,2.62025316455696,-0.511360700000116
3,2.62025316455696,-0.512080963493682
-3,2.69620253164557,-0.465732359380731
-2.92405063291139,2.69620253164557,-0.466396743728684
-2.84810126582278,2.69620253164557,-0.467754470199587
-2.77215189873418,2.69620253164557,-0.46989122603599
-2.69620253164557,2.69620253164557,-0.472886285508142
-2.62025316455696,2.69620253164557,-0.476809434411673
-2.54430379746835,2.69620253164557,-0.481717784204394
-2.46835443037975,2.69620253164557,-0.487652569879057
-2.39240506329114,2.69620253164557,-0.494636037572451
-2.31645569620253,2.69620253164557,-0.502668536949076
-2.24050632911392,2.69620253164557,-0.51172593885835
-2.16455696202532,2.69620253164557,-0.521757500023369
-2.08860759493671,2.69620253164557,-0.53268429307997
-2.0126582278481,2.69620253164557,-0.544398311815116
-1.93670886075949,2.69620253164557,-0.55676234781882
-1.86075949367089,2.69620253164557,-0.569610716052438
-1.78481012658228,2.69620253164557,-0.582750883375765
-1.70886075949367,2.69620253164557,-0.595966026438682
-1.63291139240506,2.69620253164557,-0.609018514340754
-1.55696202531646,2.69620253164557,-0.621654278123725
-1.48101265822785,2.69620253164557,-0.63360799470325
-1.40506329113924,2.69620253164557,-0.644608978625743
-1.32911392405063,2.69620253164557,-0.654387642499535
-1.25316455696203,2.69620253164557,-0.662682357566726
-1.17721518987342,2.69620253164557,-0.669246521078842
-1.10126582278481,2.69620253164557,-0.673855618226341
-1.0253164556962,2.69620253164557,-0.676314054475422
-0.949367088607595,2.69620253164557,-0.676461530163226
-0.873417721518987,2.69620253164557,-0.674178733669056
-0.79746835443038,2.69620253164557,-0.669392142643131
-0.721518987341772,2.69620253164557,-0.662077744491193
-0.645569620253164,2.69620253164557,-0.652263517055624
-0.569620253164557,2.69620253164557,-0.640030547300226
-0.493670886075949,2.69620253164557,-0.625512708549532
-0.417721518987342,2.69620253164557,-0.608894863907709
-0.341772151898734,2.69620253164557,-0.59040961310351
-0.265822784810127,2.69620253164557,-0.570332650232618
-0.189873417721519,2.69620253164557,-0.548976848679588
-0.113924050632911,2.69620253164557,-0.526685234899053
-0.0379746835443036,2.69620253164557,-0.503823052832307
0.037974683544304,2.69620253164557,-0.480769153843768
0.113924050632912,2.69620253164557,-0.457906971777022
0.189873417721519,2.69620253164557,-0.435615357996487
0.265822784810127,2.69620253164557,-0.414259556443457
0.341772151898734,2.69620253164557,-0.394182593572565
0.417721518987342,2.69620253164557,-0.375697342768366
0.493670886075949,2.69620253164557,-0.359079498126543
0.569620253164557,2.69620253164557,-0.344561659375849
0.645569620253164,2.69620253164557,-0.332328689620451
0.721518987341772,2.69620253164557,-0.322514462184882
0.79746835443038,2.69620253164557,-0.315200064032944
0.873417721518988,2.69620253164557,-0.310413473007019
0.949367088607595,2.69620253164557,-0.308130676512849
1.0253164556962,2.69620253164557,-0.308278152200653
1.10126582278481,2.69620253164557,-0.310736588449734
1.17721518987342,2.69620253164557,-0.315345685597233
1.25316455696203,2.69620253164557,-0.321909849109349
1.32911392405063,2.69620253164557,-0.33020456417654
1.40506329113924,2.69620253164557,-0.339983228050332
1.48101265822785,2.69620253164557,-0.350984211972825
1.55696202531646,2.69620253164557,-0.36293792855235
1.63291139240506,2.69620253164557,-0.375573692335321
1.70886075949367,2.69620253164557,-0.388626180237393
1.78481012658228,2.69620253164557,-0.40184132330031
1.86075949367089,2.69620253164557,-0.414981490623637
1.93670886075949,2.69620253164557,-0.427829858857255
2.0126582278481,2.69620253164557,-0.44019389486096
2.08860759493671,2.69620253164557,-0.451907913596105
2.16455696202532,2.69620253164557,-0.462834706652706
2.24050632911392,2.69620253164557,-0.472866267817725
2.31645569620253,2.69620253164557,-0.481923669726999
2.39240506329114,2.69620253164557,-0.489956169103624
2.46835443037975,2.69620253164557,-0.496939636797018
2.54430379746835,2.69620253164557,-0.502874422471682
2.62025316455696,2.69620253164557,-0.507782772264402
2.69620253164557,2.69620253164557,-0.511705921167933
2.77215189873418,2.69620253164557,-0.514700980640086
2.84810126582278,2.69620253164557,-0.516837736476488
2.92405063291139,2.69620253164557,-0.518195462947392
3,2.69620253164557,-0.518859847295344
-3,2.77215189873418,-0.473428700939611
-2.92405063291139,2.77215189873418,-0.474040128941293
-2.84810126582278,2.77215189873418,-0.475289634570819
-2.77215189873418,2.77215189873418,-0.477256075163769
-2.69620253164557,2.77215189873418,-0.480012406244748
-2.62025316455696,2.77215189873418,-0.483622851165343
-2.54430379746835,2.77215189873418,-0.488139969177784
-2.46835443037975,2.77215189873418,-0.493601708540933
-2.39240506329114,2.77215189873418,-0.500028542209942
-2.31645569620253,2.77215189873418,-0.507420791978467
-2.24050632911392,2.77215189873418,-0.515756251967684
-2.16455696202532,2.77215189873418,-0.524988223515151
-2.08860759493671,2.77215189873418,-0.535044070351371
-2.0126582278481,2.77215189873418,-0.545824395157292
-1.93670886075949,2.77215189873418,-0.557202926047987
-1.86075949367089,2.77215189873418,-0.569027184307786
-1.78481012658228,2.77215189873418,-0.581119983111718
-1.70886075949367,2.77215189873418,-0.59328178153428
-1.63291139240506,2.77215189873418,-0.605293889615303
-1.55696202531646,2.77215189873418,-0.616922489571578
-1.48101265822785,2.77215189873418,-0.627923406530893
-1.40506329113924,2.77215189873418,-0.638047530672283
-1.32911392405063,2.77215189873418,-0.647046762713044
-1.25316455696203,2.77215189873418,-0.654680327642269
-1.17721518987342,2.77215189873418,-0.660721278774391
-1.10126582278481,2.77215189873418,-0.664962996790686
-1.0253164556962,2.77215189873418,-0.667225477488299
-0.949367088607595,2.77215189873418,-0.667361198273066
-0.873417721518987,2.77215189873418,-0.665260357542879
-0.79746835443038,2.77215189873418,-0.660855293223
-0.721518987341772,2.77215189873418,-0.654123906700531
-0.645569620253164,2.77215189873418,-0.645091945776891
-0.569620253164557,2.77215189873418,-0.633834034185156
-0.493670886075949,2.77215189873418,-0.620473374555775
-0.417721518987342,2.77215189873418,-0.605180095036281
-0.341772151898734,2.77215189873418,-0.588168255436751
-0.265822784810127,2.77215189873418,-0.569691574994432
-0.189873417721519,2.77215189873418,-0.550037988771139
-0.113924050632911,2.77215189873418,-0.529523181476073
-0.0379746835443036,2.77215189873418,-0.508483284407088
0.037974683544304,2.77215189873418,-0.487266951672902
0.113924050632912,2.77215189873418,-0.466227054603918
0.189873417721519,2.77215189873418,-0.445712247308851
0.265822784810127,2.77215189873418,-0.426058661085558
0.341772151898734,2.77215189873418,-0.407581980643239
0.417721518987342,2.77215189873418,-0.390570141043709
0.493670886075949,2.77215189873418,-0.375276861524215
0.569620253164557,2.77215189873418,-0.361916201894834
0.645569620253164,2.77215189873418,-0.350658290303099
0.721518987341772,2.77215189873418,-0.34162632937946
0.79746835443038,2.77215189873418,-0.33489494285699
0.873417721518988,2.77215189873418,-0.330489878537111
0.949367088607595,2.77215189873418,-0.328389037806925
1.0253164556962,2.77215189873418,-0.328524758591691
1.10126582278481,2.77215189873418,-0.330787239289304
1.17721518987342,2.77215189873418,-0.335028957305599
1.25316455696203,2.77215189873418,-0.341069908437721
1.32911392405063,2.77215189873418,-0.348703473366946
1.40506329113924,2.77215189873418,-0.357702705407708
1.48101265822785,2.77215189873418,-0.367826829549098
1.55696202531646,2.77215189873418,-0.378827746508413
1.63291139240506,2.77215189873418,-0.390456346464688
1.70886075949367,2.77215189873418,-0.40246845454571
1.78481012658228,2.77215189873418,-0.414630252968272
1.86075949367089,2.77215189873418,-0.426723051772205
1.93670886075949,2.77215189873418,-0.438547310032004
2.0126582278481,2.77215189873418,-0.449925840922698
2.08860759493671,2.77215189873418,-0.460706165728619
2.16455696202532,2.77215189873418,-0.47076201256484
2.24050632911392,2.77215189873418,-0.479993984112307
2.31645569620253,2.77215189873418,-0.488329444101524
2.39240506329114,2.77215189873418,-0.495721693870048
2.46835443037975,2.77215189873418,-0.502148527539058
2.54430379746835,2.77215189873418,-0.507610266902206
2.62025316455696,2.77215189873418,-0.512127384914647
2.69620253164557,2.77215189873418,-0.515737829835242
2.77215189873418,2.77215189873418,-0.518494160916221
2.84810126582278,2.77215189873418,-0.520460601509171
2.92405063291139,2.77215189873418,-0.521710107138697
3,2.77215189873418,-0.522321535140379
-3,2.84810126582278,-0.477535152162848
-2.92405063291139,2.84810126582278,-0.478096548013903
-2.84810126582278,2.84810126582278,-0.479243808646972
-2.77215189873418,2.84810126582278,-0.481049338631193
-2.69620253164557,2.84810126582278,-0.483580123660238
-2.62025316455696,2.84810126582278,-0.486895131794164
-2.54430379746835,2.84810126582278,-0.491042621447786
-2.46835443037975,2.84810126582278,-0.496057435636181
-2.39240506329114,2.84810126582278,-0.501958372046156
-2.31645569620253,2.84810126582278,-0.50874572613952
-2.24050632911392,2.84810126582278,-0.516399109108096
-2.16455696202532,2.84810126582278,-0.524875643564402
-2.08860759493671,2.84810126582278,-0.534108636945751
-2.0126582278481,2.84810126582278,-0.544006825452694
-1.93670886075949,2.84810126582278,-0.55445426982156
-1.86075949367089,2.84810126582278,-0.565310968419916
-1.78481012658228,2.84810126582278,-0.57641423333009
-1.70886075949367,2.84810126582278,-0.587580851733261
-1.63291139240506,2.84810126582278,-0.598610028710047
-1.55696202531646,2.84810126582278,-0.609287079402974
-1.48101265822785,2.84810126582278,-0.619387809369173
-1.40506329113924,2.84810126582278,-0.628683493035785
-1.32911392405063,2.84810126582278,-0.636946332677523
-1.25316455696203,2.84810126582278,-0.643955255507748
-1.17721518987342,2.84810126582278,-0.649501885515977
-1.10126582278481,2.84810126582278,-0.653396510703478
-1.0253164556962,2.84810126582278,-0.655473856316107
-0.949367088607595,2.84810126582278,-0.65559847129164
-0.873417721518987,2.84810126582278,-0.653669538912995
-0.79746835443038,2.84810126582278,-0.649624933782042
-0.721518987341772,2.84810126582278,-0.643444365579134
-0.645569620253164,2.84810126582278,-0.635151475205328
-0.569620253164557,2.84810126582278,-0.624814780056004
-0.493670886075949,2.84810126582278,-0.612547401292418
-0.417721518987342,2.84810126582278,-0.598505545754802
-0.341772151898734,2.84810126582278,-0.582885757090036
-0.265822784810127,2.84810126582278,-0.565920993106285
-0.189873417721519,2.84810126582278,-0.547875627611475
-0.113924050632911,2.84810126582278,-0.529039513352779
-0.0379746835443036,2.84810126582278,-0.509721276555211
0.037974683544304,2.84810126582278,-0.490241041533567
0.113924050632912,2.84810126582278,-0.470922804735998
0.189873417721519,2.84810126582278,-0.452086690477303
0.265822784810127,2.84810126582278,-0.434041324982493
0.341772151898734,2.84810126582278,-0.417076560998742
0.417721518987342,2.84810126582278,-0.401456772333976
0.493670886075949,2.84810126582278,-0.38741491679636
0.569620253164557,2.84810126582278,-0.375147538032774
0.645569620253164,2.84810126582278,-0.36481084288345
0.721518987341772,2.84810126582278,-0.356517952509644
0.79746835443038,2.84810126582278,-0.350337384306736
0.873417721518988,2.84810126582278,-0.346292779175783
0.949367088607595,2.84810126582278,-0.344363846797138
1.0253164556962,2.84810126582278,-0.344488461772671
1.10126582278481,2.84810126582278,-0.3465658073853
1.17721518987342,2.84810126582278,-0.350460432572801
1.25316455696203,2.84810126582278,-0.35600706258103
1.32911392405063,2.84810126582278,-0.363015985411255
1.40506329113924,2.84810126582278,-0.371278825052993
1.48101265822785,2.84810126582278,-0.380574508719605
1.55696202531646,2.84810126582278,-0.390675238685804
1.63291139240506,2.84810126582278,-0.401352289378731
1.70886075949367,2.84810126582278,-0.412381466355517
1.78481012658228,2.84810126582278,-0.423548084758688
1.86075949367089,2.84810126582278,-0.434651349668862
1.93670886075949,2.84810126582278,-0.445508048267218
2.0126582278481,2.84810126582278,-0.455955492636084
2.08860759493671,2.84810126582278,-0.465853681143027
2.16455696202532,2.84810126582278,-0.475086674524376
2.24050632911392,2.84810126582278,-0.483563208980682
2.31645569620253,2.84810126582278,-0.491216591949258
2.39240506329114,2.84810126582278,-0.498003946042622
2.46835443037975,2.84810126582278,-0.503904882452597
2.54430379746835,2.84810126582278,-0.508919696640992
2.62025316455696,2.84810126582278,-0.513067186294614
2.69620253164557,2.84810126582278,-0.51638219442854
2.77215189873418,2.84810126582278,-0.518912979457586
2.84810126582278,2.84810126582278,-0.520718509441806
2.92405063291139,2.84810126582278,-0.521865770074875
3,2.84810126582278,-0.52242716592593
-3,2.92405063291139,-0.478037745973561
-2.92405063291139,2.92405063291139,-0.478552015766562
-2.84810126582278,2.92405063291139,-0.479602970252916
-2.77215189873418,2.92405063291139,-0.481256936041045
-2.69620253164557,2.92405063291139,-0.483575275748351
-2.62025316455696,2.92405063291139,-0.48661200739435
-2.54430379746835,2.92405063291139,-0.490411338368447
-2.46835443037975,2.92405063291139,-0.495005186808471
-2.39240506329114,2.92405063291139,-0.500410772440015
-2.31645569620253,2.92405063291139,-0.506628365922511
-2.24050632911392,2.92405063291139,-0.513639289974784
-2.16455696202532,2.92405063291139,-0.521404266527461
-2.08860759493671,2.92405063291139,-0.529862201487407
-2.0126582278481,2.92405063291139,-0.538929492143343
-1.93670886075949,2.92405063291139,-0.548499931687688
-1.86075949367089,2.92405063291139,-0.558445270846073
-1.78481012658228,2.92405063291139,-0.56861647844631
-1.70886075949367,2.92405063291139,-0.57884572136631
-1.63291139240506,2.92405063291139,-0.588949060302937
-1.55696202531646,2.92405063291139,-0.598729831997982
-1.48101265822785,2.92405063291139,-0.607982661884623
-1.40506329113924,2.92405063291139,-0.616498024629198
-1.32911392405063,2.92405063291139,-0.624067244857977
-1.25316455696203,2.92405063291139,-0.630487807614697
-1.17721518987342,2.92405063291139,-0.635568828895537
-1.10126582278481,2.92405063291139,-0.63913652196849
-1.0253164556962,2.92405063291139,-0.641039485975422
-0.949367088607595,2.92405063291139,-0.641153640217124
-0.873417721518987,2.92405063291139,-0.639386630978964
-0.79746835443038,2.92405063291139,-0.635681547944315
-0.721518987341772,2.92405063291139,-0.630019804052966
-0.645569620253164,2.92405063291139,-0.622423055683871
-0.569620253164557,2.92405063291139,-0.612954068578304
-0.493670886075949,2.92405063291139,-0.601716468005446
-0.417721518987342,2.92405063291139,-0.588853348110435
-0.341772151898734,2.92405063291139,-0.574544753794578
-0.265822784810127,2.92405063291139,-0.559004087354238
-0.189873417721519,2.92405063291139,-0.542473529887155
-0.113924050632911,2.92405063291139,-0.52521860261514
-0.0379746835443036,2.92405063291139,-0.507522024308829
0.037974683544304,2.92405063291139,-0.489677046627985
0.113924050632912,2.92405063291139,-0.471980468321674
0.189873417721519,2.92405063291139,-0.454725541049658
0.265822784810127,2.92405063291139,-0.438194983582576
0.341772151898734,2.92405063291139,-0.422654317142236
0.417721518987342,2.92405063291139,-0.408345722826379
0.493670886075949,2.92405063291139,-0.395482602931368
0.569620253164557,2.92405063291139,-0.38424500235851
0.645569620253164,2.92405063291139,-0.374776015252942
0.721518987341772,2.92405063291139,-0.367179266883848
0.79746835443038,2.92405063291139,-0.361517522992499
0.873417721518988,2.92405063291139,-0.357812439957849
0.949367088607595,2.92405063291139,-0.356045430719689
1.0253164556962,2.92405063291139,-0.356159584961392
1.10126582278481,2.92405063291139,-0.358062548968324
1.17721518987342,2.92405063291139,-0.361630242041276
1.25316455696203,2.92405063291139,-0.366711263322117
1.32911392405063,2.92405063291139,-0.373131826078836
1.40506329113924,2.92405063291139,-0.380701046307616
1.48101265822785,2.92405063291139,-0.389216409052191
1.55696202531646,2.92405063291139,-0.398469238938832
1.63291139240506,2.92405063291139,-0.408250010633877
1.70886075949367,2.92405063291139,-0.418353349570504
1.78481012658228,2.92405063291139,-0.428582592490503
1.86075949367089,2.92405063291139,-0.43875380009074
1.93670886075949,2.92405063291139,-0.448699139249126
2.0126582278481,2.92405063291139,-0.458269578793471
2.08860759493671,2.92405063291139,-0.467336869449407
2.16455696202532,2.92405063291139,-0.475794804409353
2.24050632911392,2.92405063291139,-0.48355978096203
2.31645569620253,2.92405063291139,-0.490570705014303
2.39240506329114,2.92405063291139,-0.496788298496799
2.46835443037975,2.92405063291139,-0.502193884128343
2.54430379746835,2.92405063291139,-0.506787732568367
2.62025316455696,2.92405063291139,-0.510587063542464
2.69620253164557,2.92405063291139,-0.513623795188462
2.77215189873418,2.92405063291139,-0.515942134895768
2.84810126582278,2.92405063291139,-0.517596100683897
2.92405063291139,2.92405063291139,-0.518647055170251
3,2.92405063291139,-0.519161324963253
-3,3,-0.474947553312249
-2.92405063291139,3,-0.475417567291629
-2.84810126582278,3,-0.476378081222255
-2.77215189873418,3,-0.477889713934142
-2.69620253164557,3,-0.480008547445683
-2.62025316455696,3,-0.482783951221421
-2.54430379746835,3,-0.486256328355792
-2.46835443037975,3,-0.490454850251004
-2.39240506329114,3,-0.49539525477823
-2.31645569620253,3,-0.501077789305131
-2.24050632911392,3,-0.507485383835827
-2.16455696202532,3,-0.514582140400144
-2.08860759493671,3,-0.522312222395935
-2.0126582278481,3,-0.530599221596326
-1.93670886075949,3,-0.539346070888013
-1.86075949367089,3,-0.548435557569375
-1.78481012658228,3,-0.557731475440388
-1.70886075949367,3,-0.567080434364867
-1.63291139240506,3,-0.576314324053217
-1.55696202531646,3,-0.585253405228804
-1.48101265822785,3,-0.593709976963577
-1.40506329113924,3,-0.60149254475952
-1.32911392405063,3,-0.608410390934708
-1.25316455696203,3,-0.614278428086045
-1.17721518987342,3,-0.61892219885388
-1.10126582278481,3,-0.622182871833791
-1.0253164556962,3,-0.623922075064636
-0.949367088607595,3,-0.624026405690576
-0.873417721518987,3,-0.622411457554538
-0.79746835443038,3,-0.619025217793333
-0.721518987341772,3,-0.613850698868023
-0.645569620253164,3,-0.606907693504116
-0.569620253164557,3,-0.598253566097161
-0.493670886075949,3,-0.587983024377994
-0.417721518987342,3,-0.576226848434222
-0.341772151898734,3,-0.563149589288833
-0.265822784810127,3,-0.548946284768055
-0.189873417721519,3,-0.533838274921468
-0.113924050632911,3,-0.518068231373519
-0.0379746835443036,3,-0.5018945433515
0.037974683544304,3,-0.485585226557365
0.113924050632912,3,-0.469411538535346
0.189873417721519,3,-0.453641494987397
0.265822784810127,3,-0.43853348514081
0.341772151898734,3,-0.424330180620032
0.417721518987342,3,-0.411252921474643
0.493670886075949,3,-0.399496745530871
0.569620253164557,3,-0.389226203811704
0.645569620253164,3,-0.380572076404749
0.721518987341772,3,-0.373629071040842
0.79746835443038,3,-0.368454552115532
0.873417721518988,3,-0.365068312354327
0.949367088607595,3,-0.363453364218289
1.0253164556962,3,-0.363557694844229
1.10126582278481,3,-0.365296898075074
1.17721518987342,3,-0.368557571054985
1.25316455696203,3,-0.37320134182282
1.32911392405063,3,-0.379069378974157
1.40506329113924,3,-0.385987225149345
1.48101265822785,3,-0.393769792945288
1.55696202531646,3,-0.402226364680061
1.63291139240506,3,-0.411165445855648
1.70886075949367,3,-0.420399335543998
1.78481012658228,3,-0.429748294468477
1.86075949367089,3,-0.43904421233949
1.93670886075949,3,-0.448133699020852
2.0126582278481,3,-0.456880548312539
2.08860759493671,3,-0.46516754751293
2.16455696202532,3,-0.47289762950872
2.24050632911392,3,-0.479994386073038
2.31645569620253,3,-0.486401980603734
2.39240506329114,3,-0.492084515130635
2.46835443037975,3,-0.497024919657861
2.54430379746835,3,-0.501223441553073
2.62025316455696,3,-0.504695818687444
2.69620253164557,3,-0.507471222463181
2.77215189873418,3,-0.509590055974723
2.84810126582278,3,-0.51110168868661
2.92405063291139,3,-0.512062202617236
3,3,-0.512532216596616
