"cell","cluster","umap_1","umap_2","IL7R","GNLY","MS4A1"
"cell_1_1","Naive CD4+ T",-1.59301078669807,1.59872028918054,2.31260322661518,0.824999772521439,0.00245144135169273
"cell_1_2","Naive CD4+ T",-1.98271771130799,1.72313147645001,1.5540367032763,0.0445705868507463,0
"cell_1_3","Naive CD4+ T",-1.75540448776572,1.41252586927563,2.01246830591755,0,0.986696071886061
"cell_1_4","Naive CD4+ T",-1.86796820335038,1.15063994517655,1.72327578039732,0,0.0661634966505325
"cell_1_5","Naive CD4+ T",-1.80637628248559,1.16440612147962,2.31011379130843,0.556504996992415,0
"cell_1_6","Naive CD4+ T",-1.84312844329595,1.59526011712563,2.23082865742586,0,0
"cell_1_7","Naive CD4+ T",-1.28842396367225,1.20364322774395,2.35926279899854,0,0.547067875258719
"cell_1_8","Naive CD4+ T",-2.41126969139902,1.59407194077054,2.20833131687563,0.381376298858407,0.248347735966603
"cell_1_9","Naive CD4+ T",-2.06090790755623,1.64608302153824,2.62603488267741,0.180873794936582,0.507410485627727
"cell_1_10","Naive CD4+ T",-1.98354966638587,1.5030877725459,2.67746680742007,0,0.443345804537755
"cell_1_11","Naive CD4+ T",-1.63884072929734,1.86007789458799,2.3862262377286,0.502567869737445,0.54862028824017
"cell_1_12","Naive CD4+ T",-2.20368895126388,1.73736360743703,3.30774395932746,0.263677065289987,0
"cell_1_13","Naive CD4+ T",-1.78695776380512,1.54623583196587,3.06887656157405,0.392701913593499,0.503243684601642
"cell_1_14","Naive CD4+ T",-2.08141070023255,1.56817071120772,1.72018596142826,0.926958148816071,0.273269351717643
"cell_1_15","Naive CD4+ T",-1.69609141927465,1.02137708572751,3.30679230137541,0.192848455378883,0.245608135436839
"cell_1_16","Naive CD4+ T",-2.64475326178928,1.27522102702192,2.12840696584744,0.215354372122016,0
"cell_1_17","Naive CD4+ T",-1.90705091824672,0.911126995092642,2.64771337106601,0,0.204521869383341
"cell_1_18","Naive CD4+ T",-2.4502091478703,1.64097952265366,2.71154453619069,0.479479769182762,0
"cell_1_19","Naive CD4+ T",-1.7030656446288,1.62601324913765,3.28150473870863,0.595751152783155,0
"cell_1_20","Naive CD4+ T",-1.8747505205997,1.51793236401492,3.23102221668977,0,0
"cell_1_21","Naive CD4+ T",-2.31691831461089,1.16111676603708,2.43476104191389,0.12188669799709,0.0226805665973326
"cell_1_22","Naive CD4+ T",-2.47822350882221,0.978306424583297,3.18375039622707,0,0.128382553230186
"cell_1_23","Naive CD4+ T",-2.18088959979431,1.62393113088554,1.80514426421938,0,0
"cell_1_24","Naive CD4+ T",-2.05441718300694,1.82791964935597,2.79085279232294,0,0.644449622417451
"cell_1_25","Naive CD4+ T",-2.26792467634296,1.54126882752262,2.85633436682878,0.565278733552845,0.187874383139733
"cell_1_26","Naive CD4+ T",-1.63504743414634,1.47896584350913,2.76019270392023,0.237234194790228,0.109190687590815
"cell_1_27","Naive CD4+ T",-2.23215526486539,1.47248342257727,1.29609014162395,0,0
"cell_1_28","Naive CD4+ T",-2.8009339169083,1.7439530833882,2.05726718583127,0.565670614111499,0.707032266794641
"cell_1_29","Naive CD4+ T",-2.60584478614209,1.34018970832863,2.53817617474595,0.908838981210188,0.509680251868656
"cell_1_30","Naive CD4+ T",-1.95927267173246,1.20447679459962,2.50478553739439,0,0.235315206051484
"cell_1_31","Naive CD4+ T",-2.11148165083703,1.55513949057055,2.04893525600232,0.407855201984711,0
"cell_1_32","Naive CD4+ T",-1.93403790283915,1.30129882724146,2.50698006170109,0.403058848182196,0
"cell_1_33","Naive CD4+ T",-2.22580632846153,1.62303898857468,2.80666738707005,0.235619510851137,0.121852081905479
"cell_1_34","Naive CD4+ T",-1.94377656909293,1.93074581208056,2.58703437169186,0,0.482433323801558
"cell_1_35","Naive CD4+ T",-2.19940178092353,1.63396674288871,2.66794537108256,0,0
"cell_1_36","Naive CD4+ T",-2.64106026070866,1.7366665833838,2.30683494702619,0.470785719655484,0.480166760810856
"cell_1_37","Naive CD4+ T",-2.42049262832256,1.84527973691012,1.64811764995865,0.286118448549638,0
"cell_1_38","Naive CD4+ T",-1.58062213480341,1.21773629366826,2.63308688303557,0,0
"cell_1_39","Naive CD4+ T",-1.80025938524185,0.968551694338059,2.4833454338389,0.00459633519616151,0
"cell_1_40","Naive CD4+ T",-1.57273427560753,1.44018490097474,2.52448557541523,0.37618738066198,0.450087191930787
"cell_1_41","Naive CD4+ T",-1.97569700201148,1.70439033661737,2.79192253755526,0.0134601052376001,0.55640202332616
"cell_1_42","Naive CD4+ T",-1.68296208582763,1.60202442407518,3.29356843702353,0,0
"cell_1_43","Naive CD4+ T",-1.84696270685289,0.789461248209516,2.43900118201774,0,0
"cell_1_44","Naive CD4+ T",-1.96598726758031,1.18528070749391,2.22308008498902,0.383736125530776,0.319276457461545
"cell_1_45","Naive CD4+ T",-2.1005592319062,1.50204793965669,1.68760092513631,0,0.601071800956059
"cell_1_46","Naive CD4+ T",-1.76498596534564,1.41284509622734,1.89434263761833,0.173531626642163,0
"cell_1_47","Naive CD4+ T",-1.867360210771,1.03690934307065,2.86506865516926,0.970635825382381,0.144419999406036
"cell_1_48","Naive CD4+ T",-1.86944436139182,1.23361674190938,2.51123490575527,0.41510585264249,0.0797279846959333
"cell_1_49","Naive CD4+ T",-1.39390447099885,1.17702989849591,2.13176615470993,0,0
"cell_1_50","Naive CD4+ T",-2.79275843934021,1.41273707796245,2.28328334319794,0.642093062768221,0
"cell_1_51","Naive CD4+ T",-2.03962768781503,1.09927817622886,2.92454537295939,0.333089172442589,0.124688719028822
"cell_1_52","Naive CD4+ T",-2.06388246833013,1.36609102319101,2.36656473499828,0.457120276709222,0
"cell_1_53","Naive CD4+ T",-2.70749700750985,1.69371628960105,3.33968210876796,0,0.228008106875332
"cell_1_54","Naive CD4+ T",-2.431671584781,1.41170097413925,1.58643776258209,0.172718845321069,0.378560503035664
"cell_1_55","Naive CD4+ T",-2.02120706960748,1.77525964948976,2.36817108791726,0.055364953541807,0
"cell_1_56","Naive CD4+ T",-2.16603933605688,1.37013536687221,1.94732871142049,0,0.4026722356965
"cell_1_57","Naive CD4+ T",-1.9682117592615,1.76140965846417,2.48960869412094,0.351414277421607,0.757481375983241
"cell_1_58","Naive CD4+ T",-1.71751294736173,1.79830748294338,2.48530638820776,0,0.0292122073187822
"cell_1_59","Naive CD4+ T",-1.63345717551288,1.56667639793464,1.93065856964052,0.246949603856726,0.801055132422071
"cell_1_60","Naive CD4+ T",-2.42326112176108,1.75716800836493,2.71619371939919,0.449952613218256,0.873841972565211
"cell_1_61","Naive CD4+ T",-1.54170181489564,1.5163209791568,2.46668230372137,0.277235630090648,0
"cell_1_62","Naive CD4+ T",-2.61663787913509,1.83370575210194,2.35043911802376,0.606898312059934,0.183956547713558
"cell_1_63","Naive CD4+ T",-2.08555543707056,1.24690099495024,2.53722478505292,0,1.10619397731143
"cell_1_64","Naive CD4+ T",-2.38083087879102,1.36331580584959,2.46033928593499,0,0.306053875655592
"cell_1_65","Naive CD4+ T",-2.1006914392743,1.61179883886277,1.90032607151476,0,0
"cell_1_66","Naive CD4+ T",-2.54322131766824,1.42137664833017,2.05847074105861,0.291575384311241,0.884771161679675
"cell_1_67","Naive CD4+ T",-2.28178344258741,1.39849078106785,3.01199117053351,0.577905660696167,0.404139351051086
"cell_1_68","Naive CD4+ T",-2.44319325543573,1.74428527735186,2.69935607867639,0.0179653181960168,0
"cell_1_69","Naive CD4+ T",-2.31672872893612,1.67494234518132,2.26395579304962,0.144407267970633,0
"cell_1_70","Naive CD4+ T",-2.19161599456798,1.54361292007784,2.99595185806909,0,0.225738108151875
"cell_1_71","Naive CD4+ T",-2.23672045067798,1.72333645157911,2.93229626105302,0,0
"cell_1_72","Naive CD4+ T",-2.13999114378185,1.86670900968986,1.21251674808607,0.0773894483525922,0
"cell_1_73","Naive CD4+ T",-2.56987581408359,1.65425626137232,3.49483979449224,0.571557825415709,0.655207435514615
"cell_1_74","Naive CD4+ T",-2.16973112701939,1.48794905706918,2.19409436125886,0,0.408364578140768
"cell_1_75","Naive CD4+ T",-2.47361910706671,1.53144799420902,2.89670613789201,0.343446667072792,0
"cell_1_76","Naive CD4+ T",-2.2960247832959,1.49019604796832,2.93277752312866,0,0.511736537066355
"cell_1_77","Naive CD4+ T",-1.61807444083169,1.37933317031764,2.34889400238924,0.332469290032157,0
"cell_1_78","Naive CD4+ T",-2.10927770057166,1.67176410055283,2.56873402794809,0,0.90048243875437
"cell_1_79","Naive CD4+ T",-2.6756343348319,1.17408549061777,1.83334488735502,0.823191914100138,0.0902882012454193
"cell_1_80","Naive CD4+ T",-2.23246109809789,1.72377949406678,1.57605157113996,0.907388165335363,0.422109235491658
"cell_1_81","Naive CD4+ T",-2.34284087168273,1.41809177067619,2.00582022003134,0.468597004540474,0.511777486670112
"cell_1_82","Naive CD4+ T",-2.33536773761963,1.43042553698564,1.73645172651409,0,0
"cell_1_83","Naive CD4+ T",-2.32913169665976,1.65171269336008,3.1063931801929,0.415925121549508,0.809546768549745
"cell_1_84","Naive CD4+ T",-1.96778510486951,1.92202075679199,2.20931769545093,0.319569592660236,0.480560794452342
"cell_1_85","Naive CD4+ T",-2.18095023872908,1.50674349265814,3.05013573217744,0.647183684329905,0.48294168908592
"cell_1_86","Naive CD4+ T",-1.95314044817448,1.32612082467113,1.49761943492807,0.251792225416357,0.79485368500785
"cell_1_87","Naive CD4+ T",-2.38425370443742,1.6437836168228,2.89093562094502,0.652881631330941,0.871296636515288
"cell_1_88","Naive CD4+ T",-1.98730516505706,1.56969948771142,3.15184183582093,0.375165882783567,0.536454269863221
"cell_1_89","Naive CD4+ T",-1.83132062940022,1.22038239855466,2.353432763553,0.401281476353985,0.504181763225195
"cell_1_90","Naive CD4+ T",-1.51081970724501,1.43306125555157,3.36043642133082,0.565624035424005,0.15937210746784
"cell_1_91","Naive CD4+ T",-1.84607306080621,1.22046746209284,2.85492803833188,0,0
"cell_1_92","Naive CD4+ T",-2.3035039258159,1.55031324331771,1.67433885225061,0.310751878901449,0.699124740980697
"cell_1_93","Naive CD4+ T",-1.96893499034761,1.7460451256385,2.41896113091747,0.406987954036512,0
"cell_1_94","Naive CD4+ T",-2.54240989968433,1.2557892803124,2.52206287044441,0,0.186171019885362
"cell_1_95","Naive CD4+ T",-2.82683333075591,1.75017869992685,3.01670883138198,0.196632274179918,0.344650755166146
"cell_1_96","Naive CD4+ T",-2.46267440765163,1.2737032072243,3.24473916540556,0.998629411907633,0.0098626729453172
"cell_1_97","Naive CD4+ T",-1.62615914975857,1.39687094615421,2.7443975812505,0.669666808154983,0.916099566886436
"cell_1_98","Naive CD4+ T",-1.84865142322502,0.791574396274922,2.28268123553335,0.452919767293991,0.5143324214349
"cell_1_99","Naive CD4+ T",-2.28950492275761,1.35062562916809,2.85381797023765,0.133397954020718,0.406739197245616
"cell_1_100","Naive CD4+ T",-2.47548520304229,1.52497068230633,2.24215782716616,0.292230458677346,0
"cell_1_101","Naive CD4+ T",-1.46046018297161,1.45360232299022,2.74277864651665,0.628172196425701,0
"cell_1_102","Naive CD4+ T",-1.5546997157096,1.71001233299836,2.11948532175571,0.474682884674198,0.0410277518115165
"cell_1_103","Naive CD4+ T",-1.94788606925407,1.57810864089641,1.57312969642364,0.729565266686732,0.822008775607276
"cell_1_104","Naive CD4+ T",-2.28168882949844,1.59608799509385,2.71555448114242,0.117974447501083,0.86899659869722
"cell_1_105","Naive CD4+ T",-2.49796633712784,0.875666590756931,1.73221701753917,0,0
"cell_1_106","Naive CD4+ T",-2.20149604427317,1.51082681822214,2.61973085290509,0,0.45419928815431
"cell_1_107","Naive CD4+ T",-1.81738931937675,1.27046442499144,2.32003662711803,0.0741122902316113,0.223389607511744
"cell_1_108","Naive CD4+ T",-1.75557334935503,1.2717028395526,1.99773980709215,0,0.666886455755852
"cell_1_109","Naive CD4+ T",-1.66174625281623,1.68357193973127,3.47467846773213,0.0043350886663415,0.775079418035711
"cell_1_110","Naive CD4+ T",-2.55223591475738,1.54930698115681,1.86194410225021,0,0.84046067114753
"cell_1_111","Naive CD4+ T",-2.48714456107363,1.74203629017986,2.16854410992394,0.285609222244701,1.162595380817
"cell_1_112","Naive CD4+ T",-1.52864133385357,1.64022776277167,3.5395520805394,0.15177463898372,0.34257961608839
"cell_1_113","Naive CD4+ T",-2.0926537332965,1.68311422278056,3.27718577340322,0,0.151972104474613
"cell_1_114","Naive CD4+ T",-2.20941074015848,1.600901787663,2.45187940344241,0.844842607975363,0.756565633289722
"cell_1_115","Naive CD4+ T",-2.40414689948958,1.55273155520122,2.60077875307894,0.749260940492237,0
"cell_1_116","Naive CD4+ T",-2.4616583692625,1.65398309152885,2.8277054729728,0,0.275029330901525
"cell_1_117","Naive CD4+ T",-1.97583630436797,1.52128424081762,2.13323360494219,0.481217471927377,0.377310500095297
"cell_1_118","Naive CD4+ T",-2.41958442273528,1.73872050841763,2.60425915708948,0,0.826229875974698
"cell_1_119","Naive CD4+ T",-2.01704863202282,1.50634472939841,1.87029041411621,0,0
"cell_1_120","Naive CD4+ T",-2.22517770688282,1.69459266466307,3.51454926009067,0,0.414855179921465
"cell_1_121","Naive CD4+ T",-1.69932322388153,1.89298479678668,3.19319696418688,0.471099822765745,0.267946507384991
"cell_1_122","Naive CD4+ T",-2.26529621970577,1.83112730763835,2.2562831649619,0,0
"cell_1_123","Naive CD4+ T",-1.74395956447325,1.34852727240271,2.38208777475049,0.463991746294115,0.00461426567308942
"cell_1_124","Naive CD4+ T",-1.84667518433175,1.67994095754568,2.10177362306979,0,0.657611594803986
"cell_1_125","Naive CD4+ T",-1.97701422388424,1.7853113164828,1.89810474332065,0.294389036266556,0.192377363100444
"cell_1_126","Naive CD4+ T",-2.16327425109132,1.36078598277624,2.06602325404754,0.0360011991264757,0.0335686445294811
"cell_1_127","Naive CD4+ T",-2.03666379068745,1.44165150228192,2.02728719136593,0.0395003759885793,0
"cell_1_128","Naive CD4+ T",-2.14175985844282,0.779806089863547,2.55156991591421,0,0.186685209313129
"cell_1_129","Naive CD4+ T",-2.24989863416591,1.23451982748316,2.26485998123528,0.205946271857191,0.342560149457498
"cell_1_130","Naive CD4+ T",-2.12606342655365,1.34772997532819,2.49999794572079,0.523688319192993,0.173681461703019
"cell_1_131","Naive CD4+ T",-1.85100398948965,1.62189269267574,3.01683625689436,0,0
"cell_1_132","Naive CD4+ T",-2.26480113589146,1.5459941312525,2.45961967407763,0,0.678512645734391
"cell_1_133","Naive CD4+ T",-2.30007284809787,1.81220000359146,2.52853236956815,0,0.0308157790076906
"cell_1_134","Naive CD4+ T",-2.14201549683616,1.17198604555124,2.86537969982798,0.289633956667851,0.0398303157874254
"cell_1_135","Naive CD4+ T",-1.97557306581333,1.36805264815672,2.89232025128152,0.330432746345658,0
"cell_1_136","Naive CD4+ T",-2.25466961155239,1.62060418461933,2.39247878141815,0,0
"cell_1_137","Naive CD4+ T",-2.82607370222403,1.38900652931324,2.94049210726697,0,0.809963413673923
"cell_1_138","Naive CD4+ T",-2.02437429328918,1.02122193067889,3.20044281217756,0.42910149362894,0.0989970869748793
"cell_1_139","Naive CD4+ T",-2.2041977868914,1.06329476749245,1.93231194544161,0,0
"cell_1_140","Naive CD4+ T",-1.72318750698367,1.69776087142262,3.00542141956475,0.2698440585274,0.0107114420579759
"cell_1_141","Naive CD4+ T",-2.48003849321568,1.01271699988348,2.49837563462391,0.341751954085928,0
"cell_1_142","Naive CD4+ T",-1.90693907262291,1.55063127858304,1.74644853072458,0.230320190833589,0
"cell_1_143","Naive CD4+ T",-1.77328992800695,1.45274115920498,2.9659770595341,0.166707860608579,0.615911075078764
"cell_1_144","Naive CD4+ T",-2.42446017383199,1.26803396471576,3.33912262427908,0,0
"cell_1_145","Naive CD4+ T",-2.3081549754505,1.4973414395199,3.24314579599843,0.658606103449241,0
"cell_1_146","Naive CD4+ T",-1.98066441917651,2.0755697112848,2.93418872220045,0.334303875461204,0
"cell_1_147","Naive CD4+ T",-1.74540753939814,1.86186652987692,1.69951661745611,0,0.72554751654161
"cell_1_148","Naive CD4+ T",-1.70831777985984,1.93159335737706,2.23706214541202,0.360839949643296,0.281586635919524
"cell_1_149","Naive CD4+ T",-2.79777164919047,1.89033853956119,3.40508681061001,0,0.100638916895046
"cell_1_150","Naive CD4+ T",-1.7671786894923,1.67492394698301,2.70155576775978,0.0569218565617661,0.274966933693289
"cell_1_151","Naive CD4+ T",-2.12826871425167,1.41858113837966,2.42006537034626,0,0.467752217714463
"cell_1_152","Naive CD4+ T",-2.46046553742158,1.12199253068072,3.07833831619688,0.535453234812897,0.389041499891518
"cell_1_153","Naive CD4+ T",-2.02604277149325,1.90936162324872,2.68963895250119,0.519483079972606,0.861553870292357
"cell_1_154","Naive CD4+ T",-2.44695399140137,1.31100035414649,1.81847141803638,0.965830575152858,0.919382083814684
"cell_1_155","Naive CD4+ T",-2.45499518765782,1.47963958888894,2.79878294442979,0,0.57821327383353
"cell_1_156","Naive CD4+ T",-2.20131469101218,1.84584754794168,2.80088896864053,1.08540724152392,0.751719517807428
"cell_2_1","Memory CD4+ T",-0.586946776579585,0.944992360337768,2.63629600006799,0.175144340344922,0.343815300669678
"cell_2_2","Memory CD4+ T",-1.16169477128065,1.51366582490124,2.31092822938633,0,0.855751029588954
"cell_2_3","Memory CD4+ T",-0.799003342267844,1.33492548624967,1.66779216742852,0,0.0309039860975817
"cell_2_4","Memory CD4+ T",-0.564462118845256,0.877659676156401,1.68667623018694,0.340623099705586,0
"cell_2_5","Memory CD4+ T",-1.20465244657961,1.39265802808214,2.55476386299655,0.296092889155429,0
"cell_2_6","Memory CD4+ T",-1.01715191950567,1.09214797254607,2.38277083563131,0,0.234176738269356
"cell_2_7","Memory CD4+ T",-0.826459004946483,1.20840382867518,2.42527135115388,0,0.384312781364846
"cell_2_8","Memory CD4+ T",-0.193665821557827,1.15610283385883,2.65503679497582,0,0
"cell_2_9","Memory CD4+ T",-1.53400785695463,1.19102481415554,2.36282687414836,0.21619641434057,0.0584232897072025
"cell_2_10","Memory CD4+ T",-1.25336965826094,1.05715893922182,2.38442579527161,0.770502913192399,1.46446264798536
"cell_2_11","Memory CD4+ T",-0.796691615816393,1.4503880713233,1.08560350728673,0,0
"cell_2_12","Memory CD4+ T",-0.424989827340951,1.70337059307633,2.69417165431569,0.655429527331157,0.773435679120659
"cell_2_13","Memory CD4+ T",-0.937286643000868,0.56083120067136,3.02902444939859,0.595796949863831,0
"cell_2_14","Memory CD4+ T",-0.927799570157234,1.04151836791469,2.9396253789442,0,0
"cell_2_15","Memory CD4+ T",-0.302985249404636,1.22482624659738,3.02387735931896,0.859156080816038,0.153801447347993
"cell_2_16","Memory CD4+ T",-0.458294979632022,0.9469533207103,3.27420596012087,0,0.366631842460722
"cell_2_17","Memory CD4+ T",-1.11236856566087,1.05068375614723,2.98727571248264,0,0.293926080998723
"cell_2_18","Memory CD4+ T",-0.890278696364925,1.28571402733116,2.66262644715343,0,0
"cell_2_19","Memory CD4+ T",-0.531627051244073,1.04438497618145,3.04122636415374,0,0
"cell_2_20","Memory CD4+ T",-1.49845643285612,1.30479673580768,2.84899551096169,0.171924882509705,0.36139335095501
"cell_2_21","Memory CD4+ T",-1.03076903692763,1.11974842407756,2.71085557177176,1.19531249645163,0.552323915049944
"cell_2_22","Memory CD4+ T",-1.00868715595099,1.18052548525199,3.7137680338817,0,0.189356990853804
"cell_2_23","Memory CD4+ T",-0.720521754555697,1.17561888367848,1.57326155527824,0.545072135868836,0
"cell_2_24","Memory CD4+ T",-0.855087554808471,1.22300605582977,2.4972736303487,0.440834502943391,0.181576987472352
"cell_2_25","Memory CD4+ T",-1.02556731881597,1.05720667600156,2.61745468395312,0.113892162809089,0
"cell_2_26","Memory CD4+ T",-0.960662143408265,1.31021331878285,2.99639488832456,1.1290791110436,0.00255501140508338
"cell_2_27","Memory CD4+ T",-1.40994122687283,1.53858906362103,1.74446715681602,1.01284727490379,0
"cell_2_28","Memory CD4+ T",-0.9904889245949,1.17528641427757,2.39886275539506,0,0
"cell_2_29","Memory CD4+ T",-1.05339771385308,1.59955569030184,1.66810913011233,0.946727452136736,0
"cell_2_30","Memory CD4+ T",-1.38548186077556,1.13777581432182,2.17134171219723,0.753040372035616,0
"cell_2_31","Memory CD4+ T",-0.948569214015949,1.98674998430657,2.81118151214556,0.435670442583652,0.037163064887338
"cell_2_32","Memory CD4+ T",-0.289743945859189,1.50447628765584,2.25541224078956,0.0573600621005336,0.464280194802715
"cell_2_33","Memory CD4+ T",-0.281749693418149,0.778636770833268,2.91828375376935,0.0881965239274623,0
"cell_2_34","Memory CD4+ T",-1.03491342273032,1.70165290434648,2.060743257527,0,0.812968388600737
"cell_2_35","Memory CD4+ T",-0.647801016537678,1.4727716483795,2.99729071412614,0.235298010090249,0.0518801343988919
"cell_2_36","Memory CD4+ T",-0.947109265024892,0.993899771781776,2.43424297010694,0.31702383917234,0.513984654430578
"cell_2_37","Memory CD4+ T",-0.753117736236971,1.32973645965402,2.29959058397477,0.21029696544127,0.578739247882701
"cell_2_38","Memory CD4+ T",-0.284797244301824,1.50292945564178,2.45865803698852,0.0984318585700461,0.15795881710467
"cell_2_39","Memory CD4+ T",-1.24523632041847,1.2317370423887,3.39534699432268,0.443299185462708,0.68395833698213
"cell_2_40","Memory CD4+ T",-1.35898175509771,1.45195632510828,1.51838469351563,0.686233383088291,0.046752710898027
"cell_2_41","Memory CD4+ T",-0.594263426525794,0.989265900947308,2.09107459153348,0.246593955137875,0
"cell_2_42","Memory CD4+ T",-1.19439388777907,1.28515048009493,2.93035496973182,0,0
"cell_2_43","Memory CD4+ T",-0.244747534194505,0.676715236164865,3.06596609529991,0.607812731185857,0.232918822745305
"cell_2_44","Memory CD4+ T",-0.535894569898459,1.42625516090243,2.97371282080809,0.810264072693545,0.199077134968399
"cell_2_45","Memory CD4+ T",-1.13086607243894,1.34071549157427,2.61418891152452,0.166243235885444,0
"cell_2_46","Memory CD4+ T",-0.927306607266832,1.34007766412991,2.76255623528969,0.713564599372863,0
"cell_2_47","Memory CD4+ T",-0.580906834650316,0.897350971171417,2.66703906959584,0.167161900597377,1.3090755355638
"cell_2_48","Memory CD4+ T",-0.721435120317181,1.17916100337024,1.80788199750721,0.0756793859559972,0.233547082893747
"cell_2_49","Memory CD4+ T",-1.23995798195397,0.192858284225679,2.08259976564,0.365531091982249,0.955443521235742
"cell_2_50","Memory CD4+ T",-1.22758707726177,1.37127637999746,3.55889704840601,1.46544699055697,0
"cell_2_51","Memory CD4+ T",-1.33495669264751,1.09831021090938,2.94982258946564,0.314613030483213,0
"cell_2_52","Memory CD4+ T",-0.562792347913058,0.752235778470221,2.37956730491933,0.755585467546492,1.27235115634462
"cell_2_53","Memory CD4+ T",-0.620695714466455,1.05492382859191,2.37581374315082,0.484134542200082,0.0133986962588799
"cell_2_54","Memory CD4+ T",-0.626688066764906,1.567799758661,2.29859230952698,0.0663554184490436,0.970161416756878
"cell_2_55","Memory CD4+ T",-0.674938247209456,0.952413687300861,2.82759117612954,0,0.888532165742487
"cell_2_56","Memory CD4+ T",-1.12692331410107,1.2462348519648,2.92954052378786,0.185511700404934,0.506436936734877
"cell_2_57","Memory CD4+ T",-1.59203463143379,0.882897718081044,1.5038113583838,0.299691393727843,0.208119926786644
"cell_2_58","Memory CD4+ T",-1.01003646693388,1.03387902091826,1.8645062744746,0.529010098851309,0
"cell_2_59","Memory CD4+ T",-0.98579874237335,0.88949212896318,2.46316944467973,0.579496998621315,0.220417337449169
"cell_2_60","Memory CD4+ T",-1.11363162974475,1.49785229223258,2.83662242935653,0.60718740784317,0
"cell_2_61","Memory CD4+ T",-0.586582305820184,0.841281629628191,2.04613887396859,0.360679829598527,0
"cell_2_62","Memory CD4+ T",-0.759898395577574,1.20464002271327,2.03418048389448,0,0
"cell_2_63","Memory CD4+ T",-1.14921778064296,0.998929981299381,3.11790880037354,0,0
"cell_2_64","Memory CD4+ T",-0.759086607414565,0.965769001358176,2.22492656518823,0.64836998702956,0.465517384631573
"cell_2_65","Memory CD4+ T",-0.397089818899902,0.799226423875385,3.12776284215892,0.640977093182833,0.16788907867726
"cell_2_66","Memory CD4+ T",-0.83580238060071,0.821984860843608,2.0394348232301,0,0.785679348676274
"cell_2_67","Memory CD4+ T",-0.797105269919855,1.33714986162716,2.05308572601763,0.539135615208389,0.838338240474617
"cell_2_68","Memory CD4+ T",-0.748560659885603,1.3718538553355,2.91153821425504,0,0.279824560086278
"cell_2_69","Memory CD4+ T",-1.01217017195924,0.829856168773198,2.26659970513662,0.477496851211021,0.445866442481936
"cell_2_70","Memory CD4+ T",-0.961949745331386,1.17677278873725,1.32757660528956,0.470995264430095,0.0991375094631832
"cell_2_71","Memory CD4+ T",-0.736498810030433,0.804914372520306,1.89407966867623,0,0.0362998291115871
"cell_2_72","Memory CD4+ T",-1.31742298885376,1.54074208422191,2.04833540889092,1.01364294957266,0
"cell_2_73","Memory CD4+ T",-0.685841222471154,0.631969199379715,1.52501622224729,0.52314206080083,0
"cell_2_74","Memory CD4+ T",-1.02407768739609,0.700632228114433,2.53033483240105,0.207540361097241,0
"cell_2_75","Memory CD4+ T",0.0477587860445857,1.59229924202262,2.25805239048273,0,0.77514245540204
"cell_2_76","Memory CD4+ T",-0.646710064839812,1.12739018082947,2.68921215763908,0,0
"cell_2_77","Memory CD4+ T",-0.968383662854063,0.989057217885163,2.71054554351076,0.849325942383492,0.269278142579325
"cell_2_78","Memory CD4+ T",-1.03486590646469,1.1103881165207,1.85909035720703,0.213641862296246,0
"cell_2_79","Memory CD4+ T",-1.34868201411199,1.14969946369684,1.71978478755934,0.0805010354221259,0
"cell_2_80","Memory CD4+ T",-0.682846768460032,1.00237154921653,1.99625686260799,0.431260437075702,0.5375095970445
"cell_2_81","Memory CD4+ T",-0.217807815601698,1.04320882003142,2.32165912482927,0.0475491655728339,0.597260815918468
"cell_2_82","Memory CD4+ T",-0.929578375967451,1.28502395554155,2.81761760838595,0.191529921387425,0.179644158050321
"cell_2_83","Memory CD4+ T",-0.143603646653951,1.46767498497496,1.62321168052382,0.925969783997733,0.216098021434557
"cell_2_84","Memory CD4+ T",-1.4558677317186,1.02145686058319,3.01844051258599,0.361813528070277,0.339751283808928
"cell_2_85","Memory CD4+ T",-1.12458418028252,1.40062637774409,1.91838174634795,0.36232502412774,0.195682615923469
"cell_2_86","Memory CD4+ T",-1.4559155573376,1.20009442956053,3.03681050144922,0,0.0609626762611664
"cell_2_87","Memory CD4+ T",-0.841676275340552,1.08336795301316,2.93976769825899,0,0.136146543521883
"cell_2_88","Memory CD4+ T",-0.687412275118525,1.38769229896589,2.35145591849628,0.612700478773621,0.54365446817341
"cell_2_89","Memory CD4+ T",-0.560936650017846,0.967406921392275,1.64180357054851,0,0.2275424288648
"cell_2_90","Memory CD4+ T",-0.607941508403726,0.815514046006995,3.53486820064691,0.470796683556372,0.0185428784163273
"cell_2_91","Memory CD4+ T",-0.937094093874528,1.44089405139008,2.65239898195695,0.133787952060905,0.661725781194069
"cell_2_92","Memory CD4+ T",-1.18780742186029,1.1074454987354,2.43373538917367,0,0.729083533667059
"cell_2_93","Memory CD4+ T",-1.36753707974686,0.690929999841698,3.05259422721208,0,1.04186396383245
"cell_2_94","Memory CD4+ T",-0.810229406443038,1.10056110747943,2.40893231453984,0,0.839243229436884
"cell_2_95","Memory CD4+ T",-0.123375673167292,1.39835214614049,2.18705756165781,0.140837229401879,0.438173098874342
"cell_2_96","Memory CD4+ T",-1.19821900827064,1.06968670116302,3.36062148989886,0.467263022374206,0.324877938741303
"cell_2_97","Memory CD4+ T",-1.1816829468611,0.895640718635394,2.7927714249651,0.0802078789965071,0.349982042900657
"cell_2_98","Memory CD4+ T",-1.4092682100233,0.926088546042156,2.48257508610849,0.946642304305896,0.657820899726647
"cell_2_99","Memory CD4+ T",-0.596195845875754,1.25265186036385,1.66671005251878,0.479276273583047,0.525176453922244
"cell_2_100","Memory CD4+ T",-0.929226180971868,1.02978863880556,2.52533427263503,0.241548245676158,0.354194837777552
"cell_2_101","Memory CD4+ T",-0.408508673317144,0.69050134878757,2.87240981175682,0.58076181689141,0
"cell_2_102","Memory CD4+ T",-1.0251992170548,1.18049376316369,2.33444838626781,0.0292722317242623,0.326264457325758
"cell_2_103","Memory CD4+ T",-0.665027259743387,0.527397590286661,3.01243231630769,0.492529078811783,0.505159815327775
"cell_2_104","Memory CD4+ T",-0.901717189833134,1.03126530092112,2.96727401764187,1.2653835850179,0.157346753032629
"cell_2_105","Memory CD4+ T",-0.159155690153121,1.09669880381267,2.84338199804629,0.28437561434926,0.0635451955453604
"cell_2_106","Memory CD4+ T",-0.547712435795779,1.50883912372678,3.25787820946985,0,0.0723908771663292
"cell_2_107","Memory CD4+ T",-0.770612049530908,0.936955250406283,2.22578683309298,0,0
"cell_2_108","Memory CD4+ T",-1.18431166256696,1.13142530874783,2.08138572955378,0.653727373884871,0.158575193037489
"cell_2_109","Memory CD4+ T",-0.985936322098495,1.11854895982514,3.11242303153583,0,0.279216634923035
"cell_2_110","Memory CD4+ T",-0.992912949929458,1.10756828543487,2.71359953497552,0,0.0162822626954526
"cell_2_111","Memory CD4+ T",-0.519224675358775,0.81869030202589,3.02875630526176,0.772277819000807,0.440428074583256
"cell_2_112","Memory CD4+ T",-0.999463685058355,1.07584803933074,2.89132763344451,0.118775134722932,0.266707967532683
"cell_2_113","Memory CD4+ T",-0.779292102171355,0.739507389059115,2.68306116595,0.815096096642918,0.917715130759656
"cell_2_114","Memory CD4+ T",-0.279780498363692,0.855403096948145,2.45469003242363,0.710834571100264,0
"cell_2_115","Memory CD4+ T",-0.684829045465947,1.10154741486293,3.75053627492508,0.869265977760694,0
"cell_2_116","Memory CD4+ T",-1.02595812459585,1.33197208604594,2.47768906592295,0.59374587010888,0.3908637860089
"cell_2_117","Memory CD4+ T",-0.504082147715787,0.791867774714295,2.81118143506955,0.74588626456277,0.615767099309471
"cell_2_118","Memory CD4+ T",-0.285066352369124,0.760480100204031,2.89034531472044,0.268228391289778,0.785408093421532
"cell_2_119","Memory CD4+ T",-1.09912829030786,1.46927526000489,2.46206307084022,0.3229048298875,0.690888366478437
"cell_2_120","Memory CD4+ T",-0.523714377717279,1.5190692056319,1.69702150537033,0.744407160341788,0
"cell_2_121","Memory CD4+ T",-0.991860843999682,1.61911369744395,2.44311792203061,0.631882078632019,0.50288624939265
"cell_2_122","Memory CD4+ T",-0.556043723345938,0.834712744695138,3.41043314073118,0,0.347893439800296
"cell_2_123","Memory CD4+ T",-0.577396299064884,1.19078963542219,2.64535259649662,0.443050677300761,0.570354490949903
"cell_2_124","Memory CD4+ T",-0.956091218635042,0.839339399103133,1.98398379805022,0.438426801048632,0
"cell_2_125","Memory CD4+ T",-1.25589464873562,1.13266121322868,3.11021407876093,0.644115446726846,0.278082970399329
"cell_2_126","Memory CD4+ T",-1.35791447333135,0.720708453456077,1.62474593085102,0.190753288961145,0.300574133984102
"cell_2_127","Memory CD4+ T",-0.469242722544477,1.3941522865371,2.14618006510065,0,0
"cell_2_128","Memory CD4+ T",-0.818264660240211,1.24349256821903,2.77474417095308,0,0.190618821714695
"cell_2_129","Memory CD4+ T",-0.622638170813097,0.526259451524128,1.97472643024237,0.190391815400973,0.315078623118354
"cell_2_130","Memory CD4+ T",-0.966951425331196,0.778308809291296,2.62760773438682,0,0.517413827808819
"cell_2_131","Memory CD4+ T",-1.60404214158792,0.999882960370683,2.80096665580926,0.0877327923009453,0.656813286559011
"cell_2_132","Memory CD4+ T",-0.912222964202065,0.829859212895792,1.82870803814411,1.04684048502997,0.0270653284858887
"cell_2_133","Memory CD4+ T",-0.889034255244052,0.919016833624612,2.5884350118869,0,0
"cell_2_134","Memory CD4+ T",-0.937256987718557,1.52707814073083,1.73348583148943,0,0
"cell_2_135","Memory CD4+ T",-0.836190308807101,1.05242432673975,2.48798004053993,0.109185080591573,0.187244849893531
"cell_2_136","Memory CD4+ T",-0.313719309324533,1.20237812243662,2.0119923627925,0.146375067537113,0.509974122934852
"cell_2_137","Memory CD4+ T",-1.25103386881272,0.673294135195081,1.98545511550356,0.602233589203685,0.18561101833402
"cell_2_138","Memory CD4+ T",-0.832552813214977,1.11201839862306,2.54228608454364,0.639328920280255,0
"cell_2_139","Memory CD4+ T",-1.17078595950924,0.62393614393204,2.95350467719533,0,0
"cell_2_140","Memory CD4+ T",-0.914089250396921,0.893974775619616,1.78677089856699,0,0.50378657970887
"cell_2_141","Memory CD4+ T",-1.03613935368645,1.37894748902072,2.27389348345522,0.49588108019089,0
"cell_2_142","Memory CD4+ T",-1.0711430710386,1.60313989183116,2.71525270894361,0.332485599460934,0.0841125277307104
"cell_2_143","Memory CD4+ T",-1.26205557703642,1.39020371615122,1.67066594795606,0.60566452007799,0.646618901633526
"cell_2_144","Memory CD4+ T",-1.18077708866321,1.09567263376847,2.10653478127864,0,0.15487595469247
"cell_2_145","Memory CD4+ T",-0.656216567934977,1.27181929904888,2.19290420326433,0.227840388892882,0
"cell_2_146","Memory CD4+ T",-1.19530501066486,1.19351192231825,3.51170228019752,0.293192169791699,0.131672097611475
"cell_2_147","Memory CD4+ T",-0.462866061892358,1.0418157823008,2.4147956753052,0,0.104666082966183
"cell_2_148","Memory CD4+ T",-1.00945975205769,0.986561478794879,2.09407754389792,0,0.319914688065854
"cell_2_149","Memory CD4+ T",-0.84411357693587,0.652507087568485,2.12036220345251,0,0.181896301555796
"cell_2_150","Memory CD4+ T",-0.781849096075656,1.35849158462693,3.26959045312538,0,0.451223293822293
"cell_2_151","Memory CD4+ T",-1.37391820459009,1.44880121624733,1.70962735177074,0.125253103267988,0.115458226064187
"cell_2_152","Memory CD4+ T",-1.28839710467347,1.43796961453168,1.63896170138494,0.842820816786622,0
"cell_2_153","Memory CD4+ T",-0.857494171972376,1.17063859137399,2.91470026255476,0.20885885733611,0.0185847497127546
"cell_2_154","Memory CD4+ T",-1.26016913454161,0.862195300631251,1.83943612999405,0.447796957315662,0
"cell_2_155","Memory CD4+ T",-0.911251536511084,1.13058292433414,3.22293602519461,0.170457093498226,0.267052627048526
"cell_3_1","Treg",0.939952910020211,1.95807536200089,0.688885982290621,0,0
"cell_3_2","Treg",0.80480052861804,1.47508844237564,0.673021476048198,0,0
"cell_3_3","Treg",1.10945462827892,1.85932962701449,1.2706521238423,0.271184534619539,0.0141792368696085
"cell_3_4","Treg",1.07382702426963,1.54372309644413,0,0.0452116257592153,0.0784685112835777
"cell_3_5","Treg",1.14270244192356,1.51074182766079,0,0.994514878840845,0.185790940375021
"cell_3_6","Treg",0.863620127904193,1.61314494787903,0.0317662095282588,0,0.479699182948688
"cell_3_7","Treg",0.7972541077422,1.73673028147009,1.15305378902196,0,0
"cell_3_8","Treg",1.00465842458865,1.78789530968194,0,0,0.737622525006315
"cell_3_9","Treg",0.983576816930995,1.80097179354488,0.0635251218558019,0.51715014006296,0
"cell_3_10","Treg",0.577416458965386,1.435991330811,0,0.31528338303508,0.348729526814221
"cell_3_11","Treg",1.22776861081718,1.85450132043593,0,0.420776250096048,0.759600434182144
"cell_3_12","Treg",0.50111924877796,2.01780647939282,0.959243070001301,0,0.0692587929900009
"cell_3_13","Treg",1.11865981480831,2.14178078070404,0.586547363176498,0,0
"cell_3_14","Treg",0.596176228056654,1.89724996234391,1.27363010764277,0,0.790692473169089
"cell_3_15","Treg",0.99540572977129,1.97104987730965,0,0.216487737490672,0
"cell_3_16","Treg",1.38754325219555,1.55134763855434,0,0.439905521790278,0
"cell_3_17","Treg",1.39477517103797,1.71709843256724,0.808278669071203,0.0410626382686304,0.512950158235085
"cell_3_18","Treg",0.336146184246662,1.70850326735942,0,0.361905307392336,0.41360300210845
"cell_3_19","Treg",0.579445609538974,1.67982861372647,0,0.388327980171996,0.170211876281907
"cell_3_20","Treg",0.96787087203656,2.03076025740939,0,0.375584665716482,0.226276445044122
"cell_3_21","Treg",1.07416548465134,1.85668321591131,0,0,0.248012315708775
"cell_3_22","Treg",0.501094790273702,2.53058629541002,0.0861686795503042,0.138405514944921,0
"cell_3_23","Treg",0.417389331464113,1.6365827611196,0.598572905144355,0.245616528148122,0
"cell_3_24","Treg",1.52365910208653,1.65446698023964,0.578373130889027,0.536958656523015,0.224180604740616
"cell_3_25","Treg",1.07684702576847,1.58274146730856,0,0.452456529910643,0
"cell_3_26","Treg",1.44786308726536,1.4824460732671,0.355100796556823,1.17267063681888,0.875876779729671
"cell_3_27","Treg",0.86081994300966,1.52537452396585,0.348620761357353,0.295552663951547,0.470321927298688
"cell_3_28","Treg",1.07211983497526,1.4905489402119,0.327334396301069,0.403813783910375,0
"cell_3_29","Treg",1.35603454094616,1.91681745987365,0,0,0
"cell_3_30","Treg",0.827144959216155,1.70865999623526,0,0.537173022160405,0.0107122461306233
"cell_3_31","Treg",1.25546452480219,1.67290753695397,0.0990250316045213,0,0.952488440753301
"cell_3_32","Treg",1.13813893068737,1.30021614925244,0,0,0.679944023070592
"cell_3_33","Treg",1.02277052131775,1.69113758256437,0.84033218733509,0,0.643468312306783
"cell_3_34","Treg",0.71573504729581,1.94924521082293,0.555892458424991,0.461662423750756,0.0882107708676495
"cell_3_35","Treg",0.902262697487164,1.81342933539226,0,0.257965816912918,0.280291180936163
"cell_3_36","Treg",0.747742914582238,1.30971465230979,0,0,0.208598715011408
"cell_3_37","Treg",0.773584233846712,1.56017152036431,0.234004562591143,0.260501568356164,0
"cell_3_38","Treg",0.460515261765896,1.84893468901395,0,0,0.640550964606774
"cell_3_39","Treg",0.480857735322791,1.74204684275767,0.855943332325215,0.734870092613774,0
"cell_3_40","Treg",0.82891084697539,1.3890981461587,0.0989799933301132,0.0515289134584325,0.413746708435751
"cell_3_41","Treg",0.680672344475954,1.51644186221244,0,0.830195176966784,0
"cell_3_42","Treg",1.33128984093117,1.60638800197795,0,0,0.26937848145261
"cell_3_43","Treg",0.738622744298865,1.91321904888402,0.163461998285442,0.141526240118467,0
"cell_3_44","Treg",0.413538845713241,1.82137245638229,0.648836808772822,0.436591606158569,0
"cell_3_45","Treg",1.22457455003945,2.23813474940975,0,0.478160931699084,0
"cell_3_46","Treg",0.576696419468115,2.06506323573047,0,0.289880630045963,0.206538065624137
"cell_3_47","Treg",0.585075698450458,1.95179811267644,0,0.166692298151583,0.823698440479582
"cell_3_48","Treg",0.895474992899698,1.90433565961442,0.126594389962715,0.141107285962993,0
"cell_3_49","Treg",0.827795859839921,1.50050812393057,0.607660849774162,0.323090355272722,0
"cell_3_50","Treg",1.04832351919069,1.25000399752773,0.905563013553403,0.167588539732105,0
"cell_3_51","Treg",0.791442885141026,1.84483558235868,0.412988143211398,0,0
"cell_3_52","Treg",0.302281632317804,2.16007730983334,0.441584554915161,0.108029170159772,0
"cell_3_53","Treg",0.94668696300201,2.31046659456354,0,0,0.41478286766356
"cell_3_54","Treg",1.05268212563038,1.27725112779737,0.869016240404711,0.659213726461558,0.272126967044525
"cell_3_55","Treg",1.2014655623044,1.78266804946226,0.475012602751644,0,0
"cell_3_56","Treg",0.134767216002131,1.71577595856559,0.308305016546431,0.609317098195694,0
"cell_3_57","Treg",1.26671670840809,1.77229458509702,0.236490245625537,0,0
"cell_3_58","Treg",0.771991958132515,1.88883831525382,0,0,0.644049757912064
"cell_3_59","Treg",0.478558990472584,1.800548594446,0,0.582078725860427,0.860603336728383
"cell_3_60","Treg",0.979095973388706,1.69854122172552,0.607864776021974,0.189536475225727,0
"cell_3_61","Treg",0.648654200939061,1.40919589120637,0.597885999312694,0.365594837492001,0.566218946627297
"cell_3_62","Treg",0.917238740195326,1.2816265150694,0.478384664266116,0,0.49043623077021
"cell_3_63","Treg",0.537436888937726,1.60526003143867,0.565060857600178,0.685737871481318,0.143052752590806
"cell_3_64","Treg",0.918337662151008,1.73213531018885,0,0.238106031757635,0.911240940430059
"cell_3_65","Treg",0.781910055680987,1.72328144710107,0,0.866139775149738,0.193487979701078
"cell_3_66","Treg",1.05731071481214,1.76126417183647,0,0.67786932948777,0.500345393045939
"cell_3_67","Treg",0.774764487972178,2.39025652147155,0.277608913768618,0,0.371259620518212
"cell_3_68","Treg",0.941112929738608,1.89876571717131,0.981704274778189,0.534395340393822,0.528674092590976
"cell_3_69","Treg",1.05572262108133,1.47093144511645,1.15952962547864,0,0
"cell_3_70","Treg",1.21070696054956,1.37088858183898,0.720646884053314,0.275100465555999,0.739282988483757
"cell_3_71","Treg",1.13326990113125,1.2806447706275,0,0.0692746261748868,0
"cell_3_72","Treg",0.537805569278403,1.43238824479515,0.317039954237365,0.404960806066917,1.42022514326285
"cell_3_73","Treg",0.761765781900486,1.7618055596723,0.0806680022206721,0.0460764648287223,0.482158842031203
"cell_3_74","Treg",1.20545135127189,1.61804187118946,0,0.413236816144588,0.481574378001968
"cell_3_75","Treg",1.33084502325063,1.62837754177677,1.37743435338469,0.459031194358872,0
"cell_3_76","Treg",1.21367687239055,1.57526467394549,0.767169193334209,0.128485724251926,0.525381453739983
"cell_3_77","Treg",0.982525740822455,1.84000541447274,0.519435908428177,0.646089152508795,0.253072810016651
"cell_3_78","Treg",0.143879469529925,2.02272322928123,0,1.10701002935545,0.478332438039945
"cell_3_79","Treg",0.664638493016701,1.43794840625397,0.674422334233178,0,0.102946336227431
"cell_3_80","Treg",1.00709880532179,1.87396515144154,0,0.109966357215861,0
"cell_3_81","Treg",0.878624046842169,1.95370244963619,0.0273463342145076,0,0
"cell_3_82","Treg",0.54072267694878,1.94841475820856,0.516688892612936,0.185182069116422,0
"cell_3_83","Treg",1.35760764801222,1.52754228353167,0,0.103125767427139,0
"cell_3_84","Treg",1.12617408989448,1.57604184686644,0,0.198033271251196,0
"cell_3_85","Treg",0.29438703653907,1.25803040165076,0.182234295192225,0,0.159115563245342
"cell_3_86","Treg",0.803860495564787,1.89295055418513,0,0.543462627903404,0
"cell_3_87","Treg",0.962436079875518,1.40249546112692,0.309070904819578,0.537280951543251,0
"cell_3_88","Treg",1.21765604959354,1.05904363530582,0.492010944669168,0.654670536103676,0
"cell_3_89","Treg",0.361392063656526,1.53553093774498,0,0.306155507913244,0
"cell_3_90","Treg",0.876355922709794,1.73991609009916,0.481831988356852,0,0
"cell_3_91","Treg",0.182873720614855,1.36083372513376,0,0.0774328654030915,0.368110035343111
"cell_3_92","Treg",0.564323569840757,2.03899076189516,0,0.504607340850661,0
"cell_3_93","Treg",0.726599000448804,1.49493577467874,0.302528183319541,0.358420762834378,0.530664365054637
"cell_3_94","Treg",1.60625599441027,2.0540544037251,0.353027829961939,0.636815648481664,0
"cell_3_95","Treg",0.771828146696689,1.70767828241914,0,0,0
"cell_3_96","Treg",1.0320087095308,1.75682295385511,0.0501385958038051,0,0
"cell_3_97","Treg",1.15613781421102,1.62080626439453,0.132489456344278,0.963120908227278,0.978034525313639
"cell_3_98","Treg",0.887787382269008,1.34803233061388,0.0521152344466208,0,0.418938929212145
"cell_3_99","Treg",0.950809154299327,1.71066724115045,0.349593925646667,0,0
"cell_3_100","Treg",1.1753558519502,1.96904345266331,0,0.556659334275098,0.419371946456998
"cell_3_101","Treg",0.578033348901166,1.36724928679375,0,0,0.45253932034688
"cell_3_102","Treg",0.654579676983765,1.65351964733228,0.516086234631013,0,0.149040780653346
"cell_3_103","Treg",0.743117058752677,1.67604176231843,1.58359069257317,0.758558107413789,0
"cell_3_104","Treg",0.889459779179588,1.53763305705293,0.340400570253114,0,0
"cell_3_105","Treg",1.195917452377,1.92247787805251,0,0,0
"cell_3_106","Treg",0.967477083387685,1.71627445647717,0.869435510711496,1.12157297642634,0.175091802054066
"cell_3_107","Treg",0.434455970391475,1.96132202817788,0,0.612914221414063,0
"cell_3_108","Treg",0.445565924146825,1.87330716153941,0,0.322360254105194,0.20488431118144
"cell_3_109","Treg",0.865118505951539,1.43821798398953,0,0.231566978068621,0.0651922685833333
"cell_3_110","Treg",0.912525114028154,1.62081977781824,0,0.0412847192172755,0.378404254496569
"cell_3_111","Treg",0.596506789175818,1.69170208368755,1.20202454772457,0,0.208262000357101
"cell_3_112","Treg",0.517940672821796,1.9512699040422,0.871752529909682,0.671613373915339,0.479997260864284
"cell_3_113","Treg",0.794263798141818,1.6503352448292,0.315218003840779,0,0.366436987275979
"cell_3_114","Treg",0.837642845535643,1.87776555846254,0,0.399835293753417,0.201449353478142
"cell_3_115","Treg",0.90218816820483,1.71223345238321,0,0.447478575918771,0.0221201167412821
"cell_3_116","Treg",0.935808583084954,2.076563097802,0.304034927092585,0.182667824795743,0.242742842629795
"cell_3_117","Treg",0.793279777452458,1.60215009780305,0.743356869342936,0,0.327948531425408
"cell_3_118","Treg",0.724248129168302,1.78560695643447,0.926935163995948,0,0.693587303488398
"cell_3_119","Treg",0.399757576214639,1.74482795364286,0.457016018351215,0.5770346320432,0.168516885485801
"cell_3_120","Treg",0.865699168797233,1.45137630235537,1.0217059221311,0,0.589594631018261
"cell_3_121","Treg",1.48641918471351,1.40413337720854,0,0.971062773247478,0
"cell_3_122","Treg",0.883402160563948,1.87605894420208,0.427453330552921,0,0
"cell_3_123","Treg",1.09372928575512,1.66952091457885,0.133338129052128,0,0
"cell_3_124","Treg",1.12673935289869,1.55488554774005,0.374598518274548,0,0
"cell_3_125","Treg",0.869723147721028,1.78046890625754,0.06396635022021,0,0
"cell_3_126","Treg",0.794357126628026,1.2573082340328,0.542306634192374,0.366687876143892,0.582642851496496
"cell_3_127","Treg",0.700742447638856,1.60120225045234,0,0,0.363966641269621
"cell_3_128","Treg",0.944766596217842,1.48160398297544,0.445481832162656,0.474157011006373,0.847855102212376
"cell_3_129","Treg",0.331346718698037,1.64359128257709,0,0.0587006168497962,0
"cell_3_130","Treg",1.14577267159863,2.30610015702353,0.107982119253057,1.1670946163201,0
"cell_3_131","Treg",0.899001969818693,1.66415528634769,0,0.902463607630879,0.709162826606134
"cell_3_132","Treg",1.01382035391219,1.79984287773228,0,0.112753553950524,0.102142387677712
"cell_3_133","Treg",0.753246358800426,1.44387746605184,0.944114977316624,0,0
"cell_3_134","Treg",0.699570234564596,2.25951177268021,1.31556360396805,0.230084601204681,0
"cell_3_135","Treg",1.21586089861326,1.70701311437099,0,0,0
"cell_3_136","Treg",0.901548080323443,1.90247980365878,0.572546853479614,0,0.560415887195622
"cell_3_137","Treg",1.1473882237167,1.75823556081456,0,0,0
"cell_3_138","Treg",0.370572032606205,1.31891376311376,0.356468586957865,0,0.131992703602543
"cell_3_139","Treg",0.897167169210586,1.89042004217602,0.124529161849658,0.0392431352247372,0.302969067347838
"cell_3_140","Treg",0.943536810803085,1.90812192924897,0,0.389548951617831,0.546143121432139
"cell_3_141","Treg",0.66082894188696,1.33013944124316,0.518453470927073,0.148048712345312,0.892886175712708
"cell_3_142","Treg",1.3848575275042,1.64064900956196,1.46653507382633,0.465119743071173,0
"cell_3_143","Treg",0.935578214522835,1.65928545186948,0,0.257126393794324,0.569004901028568
"cell_3_144","Treg",1.02276100600981,1.27422539379585,0,0,0
"cell_3_145","Treg",0.650278172980716,1.87632220123255,0.787026715349675,0.544320758381013,0.596927576795969
"cell_3_146","Treg",0.621048236268408,1.86438565741433,1.12261734376842,0.483510903554683,0.0540941487920667
"cell_3_147","Treg",1.35870413269342,1.93298724236943,0.404503766416721,0.00446737151471976,0
"cell_3_148","Treg",0.803418320032032,1.52500161875751,0.36285632672832,0.0143892219441948,0
"cell_3_149","Treg",1.165331716744,1.48612340772085,0,0.0483155763039082,0.330548901848176
"cell_3_150","Treg",0.714225003477711,1.8674216121149,0.498252701581056,0.0483394009091473,0.304984768739323
"cell_3_151","Treg",0.711146083739105,1.78757585476116,0.693154292265867,0.279933611256338,0
"cell_3_152","Treg",1.29437768873524,1.47657148765336,0.877440860466914,0.273572823356414,0.405281761091643
"cell_3_153","Treg",0.178620763763223,1.76243637660243,0.327797638408703,0.0953165894509897,0.630285555609982
"cell_3_154","Treg",1.20247402314103,1.50674225338786,1.11230943579494,0,0.531383571489468
"cell_3_155","Treg",0.944786009834718,1.75933809816951,0.406186845834688,0.0802451467184259,0.270221234933724
"cell_3_156","Treg",0.781706002987569,2.03968363567546,0.796085497336137,0.148429297936643,0
"cell_3_157","Treg",1.05850296344507,2.08354170061873,0.31287107202065,0,0.663305017168012
"cell_3_158","Treg",1.04008619984122,1.74523859416023,0.959647353887941,0.806702375899233,0.376025050403202
"cell_3_159","Treg",0.915078383388486,1.2881938225136,0,0.237590498543002,0.521808096197886
"cell_3_160","Treg",1.19416727802054,1.60321830307394,0,0.119521100909053,0.198863822256766
"cell_3_161","Treg",0.63499369050361,1.5785847621437,0.830729022495357,0.718097960976546,0.737618276906443
"cell_3_162","Treg",0.885234854765804,1.95927123126071,0,0.699630790094123,0.371532534482608
"cell_3_163","Treg",0.781400738668922,1.87150666654261,0.00899439064069235,0.413143016311477,0.810905945954433
"cell_3_164","Treg",1.01083761159458,0.794520829296612,0,0.352363782457281,0.469769226483783
"cell_3_165","Treg",0.319631685026079,1.75700400546766,0.590145575205991,0,0
"cell_3_166","Treg",0.216873036821867,1.96069556389262,0.247464560888989,0.0152380998212799,0.175977924012852
"cell_3_167","Treg",1.19574990973239,1.08960802526029,0,0.622387810135112,0.118861669753707
"cell_3_168","Treg",0.589271945686844,0.851742524846795,0.904302615325529,0.0198019782108482,0.066232220339464
"cell_3_169","Treg",0.948483788158009,1.41870161413046,0.879712524520026,0,0.388937457072865
"cell_3_170","Treg",0.938651501623394,1.66339472409359,0,0.273645611344025,0.458392063001167
"cell_3_171","Treg",0.473969939289503,1.39899440174653,0,0.140590270638527,0.979903299843512
"cell_3_172","Treg",1.03122669043393,1.70148043561725,0,0,0
"cell_3_173","Treg",1.16343598952266,2.01504207498348,0.462749417310809,0,0
"cell_3_174","Treg",1.06745913552388,2.2035307918981,0,0.687136123052292,0.436730578094381
"cell_3_175","Treg",0.649929231996133,1.82652853256556,0.496658412738171,0.511516135098162,0
"cell_3_176","Treg",0.651631279419176,1.52827177744039,0.512237772711488,0.733281824303582,0
"cell_3_177","Treg",0.574514803954491,1.30236002227151,0,0,0.435989454609768
"cell_4_1","NK",-1.01426702324922,-1.08363186818374,0,2.59835956655764,0
"cell_4_2","NK",-1.70445296395101,-0.956827964687904,0.416752443849341,3.42824033158019,0.0254535355991219
"cell_4_3","NK",-1.57207056233961,-0.844215354837318,0.569541615293241,2.04024218858192,0.000810400967795721
"cell_4_4","NK",-2.26407869813617,-0.739805584268462,0,2.91048756674659,0.152450911369886
"cell_4_5","NK",-2.19194872861277,-0.794715027043705,0.0337714828308863,1.91200592138953,0
"cell_4_6","NK",-2.11069156113888,-1.00771077308324,0,2.16165717885046,0.0990870479987208
"cell_4_7","NK",-2.54452420435579,-0.793388984132106,0.474496557269965,3.03609313502999,0
"cell_4_8","NK",-2.32529220102086,-0.929633638896888,0,2.72288282886558,0
"cell_4_9","NK",-1.94448091467329,-1.20167772964839,0.274915818119951,3.75325531652523,0.78070511290799
"cell_4_10","NK",-1.84504115439173,-0.904708220605769,0.376259470982209,3.46695372094256,0
"cell_4_11","NK",-2.05494043186257,-0.773161518934612,0.754085623667249,2.89715478359547,0
"cell_4_12","NK",-1.24795359246963,-0.655952927007967,0.722417977058392,3.06329894785592,0.551731704370991
"cell_4_13","NK",-1.82993739248719,-1.00645681507855,1.16670935889091,2.87958811232008,0
"cell_4_14","NK",-2.29018279878302,-0.388935373031696,0.526977707390235,2.78424444008116,0.132443703838956
"cell_4_15","NK",-1.94081115675605,-1.3223312277382,0,2.70203944414833,0.122390183264767
"cell_4_16","NK",-1.35177372545571,-0.704038152587582,0,3.30621926907624,0.168237118112784
"cell_4_17","NK",-1.33083980907468,-1.20908717274922,0.822299003972315,3.60692367237468,0
"cell_4_18","NK",-1.07435283138285,-1.29408254323177,0.638793380365074,2.37714763036886,0.781783050907053
"cell_4_19","NK",-1.75944703050281,-0.843023214527112,0.662776528363993,2.48499850495367,0.760583251640794
"cell_4_20","NK",-1.36465232953535,-1.31650527518476,0.0618632845219194,2.63073543419007,0
"cell_4_21","NK",-1.62709929642831,-1.24364328974607,0.371627649201547,3.20243982650864,0.495960724849638
"cell_4_22","NK",-0.989686567104988,-1.04342193197993,0.753204250706242,3.15887809343199,0.480768073152284
"cell_4_23","NK",-1.17501190296893,-0.864922364934209,0,2.98958171849339,0
"cell_4_24","NK",-1.60659917743692,-0.946157195565029,0.0549410103351197,3.04421029167838,0
"cell_4_25","NK",-1.77545933729793,-0.810877201332203,0.289057941270528,2.79317319005837,0.436952032485647
"cell_4_26","NK",-2.18204858268047,-0.205241911926003,0,2.97325536099987,0.230451806816582
"cell_4_27","NK",-1.46444375184531,-1.05241354454941,0.754718853944771,3.06710899115897,0.225291192995473
"cell_4_28","NK",-2.30095236785066,-0.658302304307224,0.431272270454272,3.2690295642615,0
"cell_4_29","NK",-1.81761171860535,-0.843932318987875,0,3.74835483809111,0.251923773894968
"cell_4_30","NK",-1.57915619809149,-0.847580422982036,0.865252400377281,3.1321021332652,0
"cell_4_31","NK",-1.51554709963204,-1.2239667590667,0.324274961259737,3.39805072554527,0
"cell_4_32","NK",-1.80766872112384,-0.904075757197013,0.308750268615671,2.18788117784862,0.533557637069956
"cell_4_33","NK",-1.68548299699898,-1.05227190844524,0,2.52642619550675,0.594550437023267
"cell_4_34","NK",-2.07253501860013,-0.997227540476137,0.25302567964138,3.61122029818545,1.06202551563298
"cell_4_35","NK",-1.65697743073907,-1.03980677179523,0.249974202882313,2.65299615619183,0.405910378797487
"cell_4_36","NK",-1.59398691497797,-0.576808731919226,0.487208226361834,2.49709525546827,0.937862353523766
"cell_4_37","NK",-1.38471341305894,-1.4527255825072,0.892646915197472,2.35382057257122,0
"cell_4_38","NK",-1.04871611757906,-0.494325840829008,0.481167674578172,2.6242123652795,0.184220712802469
"cell_4_39","NK",-1.53947829800173,-1.12886394615558,0,3.05444036823112,0
"cell_4_40","NK",-1.78375831388368,-0.936659906170736,0.88177986352384,2.69583010827465,0
"cell_4_41","NK",-1.99368118378236,-1.10125439152898,0.23366236572386,2.76174977976303,0
"cell_4_42","NK",-1.40033751781619,-0.873919140342731,0.939113071884737,3.11285183250524,0.199713837047502
"cell_4_43","NK",-1.54927880600235,-0.911650667461512,0.216270492239666,2.73780313686354,0.381893545941257
"cell_4_44","NK",-1.66532748518846,-1.12145729221949,0.0272254457560653,2.27756573093347,0.0430987796739479
"cell_4_45","NK",-1.9987660282882,-0.97709737267319,0.410552461905311,3.47936250100787,0.240097031600705
"cell_4_46","NK",-1.35918382355967,-1.28792272762032,0.609944983868092,2.16067826189462,0
"cell_4_47","NK",-1.87945367861819,-0.956721807736265,0.490576061828213,2.63212035847541,0.602171725567202
"cell_4_48","NK",-1.9286276810358,-0.71216301561038,0.692161055580464,3.68931050499191,0.311514233520418
"cell_4_49","NK",-1.82244481658379,-1.2010628589667,0,2.4652177250656,0.437075788975945
"cell_4_50","NK",-1.74193712388328,-0.937606988408558,1.66214524930423,2.12330601432434,0
"cell_4_51","NK",-1.65530610076494,-0.782041776934786,0.818657675771662,2.38616090529236,0
"cell_4_52","NK",-1.82397144516572,-0.463638260686927,0.585132367850831,2.87766624162408,0
"cell_4_53","NK",-1.5866083672152,-0.707379336037836,0.536347936398166,3.28160019307442,0
"cell_4_54","NK",-2.21409785734708,-1.11576851789107,1.01367721692531,2.52110196688822,0
"cell_4_55","NK",-1.7566435703485,-1.03635426921078,0.677709665486296,1.62968641986936,0
"cell_4_56","NK",-1.64273706225309,-1.12939478818607,1.06794409251306,3.34893670584769,0.630923878426681
"cell_4_57","NK",-1.60427580770986,-0.890485117100625,1.72222711791354,3.08131590258459,0
"cell_4_58","NK",-2.05696465935047,-1.16005713320314,0.304032202884461,3.11323932042562,0
"cell_4_59","NK",-2.20881063984225,-1.13840216909787,0.0838106730380068,2.61523851487668,0
"cell_4_60","NK",-1.72311826442571,-1.31965897129224,0,2.64538903348196,0.238233583123833
"cell_4_61","NK",-1.60889823166681,-0.928622608693749,0.278984304002303,2.67345092930721,0.152520350204599
"cell_4_62","NK",-1.46827828342352,-0.970208107919013,0.763538365371922,2.89724215845229,0
"cell_4_63","NK",-2.83077182959659,-0.693459795665391,0.753763396583388,2.99124708876635,0
"cell_4_64","NK",-1.82995600350702,-1.22129680402409,0.16856487703902,3.00810961612485,0.355790328115151
"cell_4_65","NK",-1.51683701174783,-0.812731314765419,0.659970562628384,2.46496586755315,0.71822361568187
"cell_4_66","NK",-1.64796189377062,-1.35857343316632,0.714110089401312,2.73972835957545,0
"cell_4_67","NK",-2.14289500714169,-1.05432328792522,1.13267929964855,3.02727952425591,0.636098487697478
"cell_4_68","NK",-1.82732994884493,-0.913067665106089,0.0506035400317822,3.30326448745166,0
"cell_4_69","NK",-2.04833908786899,-0.733247965843751,0.596090129195336,2.11784037111659,0.234217750405678
"cell_4_70","NK",-1.38717099803931,-0.628743374171994,0.952830080536486,2.40351289037408,0.553415401274492
"cell_4_71","NK",-1.80431021688541,-0.810938925152262,1.37686816751305,2.67044246286278,0.329096754965153
"cell_4_72","NK",-1.25759838800879,-1.138547273839,0.1459520803662,2.99931943618666,0.703259177081841
"cell_4_73","NK",-1.93083758616939,-0.852231755989152,0.506747189500564,3.00945663657835,0.234765187051206
"cell_4_74","NK",-2.28121398191346,-1.32990901191728,0.149822686801605,2.22241866004414,0.226648796168702
"cell_4_75","NK",-1.61367454046966,-1.33761740279645,0.115154730083146,3.60024121989748,0.674913235479544
"cell_4_76","NK",-1.76459830004209,-1.13316036050298,0,2.05069676102494,0.117933295340689
"cell_4_77","NK",-1.83493627895866,-0.585349098028196,0.155757826307641,2.48619637896126,0.453256122429939
"cell_4_78","NK",-2.11362621086082,-1.11113038819306,0,2.65986090651171,0
"cell_4_79","NK",-2.47338610884063,-1.32963637997116,0.438907244934389,2.93449272481092,0
"cell_4_80","NK",-1.64404325844477,-1.05818819102415,0.473689105309481,2.00591534553873,0.346841081812109
"cell_4_81","NK",-1.93075934785617,-1.1732306378737,0,2.53561321190157,0
"cell_4_82","NK",-1.73009923732663,-0.669806977829839,0.133355126674665,2.89578419376324,0
"cell_4_83","NK",-1.79470817374237,-0.930793281677232,1.04103221515387,1.85095031935924,0
"cell_4_84","NK",-1.49161693752185,-0.643282581095419,0,2.37724989390554,0.114618619742135
"cell_4_85","NK",-1.4080688959623,-0.423866814152447,0,2.59804982242716,0.44820075731305
"cell_4_86","NK",-1.67171904627075,-0.905247420369393,0.318632662136076,3.64978245257226,0
"cell_4_87","NK",-1.59550325269178,-1.2786120627438,0.620383633807825,1.88143928629535,0.407823085707232
"cell_4_88","NK",-1.46866984857563,-0.632301689974357,0.173379052492958,2.58417905516145,0.334026288773937
"cell_4_89","NK",-1.27367582278096,-1.08258462045153,0.457811726821633,2.58640943670539,1.04678834527258
"cell_4_90","NK",-1.68026768127776,-0.925941186620589,0,2.62039062450084,0.837675881760126
"cell_4_91","NK",-2.55571781057843,-0.96633210557126,0,2.78598025171276,0
"cell_4_92","NK",-1.32274709931916,-0.779152681064866,0.607271008578552,3.60646234848398,0.452692385008944
"cell_4_93","NK",-1.98450729662175,-1.23586713348512,0.386829718865194,3.3536756511606,0.287757689721978
"cell_4_94","NK",-1.3627006903282,-0.272786919619703,0.92481707605562,2.9240545363405,0.0273819686436893
"cell_4_95","NK",-1.74366547067124,-0.858420519941943,0,2.13207735402163,0
"cell_4_96","NK",-1.61039947110002,-0.968653195918896,0.305055023563875,3.09374843630494,0.315125013987796
"cell_4_97","NK",-1.56257452785457,-1.11245621414055,0.789443025668486,2.95978686207046,0.573104721715555
"cell_4_98","NK",-2.00618650629466,-0.800448489725946,0.652094460369175,2.87765843094413,0
"cell_4_99","NK",-1.51249427025777,-0.606013217082889,0,2.90345319161847,1.5110259357166
"cell_4_100","NK",-1.84814320688503,-0.983404842938056,0.747736365681571,2.82341340474918,0
"cell_4_101","NK",-2.08995257009597,-1.12315835235797,0.52386871102974,3.56670298487856,0
"cell_4_102","NK",-1.65114169388033,-1.13311000203961,0.562769933511331,2.49006083276241,0.246257549519042
"cell_4_103","NK",-1.41113109565586,-1.05649724357461,0.0325523948168073,3.08876536966447,0
"cell_4_104","NK",-1.5680780702408,-1.05545397124067,0.318924779960779,1.86438666431315,0.250253504736349
"cell_4_105","NK",-1.24509343904641,-0.808479362128202,0.321271859122417,1.93794941143733,0.689053996089838
"cell_4_106","NK",-1.51300902671439,-0.967654224213892,0.407992007122964,2.33717829809151,0.490005582298027
"cell_4_107","NK",-1.45080156142822,-1.25570209494565,0,3.06041189527016,0.937911828716289
"cell_4_108","NK",-1.22153656836028,-1.33320016845141,0.240130860577378,3.01912098724652,0.25088101467592
"cell_4_109","NK",-1.32349405763626,-1.22735636274451,0,2.84777507896489,0.595181799225343
"cell_4_110","NK",-1.61028412283013,-0.80721182543595,0,1.91513983687485,0
"cell_4_111","NK",-1.97788964916019,-0.680139056123073,0.650901704242128,2.38070408870176,0
"cell_4_112","NK",-1.78339450357947,-0.96207582017431,0,2.05149586910884,0.804546455821386
"cell_4_113","NK",-2.49758921726205,-0.444741026433325,1.17358051661878,2.64154866276366,0.742255660578066
"cell_4_114","NK",-1.19043295278354,-0.771936101698514,1.06364437589976,3.01674749986579,0
"cell_4_115","NK",-1.4916729393449,-0.994310675424025,0,2.55586847290036,0.868577626896351
"cell_4_116","NK",-2.33641562385937,-0.559380074268985,0,2.68042693379845,0
"cell_4_117","NK",-1.10850689325264,-0.918015821384952,0.185643616101995,2.50788509235593,0.174217078179878
"cell_4_118","NK",-1.84457338715189,-0.920599662146027,0.944751360168805,2.77739347187295,0.668287227291358
"cell_4_119","NK",-1.28994512201129,-0.99832476170167,0.302700424413677,2.76931742145491,0
"cell_4_120","NK",-1.44148322302208,-0.538782405333467,0.873979956918271,1.93111191919743,0
"cell_4_121","NK",-1.64474850040218,-0.811672480074202,0.439643061416299,2.8278568662942,0.509455555336261
"cell_4_122","NK",-1.97065461958651,-1.32742880147992,0,1.56647565381325,0.145467823528832
"cell_4_123","NK",-1.82785570489963,-0.986221416351764,0.713789750688532,2.74913536724638,0.291203159595018
"cell_4_124","NK",-1.57256484980877,-0.677320948298215,0,2.7232304272751,0.149219025664362
"cell_4_125","NK",-1.83935140436494,-1.33641822381931,0,2.09725690253187,0
"cell_4_126","NK",-1.72572123380808,-1.1231420366071,0,3.00388359725986,0
"cell_4_127","NK",-1.83531457397604,-1.62561030908277,0,2.45871612553568,0.280180950061499
"cell_4_128","NK",-1.67425528751273,-0.723103463664376,0.499880796991349,3.20777047080689,0.74672019817287
"cell_4_129","NK",-1.95568830593363,-1.00854074412965,0.0443546129556703,2.39689050828046,0.195766019962414
"cell_4_130","NK",-1.78529606594617,-1.49034928840815,0.970315578805178,2.45092823306096,0.505718867910361
"cell_4_131","NK",-1.2140198697487,-1.30357350713411,0,1.94556060648157,0
"cell_4_132","NK",-1.47513980003178,-0.760927455872073,0,2.90967903904861,0
"cell_4_133","NK",-1.92680367890985,-0.759375940803549,0,2.74943372810548,0
"cell_4_134","NK",-1.70976278399326,-0.854185558652065,0,1.89141978925782,0
"cell_4_135","NK",-1.31778870639709,-1.03506249560042,0,2.42993837488776,0.196235103219434
"cell_4_136","NK",-1.74846547680391,-1.15085976042393,0.231087434008393,3.02821820832274,0.140234183873695
"cell_4_137","NK",-0.937192256735896,-0.773181863700765,0.282557398042688,2.79463582915914,0.727269803327737
"cell_4_138","NK",-1.90258379424129,-1.01816236257727,0,2.66794004976739,0
"cell_5_1","B",0.00434798156446289,-1.01353908947523,0,0.562905103495877,2.86931330491283
"cell_5_2","B",0.529726611582177,-0.592453069914345,0,0.326748202415158,2.99397474340349
"cell_5_3","B",0.218093679801529,-1.13483718143357,0,0,2.41193998455532
"cell_5_4","B",0.459282235316791,-1.43381853725928,0.277709874036133,0,3.23727910716707
"cell_5_5","B",0.659807361001457,-0.73614277436282,0.402465879118313,0.534875238453537,1.98179053501108
"cell_5_6","B",-0.078872841312408,-0.598803318488656,0,0,3.15137611955224
"cell_5_7","B",0.280707599684101,-0.418759842257072,0,0.527269529235722,3.17766598554823
"cell_5_8","B",0.905804432616607,-0.456155576930896,0,0.750300887182139,2.81115735108822
"cell_5_9","B",0.232020167402062,-0.397326812129599,0.0305057950815799,0,2.95035965962027
"cell_5_10","B",0.0891450165300258,-0.940902768257583,0,0.635004654489728,2.69196037097782
"cell_5_11","B",0.370333379828133,-0.644491448811285,1.04278663964704,0.0452611890552414,2.38406268687485
"cell_5_12","B",-0.0596807371094859,-0.78087844073422,0.0530136557365448,0.368361547254939,2.3818306556235
"cell_5_13","B",-0.119510077299898,-1.41053902963034,0,0,2.97324627146115
"cell_5_14","B",0.0608888084023953,-0.690802170336147,0,0.217022966904667,2.11636489211891
"cell_5_15","B",-0.0240682185523658,-0.842213264363391,0.382480557244991,0.730434203491653,2.65020296978136
"cell_5_16","B",-0.133088055715359,-0.942986133583919,0,0.397588620789501,1.69053363343175
"cell_5_17","B",-0.209130857114732,-0.943997026819254,0,0.689860617991912,2.64946675225427
"cell_5_18","B",0.415268483101223,-0.537945076254284,0,0,2.06615607916267
"cell_5_19","B",0.196657181824986,-0.542998157591638,1.15065736763818,0.281823459729833,3.22306297166099
"cell_5_20","B",0.3204602383393,-0.851297279191615,0.959672125526792,0,2.38268659415786
"cell_5_21","B",-0.383061189876371,-0.874105735929111,0.0974028087620408,0.96970138165406,2.15804770923154
"cell_5_22","B",-0.118845505448464,-0.531648963535061,0.143887472534214,0,2.28524372381145
"cell_5_23","B",0.234866201210065,-0.772938819715446,0.205787942446386,0,2.51260406297081
"cell_5_24","B",0.739378048442769,-1.0407529840266,0,0.162975974981243,2.7566359813575
"cell_5_25","B",0.299887290580691,-0.541628509132714,0.846421564183524,1.29287773533668,2.49984595720517
"cell_5_26","B",0.467191973257785,-1.40102378846677,0.283278670204381,0.305786606322833,1.81052010619793
"cell_5_27","B",0.796837683940396,-1.49352169320296,0,0,2.17916573314887
"cell_5_28","B",0.0241031353815796,-0.895296597209336,1.1895057272808,0.540271186713387,2.42440825441701
"cell_5_29","B",0.7796207969402,-1.08378153546249,0.102380704584478,0.159971007244093,2.94048363318197
"cell_5_30","B",0.306567423404712,-0.936998231908897,0.146599654856579,0.545053132333361,2.98378314720212
"cell_5_31","B",-0.108972940615531,-1.15494039793115,0.0409230284493171,0.59384279758175,2.3761798552087
"cell_5_32","B",0.646723720970693,-0.88361330267769,0,0.879160979557092,2.24704451960746
"cell_5_33","B",0.179594512493919,-0.176149410542563,0,0,2.6004409531318
"cell_5_34","B",0.260458327973605,-1.14409951002178,0,0,2.29813204517654
"cell_5_35","B",0.552474998634958,-0.941495444397927,0,0.274414264351138,2.93514436926372
"cell_5_36","B",0.104262001956679,-1.15128889524032,0.292454327392593,0.150097677447586,2.18256405603659
"cell_5_37","B",-0.328548321008757,-0.908439137353494,0,0,2.70010805243358
"cell_5_38","B",0.290764204637365,-0.431555736768677,0.748464112028409,0.354934114508477,2.3649839602618
"cell_5_39","B",-0.46389555458785,-0.817973178372993,0.145850279715686,0.0770541371630344,2.25495174315909
"cell_5_40","B",0.582637153241613,-0.660055354645872,0.352609130968806,0,2.49574088068895
"cell_5_41","B",-0.0917765458987095,-0.946557612342905,0.103117348015383,0.905654120308988,2.8391079850405
"cell_5_42","B",0.313825955052321,-0.619431595689834,0.651485541588073,0,2.90206685907728
"cell_5_43","B",-0.18980514689124,-0.740994302354845,1.6251758343589,0.859423008685485,2.49850564279566
"cell_5_44","B",-0.111066683663071,-0.732814514876013,0.782361875515448,0.863614375801418,3.49752459926979
"cell_5_45","B",-0.453124661817385,-1.10189957412582,0,0.720093347191328,2.52337047569964
"cell_5_46","B",0.223424349577527,-0.841538931828276,0.431611248708821,0.610334338550342,3.35507630783072
"cell_5_47","B",0.141619667155698,-0.469655974579009,0,0,2.30211701866006
"cell_5_48","B",0.443726372769244,-0.980473957607387,0,0.265407258347972,2.55760174187483
"cell_5_49","B",-0.0905834763822952,-1.09430926832789,0.753619681306954,0.0515861200480757,2.65522141026376
"cell_5_50","B",0.0500920769890984,-1.25855514477579,0.702254580503622,0.598934101454254,3.30092245825945
"cell_5_51","B",0.454391050083055,-0.642432154310055,0.254589547534056,0.263887964142734,3.29602883825988
"cell_5_52","B",-0.169194066242648,-0.614614707784255,0,0.432846310865596,2.23287652264447
"cell_5_53","B",0.262152167752665,-0.810131705922347,0.434261320119959,0.758127432874357,3.11343274537989
"cell_5_54","B",-0.215623508484092,-1.03547971406,0.598211249752734,0.074828112662568,3.40849396038446
"cell_5_55","B",-0.224124997568854,-0.89434602079142,1.19930410301679,0,2.42425949518033
"cell_5_56","B",0.122386961850577,-0.562166344922893,0,0,3.08447026694012
"cell_5_57","B",0.898811258803834,-0.914116141696373,0,0,2.37125790556934
"cell_5_58","B",-0.309226983568745,-0.791874567857666,0.939970773191604,1.00356812098172,2.42629685854912
"cell_5_59","B",-0.568109308261752,-0.525818957833065,0,0.285180707889732,2.70713165404427
"cell_5_60","B",0.881930779606189,-1.26162919220401,0,0.573967700058851,2.01348143614968
"cell_5_61","B",-0.0224109455116349,-0.438452597417908,0.266784904687886,0.202639222096854,2.40628604482942
"cell_5_62","B",-0.147965486293921,-0.330746592277453,0.771472823423903,0.162429583190439,2.63928871300097
"cell_5_63","B",0.548338829058941,-0.425238165730088,0.746871967723638,0.037693123295236,2.24522752764947
"cell_5_64","B",0.183572632258856,-0.945388329599159,0,0.630828191050079,3.26305157039289
"cell_5_65","B",0.0759421254266457,-0.862171108153041,0.449792444157381,0,2.87836412729126
"cell_5_66","B",0.263773168842776,-0.433363619421422,0.425555992302171,0.0460146600666504,2.54526113875419
"cell_5_67","B",0.312480077064629,-1.49512573472343,0.0244957386041068,0.010088159854742,3.18050947717487
"cell_5_68","B",0.184402079964086,-0.858298824134189,0,0,2.5136039808746
"cell_5_69","B",-0.0980366367082085,-0.224436557896809,0.554259213134087,0.0465077395195834,3.10258668167488
"cell_5_70","B",0.784856887841651,-0.536268736885869,0,0.115458300749867,1.54183385649066
"cell_5_71","B",0.643122898336592,-1.05541542735872,1.01482168390372,0,3.53869315544595
"cell_5_72","B",0.278190075626219,-1.13684017196756,0.238241802522411,0.870064312375432,2.0630391679549
"cell_5_73","B",0.49298285797891,-0.332203513520236,0.130967875461914,0,2.19599568333902
"cell_5_74","B",-0.12191944786428,-0.967971242786175,0.694034382277763,0.168465058028721,2.71984502518602
"cell_5_75","B",0.394913042858028,-0.535825422407288,0.220336338057212,0.584191005104436,2.61747614817861
"cell_5_76","B",0.00458377202390436,-0.966969855361606,0.139056847526131,0.699352524020948,2.80091359840904
"cell_5_77","B",0.245473964029801,-0.130736417172986,0.449790209833249,0,2.53476100185682
"cell_5_78","B",0.457410902437145,-0.576095589723673,0.625614662274504,0.422490977894043,3.55248955682228
"cell_5_79","B",0.279577112456764,-1.14594961701175,0,0.505538427831219,2.21922583573761
"cell_5_80","B",0.424492480744733,-0.833044012570633,0.148276118845862,0,2.82159894358676
"cell_5_81","B",0.436803131052945,-0.86552550054067,1.15097007008809,0,3.22347785218816
"cell_5_82","B",0.558570370054365,-0.902128857992903,1.03875642058939,0.813041489853036,2.29401448189803
"cell_5_83","B",0.437554871441226,-0.804715508794359,0.740935202783487,0.539883679510581,3.08778103191334
"cell_5_84","B",0.275042990721231,-0.470184249272024,0.49874529967847,0,2.73748937248371
"cell_5_85","B",0.0179947708261607,-0.687338663877953,0.280160119169517,0.397056181195294,2.35235543899122
"cell_5_86","B",0.143952984387701,-1.13795438466445,0.645057237868619,0.0559882728982231,2.53862284200017
"cell_5_87","B",0.742946529314315,-0.421319498417956,0.0244300836386601,0,2.52483872643784
"cell_5_88","B",0.152545992798476,-0.970829536291027,0.897531836568782,0.179961088615599,3.4102101772971
"cell_5_89","B",0.330518551498711,-0.593727445172469,0.214487527303141,0,2.335581697517
"cell_5_90","B",-0.275456430321226,-1.26782091959205,0,1.08255395387986,2.51900463862913
"cell_5_91","B",0.492334917019699,-0.733633785120737,0.155201266990794,0.747163009597991,2.90861367873958
"cell_5_92","B",0.315013775671747,-0.574497261485814,0.425638637743094,0.646135997419266,2.79597973700911
"cell_5_93","B",-0.0998626131158834,-0.753429154432236,0,0.539521428951339,3.36961415415052
"cell_5_94","B",0.347814364600666,-0.569747192438252,0,0,2.80891501794629
"cell_5_95","B",0.0163018030622914,-0.986299671460864,0.279249770853197,0.915417169336726,2.02587123559092
"cell_5_96","B",0.322737550895639,-0.958278827863181,0.777330020830822,0,3.64037769982235
"cell_5_97","B",0.778988396720626,-1.12363560201363,0.657613655402337,1.05582863926338,2.56828411748556
"cell_5_98","B",-0.409260211823715,-0.320741391200389,0.703364479939603,0,2.25812863185274
"cell_5_99","B",0.930314504722186,-0.963285398611395,1.02366053566387,0.0609360099550127,2.17046148031726
"cell_5_100","B",0.223355065819691,-0.906132074967737,0.49639331203899,1.01336828168213,2.7033658580186
"cell_5_101","B",0.253280150294753,-0.784350333144326,0.253452508361255,0.834497013060942,2.9052488834749
"cell_5_102","B",0.221825974351535,-0.704260481220228,0,0.837353733230027,2.07383702703796
"cell_5_103","B",-0.502837728950508,-0.610828989128787,0,0.793234161515791,2.95388983954732
"cell_5_104","B",-0.482211396661589,-1.1474284855786,0.832755587102795,0.171824564976512,2.3471156664826
"cell_5_105","B",-0.325049638722286,-1.0887049167541,0.40041439971277,0.323607583382213,2.19107964853167
"cell_5_106","B",-0.121452436032147,-0.866500966249877,0,0.473384480859642,2.18545979527269
"cell_5_107","B",0.256002356528067,-1.2129702156973,0.50857211305715,1.16597016890217,2.81180289387612
"cell_5_108","B",-0.29781208905291,-0.791098695361978,0,0.303198683625159,2.44998404822608
"cell_5_109","B",0.13340099192046,-1.10349134273261,0,0.212246595389936,2.83004207655877
"cell_5_110","B",0.164377218298565,-0.487333904250529,0.342575410348789,0,3.28175960936596
"cell_5_111","B",0.0840335269956555,-0.958032686804263,0.708799150983481,0,2.71331340592817
"cell_5_112","B",0.0826585325188813,-0.869067413889513,0,0.130261959665267,2.9042974345752
"cell_5_113","B",0.3797413960394,-0.494762448288005,1.2782772207566,0,3.05330920990951
"cell_5_114","B",0.50379512932362,-0.959095582132917,0,0.126218454449926,2.2542149489342
"cell_5_115","B",-0.106351554853336,-0.425754695710154,0.875378492667489,0.454625920299005,1.84628473822168
"cell_5_116","B",0.20831563290971,-1.32099783045175,0.648035626704174,0.437962448197494,2.9373646874659
"cell_5_117","B",-0.18190946412911,-0.991540602105183,0,0.63817581155147,3.03439916492331
"cell_5_118","B",-0.13155291520075,-1.11751443772571,0.022908364886376,0,2.62530575440552
"cell_5_119","B",0.0449722035556774,-1.04931206458264,0.316146832144419,0.825137313746151,3.51221156899577
"cell_5_120","B",0.335073463478045,-1.05877404482803,0.105933492587287,0,2.79849313746309
"cell_5_121","B",-0.0317235038424421,-1.1721414161773,0,0,3.09960657567584
"cell_5_122","B",0.825764013641881,-0.519851166425775,0,0.348485402874413,2.630613768265
"cell_5_123","B",0.712201753696638,-1.20025579167245,0,0.0674209015260086,3.23218642275708
"cell_5_124","B",0.195776889758503,-0.57444968096423,0.810535369403399,0,2.78306456676175
"cell_5_125","B",0.00935338037438538,-0.418194129529245,0.735508859436306,0.130684357536482,2.90071273272532
"cell_5_126","B",0.500704589525556,-1.14286013166905,0.0159564954567755,0.653333945780187,2.25217764054948
"cell_5_127","B",0.258150135848746,-1.43832590992568,0.367006588829791,0.963047904710763,3.21879128151456
"cell_5_128","B",0.236927465714214,-0.605899902508455,0.718721775199679,0.124656769831102,2.41862436020838
"cell_5_129","B",0.425587494780976,-0.588339465840365,1.28080287871263,0,2.80156228132647
"cell_5_130","B",0.197307809948483,-0.797831827394537,0,0.195156842854718,2.35008074814567
"cell_5_131","B",0.238022549874341,-1.0947727122736,0,0.639544142523199,3.38855469898875
"cell_5_132","B",0.177522086460746,-1.36040966588202,0,0.120675063541378,2.30839353310627
"cell_5_133","B",-0.438575405668497,-1.14507812800761,0,0,3.00828968008696
"cell_5_134","B",-0.105649186087489,-0.943987976731892,0.509154125166541,0.506070992376879,2.28044660393872
"cell_5_135","B",0.0794439750588935,-0.495002512717309,0.624341476663281,0,3.10699732269058
"cell_5_136","B",0.181712706945419,-0.428876320134404,0.782518647352796,0,3.42180719725197
"cell_5_137","B",-0.15838308456252,-1.08693381745115,0,0.118166818676595,1.88582589149099
"cell_5_138","B",-0.108559398642576,-0.662871489870953,0.358268809913802,0.490760306498271,2.59977020417636
"cell_5_139","B",-0.408569585439837,-0.74460830400252,0.140819044825676,0.443267489421288,2.31627467376307
"cell_5_140","B",0.0576369318531656,-1.06138289159397,0.654737438018584,0.65305245565922,2.63369722693142
"cell_5_141","B",-0.12895208295628,-1.27786408555926,0.39226568756276,0.442683998288328,2.25794086879631
"cell_5_142","B",0.40027896705387,-1.27894032689659,0.247223723906746,0,3.01252783496044
"cell_5_143","B",0.168882853005825,-0.176950144024436,0.528481849884087,0.679569964469078,3.15446883445494
"cell_5_144","B",0.358723730812833,-0.667664830440629,0.884510493276517,0,2.60392025344184
"cell_5_145","B",0.241919324759427,-1.0157092122778,0.234244186672729,0,2.86025063524562
"cell_5_146","B",0.454158940746386,-1.41328279087325,0.112943136778654,0,2.40202587770438
"cell_5_147","B",0.277854014594561,-0.596714757956037,0.653852382289192,0,3.18578944279104
"cell_5_148","B",0.796115291601944,-0.983138547935816,0.829277344478331,0,1.60313723782491
"cell_5_149","B",0.722390670353541,-0.787037975318398,0.170039863896795,0.30842472809205,1.48726015824942
"cell_5_150","B",0.344731184843794,-1.23298554516887,0,0,2.97356929704907
"cell_5_151","B",-0.0243140738201919,-0.843644543598417,0.557564511036722,0.942804278219022,2.38638384994012
"cell_5_152","B",0.661680332704477,-0.789976790230145,0.00319158146237999,0.240862932146178,2.57822506733762
"cell_5_153","B",-0.322588670245839,-0.363157116034106,0,0.478878519102634,2.3832980174622
"cell_5_154","B",0.662417300629617,-0.881565561637669,0.459654980709292,0.778836833131063,2.16291083286697
"cell_5_155","B",0.509948173837614,-0.946000529979922,0.433191435117637,0,2.90148768486003
"cell_5_156","B",0.603719281929593,-1.23698573861422,0,0.0364006196569321,2.71594289456724
"cell_5_157","B",-0.188136102207138,-0.547926419793227,0.219075173076756,0,1.54087009252478
"cell_5_158","B",0.141635853728257,-1.09307831083207,1.08587799815457,0,3.3273333197439
"cell_5_159","B",0.906624286422425,-1.19707114065714,0.846084231899692,0,2.30918766414857
"cell_5_160","B",0.726737528169155,-1.33260049712682,0.346719070480133,0,3.01665913356791
"cell_5_161","B",0.23685688510966,-0.944230025462435,0.194437939137359,0,2.92992006935174
"cell_5_162","B",0.32302094261283,-0.995140582669507,0.190403728300627,0.274520182881289,1.70088326322285
"cell_5_163","B",0.0369658432325589,-1.16361820996773,0.172648207375384,0.329734535566807,2.58229649284848
"cell_5_164","B",0.334774726387071,-1.09386140322393,0,1.30383488913392,1.79149084165839
"cell_5_165","B",0.490695271884031,-0.912563215394761,0.343738650597524,0.232477519846167,3.52455828444652
"cell_5_166","B",-0.14441398599519,-0.605350648980505,1.32292610730208,0,2.18495743118228
"cell_5_167","B",-0.672632627835251,-0.525513097382628,0.746334857007199,0.185811763874413,2.29787568428043
"cell_6_1","Mono/Macro",1.96686135225869,-0.9428245472928,0.499232479507813,0.0950554833145789,0
"cell_6_2","Mono/Macro",1.79130027484498,0.129503682277096,0,0.415062445597971,0.169570006995144
"cell_6_3","Mono/Macro",1.58198575917272,-0.580590002813655,0.584496120614046,0.130263475893199,0
"cell_6_4","Mono/Macro",1.47869142998769,-0.181747153358832,0.515174188386811,0.129726739187475,0.401135488926142
"cell_6_5","Mono/Macro",1.81317801048154,-0.339165093445188,0,0.082859427518607,0.0924223234426753
"cell_6_6","Mono/Macro",1.86864029547494,-0.899121968068934,0,0.580061693652048,0.190506841501434
"cell_6_7","Mono/Macro",1.97165022076124,-0.715071026887673,0.574327686942514,0.189384479877608,0.694811328505182
"cell_6_8","Mono/Macro",1.7492681354262,-0.52463809120404,0.626733755229801,0.412574830857436,0.69175340199789
"cell_6_9","Mono/Macro",1.2125881550998,-0.31309516757861,0.204687315741546,0,0.464700559462256
"cell_6_10","Mono/Macro",1.42525475576073,-0.469372793568788,0.893799906655295,0,0.108455991157223
"cell_6_11","Mono/Macro",1.496381883366,-0.926276217375394,0.420644385649688,0.831766583655553,0
"cell_6_12","Mono/Macro",1.65201577738699,-0.4091978539282,0.0507519371550851,0.830493487522395,0.595500642619869
"cell_6_13","Mono/Macro",1.38612024503117,-0.338876321404032,0,0.112690038876606,0.268350047620051
"cell_6_14","Mono/Macro",1.32890854754759,-0.978275419938208,0.698662720576659,0,0
"cell_6_15","Mono/Macro",1.55068391454508,-1.07675746612328,0,0.423132850671643,0.131171768469098
"cell_6_16","Mono/Macro",1.68008828237241,-0.553955477450655,0.307442719959262,0.886167333003739,0
"cell_6_17","Mono/Macro",2.36123830179544,-0.452663911069731,0,0,0.0595801292961758
"cell_6_18","Mono/Macro",1.5890830483534,-0.608186171866296,0.12057999735956,0,0.945644411048408
"cell_6_19","Mono/Macro",1.70602390433623,-0.455933132854908,0,0.642778034481779,0.381335724300022
"cell_6_20","Mono/Macro",1.78860061751981,-0.832523845561379,0.828647366152889,0,0
"cell_6_21","Mono/Macro",1.09051047939715,-0.96501586219719,0.594844117165843,0.341093509983104,0
"cell_6_22","Mono/Macro",1.57580310272218,-0.0360463214468797,0.367618506358947,0.0268188623569363,0
"cell_6_23","Mono/Macro",1.90344037993676,0.204111933227315,0.412892554168671,0,0.613257072713361
"cell_6_24","Mono/Macro",1.76328038673737,-0.0804380717726993,0.630459564614809,0.597100967041478,0.297473334317829
"cell_6_25","Mono/Macro",1.14485816389516,-0.434362438268131,0,0.441602616207974,0.940220618048675
"cell_6_26","Mono/Macro",1.56269562486022,-0.563478633747033,0.152875721771604,0.0261229395091659,0
"cell_6_27","Mono/Macro",1.20763672805881,-0.419574011589753,0.471493985978879,0.453698694273096,0.415150556235979
"cell_6_28","Mono/Macro",0.74532020763082,-1.10625234850234,0,0.0563693787068477,0.459042617464482
"cell_6_29","Mono/Macro",1.14628392694486,-0.646643359440675,0.239914013981868,0.249461238218025,0
"cell_6_30","Mono/Macro",1.79883850420804,-0.871228906670205,0.271277913516472,0,0.808553464667791
"cell_6_31","Mono/Macro",1.62937487991039,-0.856713862852063,0.89548650168423,0.702780825381732,0.684705146099013
"cell_6_32","Mono/Macro",1.83165495165139,-0.294035090663554,0,0.0684789698130087,0
"cell_6_33","Mono/Macro",1.22572342992351,-0.777104137229673,0,0.246876828543982,0
"cell_6_34","Mono/Macro",1.39651832386357,-0.482427918476161,0.00895975649014938,0.566287533130925,0
"cell_6_35","Mono/Macro",1.37030261403892,-0.958254548486068,0.691347219487217,0,0
"cell_6_36","Mono/Macro",1.91882851422508,0.0968140789866053,0.136428503466083,0,0
"cell_6_37","Mono/Macro",2.16569836646808,-0.732567424966899,0.516729638471798,0,0
"cell_6_38","Mono/Macro",1.96121893979021,-0.403400868862235,0.672604621220634,0.875773526996023,0
"cell_6_39","Mono/Macro",1.35954463590276,-0.78069833208252,0,0.62872037968624,0.386354879201103
"cell_6_40","Mono/Macro",2.04771374184159,-0.802386343634289,0,0.259418264607279,0.182017072582231
"cell_6_41","Mono/Macro",1.73430514710989,-0.857249095734635,0.555433015536875,0,0
"cell_6_42","Mono/Macro",1.93197910312202,-0.795161950465299,0,1.05244612366418,0
"cell_6_43","Mono/Macro",1.73216469342777,-1.3684180384944,0,0.0192200197625298,0
"cell_6_44","Mono/Macro",1.51718326541936,-0.685650723405266,0.757388288286376,0,0
"cell_6_45","Mono/Macro",1.88825122345972,-0.469661221786674,0.332408169335857,0,0.683373876559169
"cell_6_46","Mono/Macro",1.61570343186533,-0.558418261911422,0,0,0
"cell_6_47","Mono/Macro",1.36807786108437,-0.587032048041623,1.18456149727699,0.839036501755875,0.333919186565695
"cell_6_48","Mono/Macro",1.61737339543137,-0.341810779339675,0.0166152779774708,0,0.0273560233340852
"cell_6_49","Mono/Macro",1.96072595248063,-0.223018309861869,0.229729099414902,0,0.226995692810915
"cell_6_50","Mono/Macro",1.48323892203143,-0.470965758887174,0.441233568241777,0.575023317318087,0.0383938011608849
"cell_6_51","Mono/Macro",1.80718182357468,-0.0204553189861076,0.31169233898033,0.818151584531811,0.542464496215
"cell_6_52","Mono/Macro",2.09656139315092,-0.943836549720215,0.358973366804411,0,0.171193824663156
"cell_6_53","Mono/Macro",1.41744195860215,-0.549586544313184,0,0.968710882964356,0.191309294949966
"cell_6_54","Mono/Macro",2.85803366488342,-0.791553807937338,0.186700479799168,0.473390448020217,0
"cell_6_55","Mono/Macro",0.942656244653677,-0.277918560377933,0,0.106962674786188,0
"cell_6_56","Mono/Macro",1.55953081376133,-0.351023443250142,0.321610492024708,0,0.108831817309587
"cell_6_57","Mono/Macro",1.51915789439823,-0.743041735906775,0.17062130507797,0,0
"cell_6_58","Mono/Macro",1.63242767210497,-1.32649324635238,0,0,0.0652210462419159
"cell_6_59","Mono/Macro",1.74815594203017,-0.730728436854725,0.0460158795918896,0,0.631459429142532
"cell_6_60","Mono/Macro",1.70371190850251,-0.378909274060855,0.35792740153603,0.704560529613228,0.433428521783992
"cell_6_61","Mono/Macro",1.5502845598673,-0.637068734458166,1.23029866378516,0,0
"cell_6_62","Mono/Macro",1.75649817123069,-0.626909584357346,0,0.741954508330227,0.193370441289597
"cell_6_63","Mono/Macro",1.39560314568745,-1.12465216594918,0.061954330418688,0,0.393009658327294
"cell_6_64","Mono/Macro",1.10695832090855,-0.154559403864441,0.380902161749856,0,0.42776889912743
"cell_6_65","Mono/Macro",2.27851104509676,-0.661387525494422,0.0540645011161894,0,0.0872250182088855
"cell_6_66","Mono/Macro",1.82721218635284,-0.431386101138869,0.567685003217257,0.292176577838004,0.760888534307865
"cell_6_67","Mono/Macro",1.11495723465945,-0.16113884062019,0,0,0
"cell_6_68","Mono/Macro",1.72964092885024,-0.354368404634405,0.514821559217579,0.439914415701665,0.102547153401039
"cell_6_69","Mono/Macro",2.22096442983511,-0.52642967826815,0.0817400843049907,0.706819578407107,0
"cell_6_70","Mono/Macro",1.6111571021617,-1.26976491353192,0.293084219674639,0.604584550193192,0.157756055028997
"cell_6_71","Mono/Macro",1.91494531043459,-0.52870371387755,0.894180152384334,0,0
"cell_6_72","Mono/Macro",2.03900824611869,-0.925283352237152,0,0,0
"cell_6_73","Mono/Macro",1.61735215625598,-0.500111582423911,0.74667096941716,0.165397874058416,0.382901703404119
"cell_6_74","Mono/Macro",1.69464139512122,-0.947002513080834,0,0,0.694535654907732
"cell_6_75","Mono/Macro",1.65340079209387,-0.433880900912893,0.545193903706016,0,0.124123741568404
"cell_6_76","Mono/Macro",1.65757758434284,-1.01995243668307,0,0,0.411197910723741
"cell_6_77","Mono/Macro",1.34514702239904,-0.808384711208613,0.0817906254480055,0,0
"cell_6_78","Mono/Macro",1.36141590028557,-0.634657113422892,0.437401176239053,0.305441886328488,0
"cell_6_79","Mono/Macro",1.83503169795732,-0.793418431661966,0.860430185713685,0,0
"cell_6_80","Mono/Macro",1.58154456710419,-0.56267721003522,0.861455175129805,0,0.50384579342142
"cell_6_81","Mono/Macro",1.9214395638697,-0.286330667135553,0,0.521819139527154,0
"cell_6_82","Mono/Macro",1.94961585485266,-0.856577421063354,0,0,0.331303236854354
"cell_6_83","Mono/Macro",1.858079208297,-0.516581950497527,0.0829797443192029,0,0.0240625529194658
"cell_6_84","Mono/Macro",1.32402060559011,-0.0517597527519369,0.234694214317627,0.421856012155501,0
"cell_6_85","Mono/Macro",1.43380916759396,-0.624367208300818,0,1.25562556453422,0
"cell_6_86","Mono/Macro",1.88741513458752,-0.747202344922471,1.4598732735022,0.0413717761189743,0.186109104352555
"cell_6_87","Mono/Macro",1.56125930420396,-0.639536101501557,0,0.422359116211588,0
"cell_6_88","Mono/Macro",1.36488973685243,-0.344033381090691,0.249545140288876,0.602470229851261,0.252477213038436
"cell_6_89","Mono/Macro",1.48377539648003,-0.466503182751056,0.226784645429907,1.03812257716624,0.419838591166537
"cell_6_90","Mono/Macro",1.53879155470857,-0.298792067977489,0,0.0978219341620601,0
"cell_6_91","Mono/Macro",1.89389092908683,-0.798744950193706,0.0992551853934178,0,0.433328386696262
"cell_6_92","Mono/Macro",1.72079500314189,-0.268985665235527,0,0.160458070231349,0.400145807330937
"cell_6_93","Mono/Macro",1.40354038343838,-1.03274496535983,0.633800866670132,0.327896367439229,0
"cell_6_94","Mono/Macro",1.45697197219764,-0.569976993688316,0,0.216119453044874,0.191317028225795
"cell_6_95","Mono/Macro",1.95818657451097,-0.793781936088379,0.0967743799542601,0.935131360162381,0.247230091036137
"cell_6_96","Mono/Macro",1.57376992194735,-0.729259136209626,0.132906908496609,0.318147435874987,0.33150813885042
"cell_6_97","Mono/Macro",1.82240744837988,-0.501555308754336,0.0897916759042082,0,0
"cell_6_98","Mono/Macro",1.41045585542567,-0.881579462388079,1.64884136354939,0.489691414835236,0
"cell_6_99","Mono/Macro",1.01611074986724,-0.568656091663187,0,0,0.476900943328436
"cell_6_100","Mono/Macro",2.20869205099675,-0.608465539145887,0.726068628883309,0.582218115034,0
"cell_6_101","Mono/Macro",1.45762562991987,-0.55678369296738,0.524848375450758,0.0915439850633004,0
"cell_6_102","Mono/Macro",2.16608086093899,-0.371326251278405,0.343128250211833,0.644068744903743,0.769625348166995
"cell_6_103","Mono/Macro",1.22902171520026,-0.983932378621068,0.654176013413969,0.369460148136932,0
"cell_6_104","Mono/Macro",1.27399733412204,-0.784166202974662,0.805838877517674,0.119251748484582,0
"cell_6_105","Mono/Macro",1.30717017260796,-0.751517987367613,0,0.435047306659862,0.341291334752829
"cell_6_106","Mono/Macro",1.84028700217858,-0.299062936484584,0,0.0404103719118288,0.255112998181329
"cell_6_107","Mono/Macro",1.55224516346529,-0.775533888427759,0.336729661635942,0.428390105501624,0.328948661901149
"cell_6_108","Mono/Macro",1.78088581131742,-0.221433792901795,0,0.72215503945517,0.227516148015874
"cell_6_109","Mono/Macro",1.19787131301638,-0.485761920049383,0.265294141388108,0.430694841508839,0.459223581466291
"cell_6_110","Mono/Macro",1.71218167643088,-0.840165618538263,0.077812272697849,0.749662359860904,0.21249929617748
"cell_6_111","Mono/Macro",0.851579124796739,-1.15499950732934,0.131435735848031,0.0154546773344371,1.11983931670876
"cell_6_112","Mono/Macro",1.36785394522512,-0.426939134149902,1.5532655673593,1.52154520307103,0
"cell_6_113","Mono/Macro",1.29621420693154,-0.501881831005349,0.313626747230855,0.12798577267549,0
"cell_6_114","Mono/Macro",1.89479425633251,-0.336862641932833,0,0.573842110998011,0.188975515211677
"cell_6_115","Mono/Macro",1.53043360537435,-0.903920419694468,0,0.374547824583111,0.235711524398781
"cell_6_116","Mono/Macro",1.65071840350651,-0.446840408005477,0.531087938703318,0,0
"cell_6_117","Mono/Macro",2.09479832664874,-0.969071003885734,0.0632488100953585,0.585357786042059,0.668715955024371
"cell_6_118","Mono/Macro",1.66802511562538,-0.161084076933475,0.197061812515755,0.458544756376793,0.79399961245663
"cell_6_119","Mono/Macro",1.73879203221712,-0.198341599393841,0.98523208387541,0.165891029894025,0.462778662575797
"cell_6_120","Mono/Macro",1.10290750304165,-0.438374496196245,0,0,0.296063943125131
"cell_6_121","Mono/Macro",1.40948245222561,-0.452414540078935,0.790374370143097,0,0.106265511540644
"cell_6_122","Mono/Macro",0.933331972781186,-0.546264741833034,0.13127636547777,0.0390950642093632,0
"cell_6_123","Mono/Macro",1.81770439192328,-0.401424906979855,0,0,0.169568882144597
"cell_6_124","Mono/Macro",2.06228378688195,-0.788909432122501,0.482790327850883,0.33710210518765,0.460482983730921
"cell_6_125","Mono/Macro",2.03279022275124,-0.701202598606236,0,0.500903644451929,0
"cell_6_126","Mono/Macro",1.34684963807644,-0.356444709382764,0,0,0
"cell_6_127","Mono/Macro",2.20113506464595,-0.67333716987843,0,0.357182619595156,0
"cell_6_128","Mono/Macro",1.96147444601419,-0.120877371567837,0.184082049692459,0.660177118455918,0
"cell_6_129","Mono/Macro",2.12359982352063,-0.940001091396976,0.324572256306097,0.02289595148483,0.0729306548891298
"cell_6_130","Mono/Macro",2.22126516101028,-0.441693132074339,0,0,0.10734544199449
"cell_7_1","Prolif. T",1.3748165307439,0.209939190442184,0.870607073306271,0,0.29249576216354
"cell_7_2","Prolif. T",1.02190082728319,0.937987624826493,0,0,0.352281562708639
"cell_7_3","Prolif. T",0.511598205871806,0.797596272431778,0.607060543775879,0,0.374909156850221
"cell_7_4","Prolif. T",1.15785312841668,0.189035071345703,0.285185110740631,0.0775587007152432,0
"cell_7_5","Prolif. T",1.28603858380614,0.620099700425434,0.0808677699022312,0.378606903022374,0.306783082876591
"cell_7_6","Prolif. T",1.57938479497303,0.167466312958005,0,0.0941275208176745,0.955520334012401
"cell_7_7","Prolif. T",1.28149565055143,0.95132620449736,0.459049233524081,0.404077088940566,0
"cell_7_8","Prolif. T",0.854930619723258,0.308870328302005,0,0.405827159977356,0
"cell_7_9","Prolif. T",1.28700064063791,0.0219804919120479,0.612066257007909,0.897544583282707,0.215181536869388
"cell_7_10","Prolif. T",0.956626566199569,0.337267396856872,0.44880398583733,0,0
"cell_7_11","Prolif. T",1.17750235238887,0.405681107169411,0,1.60011572731652,0
"cell_7_12","Prolif. T",1.16421223567738,0.794860146548585,0.133079291544051,0.528962245816015,0.462219717385812
"cell_7_13","Prolif. T",0.780531699511563,-0.0292854368109654,0.371127267638361,0.129015765228839,0
"cell_7_14","Prolif. T",0.987734602798061,0.813516910125634,0.921239822617654,0,0.358788309199605
"cell_7_15","Prolif. T",0.779319505716534,1.06099413646157,0,0.206316166021348,0.389597728272732
"cell_7_16","Prolif. T",1.18044118507509,0.305330172209869,0,0.464119925244866,0.292198666471035
"cell_7_17","Prolif. T",1.34537422209889,0.675280626800124,0.968600932532042,0.445002913487969,0.386475460707293
"cell_7_18","Prolif. T",1.32203654261272,0.359548290760396,0,0.4902612752339,0.336011358861098
"cell_7_19","Prolif. T",1.31514000456525,0.349385930916926,0.878119403076757,0,0.019477702172411
"cell_7_20","Prolif. T",1.27770718103382,0.798509313975153,1.17555100824063,0.313953402671815,0
"cell_7_21","Prolif. T",0.951877894280591,0.852606972536194,1.06372198920899,0,0.000341302531581766
"cell_7_22","Prolif. T",1.02244228265769,0.680353635734352,0.938450152363063,0,0.179101520659011
"cell_7_23","Prolif. T",0.59135405545929,0.910883808846834,0,0.152734022875409,0
"cell_7_24","Prolif. T",0.540921084020951,0.714434160518276,1.07217738974914,0.569772766972562,0.740674168777416
"cell_7_25","Prolif. T",1.40491931912604,0.685019727551036,0.140378252527754,0,0.418871239660382
"cell_7_26","Prolif. T",1.58037287267394,0.361902499069761,0.104238019821554,0,0.226811729068814
"cell_7_27","Prolif. T",0.83531169659682,0.10538310207978,0.416004980298795,0,0.579312963015117
"cell_7_28","Prolif. T",1.60921354624812,0.546324490910667,0.494105938594291,0,0
"cell_7_29","Prolif. T",0.728951299099459,0.813329886575161,0.234067311548868,0.351981973123877,0.0910523607218803
"cell_7_30","Prolif. T",1.41306890273932,0.012151108924003,0,0.060865750834724,0.00853978208674488
"cell_7_31","Prolif. T",0.598482952811641,1.2927242312297,0,0,0.210847769926945
"cell_7_32","Prolif. T",1.23958299826331,0.580236409650433,0.575394524595782,0.672727201016746,0.775339877438486
"cell_7_33","Prolif. T",1.09128049571889,0.565400084193336,0.0576172403368145,0,0.0567030876293202
"cell_7_34","Prolif. T",1.08589663072646,0.137148071618651,0,0.61171373975416,0
"cell_7_35","Prolif. T",0.635020870607232,0.625780232925796,0.290398747252963,0.655025777390467,0.385439641169925
"cell_7_36","Prolif. T",1.26295534788285,0.398285213409207,0,0.336914791117243,0
"cell_7_37","Prolif. T",1.23143959503954,0.586743578979482,0.619514611199102,0,0.394595717246405
"cell_7_38","Prolif. T",1.40309917333748,0.631360034420587,0,0.25968778562349,0.196849446853644
"cell_7_39","Prolif. T",1.02173217716956,0.350828631639355,0.397940908202991,0.87316511073887,0.0652350547138593
"cell_7_40","Prolif. T",0.874933155621403,0.834276631705851,0,0.40230000652588,0.116876952368803
"cell_7_41","Prolif. T",0.887177927169847,0.311544900585743,0.110090575759102,0.704093805357578,0
"cell_7_42","Prolif. T",1.0827166330382,0.705348949358402,0.571992087789865,0.78464799687843,0.54033249758672
"cell_7_43","Prolif. T",1.38237938936945,0.00662279271242794,0.179020254586646,0.288416636546278,0.173189135059044
"cell_7_44","Prolif. T",0.845592098249134,0.695173414981269,0.439298867100421,0,0
"cell_7_45","Prolif. T",1.22126746087396,0.763866807345678,0.674500471405366,0.599434917841324,0.175674055101445
"cell_7_46","Prolif. T",1.09273826170116,1.00536874479719,0,0.496791339342975,0.43104305027222
"cell_7_47","Prolif. T",1.20274373668473,0.718968364445952,0.0237303498254814,0,0.566954724726478
"cell_7_48","Prolif. T",1.47213653366241,0.683877260455722,0.666320973521446,0,0.786809129130346
"cell_7_49","Prolif. T",1.60175140722572,0.466938671796424,0.547009354216027,0,0
"cell_7_50","Prolif. T",1.66795509941672,0.783188235200775,0,0.323590148754593,0.455328299683704
"cell_7_51","Prolif. T",1.6538830514618,0.56100611687148,0.37767118575656,0,0
"cell_7_52","Prolif. T",1.21377300170458,0.214457715075946,0.619269745940122,0.166735162345695,0.204465954503549
"cell_7_53","Prolif. T",1.22665194459381,0.690319597156956,0,0.201661603985184,1.16465326152815
"cell_7_54","Prolif. T",1.00267718399639,0.330148652897218,0,0.176826986870238,0.0487642501158763
"cell_7_55","Prolif. T",1.28369380176949,0.455017668070105,0,0,0
"cell_7_56","Prolif. T",1.28315297697009,0.846285545015246,0,0.300686256077713,0.314194384681564
"cell_7_57","Prolif. T",0.968018009150959,0.473480186015044,0.499868544764301,0,0.66428141647645
"cell_7_58","Prolif. T",0.811157284487481,0.385161421949241,0,0.224081950642163,0.0765431794135168
"cell_7_59","Prolif. T",1.37251707258808,0.918667415163001,0,0.0311939138505307,0
"cell_7_60","Prolif. T",1.18352247342895,0.070673771746206,0.494862772874957,0.493560641087883,0.764596876836712
"cell_7_61","Prolif. T",0.958834069871444,0.499727804230022,0,0,0
"cell_7_62","Prolif. T",1.44804728764001,0.348172830789856,0.205635271732066,0.246938007565752,0
"cell_7_63","Prolif. T",1.88356947301799,0.331827868502217,0,0,0
"cell_7_64","Prolif. T",0.796396966256822,0.849155453912189,0.135268689009515,0,0.532084723012896
"cell_7_65","Prolif. T",0.84302915024127,0.505515579087813,0.866065355342432,1.09387054727001,0
"cell_7_66","Prolif. T",1.33974290262448,0.22006216454575,0.862523022408223,0.262782940718646,0.238620604896873
"cell_7_67","Prolif. T",1.04156372978729,0.294551496785784,0.448032481190149,0.448119033620789,0.171187361963699
"cell_7_68","Prolif. T",1.45581508767615,0.546466087910366,0.0652757239187585,0.473568306091379,0.00235435853868163
"cell_7_69","Prolif. T",1.11138249537385,0.474334913934485,0,0.313106162272869,0
"cell_7_70","Prolif. T",1.51208523997363,0.516144305712325,0,0,0.785470294714944
"cell_7_71","Prolif. T",0.783909113573331,0.48831880385228,0,0,0.712186726771713
"cell_7_72","Prolif. T",1.0040252765238,0.686404922018257,0.276669343036714,0.782696274707986,0
"cell_7_73","Prolif. T",1.13660960450285,0.814213162518865,0.613827373430268,0.0624487610296299,0.455443028917143
"cell_7_74","Prolif. T",1.47944272155666,0.198478085052343,1.90122222048111,0,0.604139608185405
"cell_7_75","Prolif. T",0.751739948077331,0.353949498500035,0,0.390943792418788,0
"cell_7_76","Prolif. T",1.50778390667463,0.975881806459529,0.238252876357366,0,0.283014137719317
"cell_7_77","Prolif. T",1.4686267130524,0.579743602731537,0,0.219370426899667,0.278730362776824
"cell_7_78","Prolif. T",1.62756043299018,0.606603079088319,0,0,0.0333143443772332
"cell_7_79","Prolif. T",1.19979971675302,0.918121182114854,0.139965371157262,1.0474045354935,0.294444407154529
"cell_7_80","Prolif. T",0.732731953302436,0.963019881103117,1.00278707742303,0.0955342407794001,0
"cell_7_81","Prolif. T",0.777830017088965,0.182720451421793,0,0.555678407403495,0
"cell_7_82","Prolif. T",1.25381203714089,0.591216937366277,0,0.44596688044769,0.00828697979745799
"cell_7_83","Prolif. T",1.615586674801,0.709210917966371,0.211017848050804,0.688954917831996,0.37500786952948
"cell_7_84","Prolif. T",1.64045011863259,0.433952208239533,0.44778360103432,0,0
"cell_7_85","Prolif. T",1.47474820827012,0.104011774822487,0.335758892088181,0.359937991765145,0
"cell_7_86","Prolif. T",0.846501331564818,0.500465670544511,0,0,0.230536098176246
"cell_7_87","Prolif. T",0.705891325424078,0.463653024205892,0.362394480417549,0.645147602945363,0.052607043225655
"cell_7_88","Prolif. T",1.38909589772048,0.455566365702659,0.688826086094541,0.706313766073725,0.81494009910992
"cell_7_89","Prolif. T",1.76468984128386,0.65905466347851,0.422255661401025,0.711341336946115,0.355680567262316
"cell_7_90","Prolif. T",1.0790103637089,0.396830219259631,0,0.618613001877263,0.0746825888446288
"cell_7_91","Prolif. T",1.90354381576365,0.0989618028885815,0,0.685119970145383,0.166473826921716
"cell_7_92","Prolif. T",1.78668978097838,0.516912837060894,0,0.0373651188287982,0.141182782043744
"cell_7_93","Prolif. T",1.77527664161024,0.813021048134969,0.67514685511578,0.403909552171956,0.599482075792823
"cell_7_94","Prolif. T",0.939946466356306,0.0145630846347509,0.977194353222756,0.143760725535391,0.247050231251173
"cell_7_95","Prolif. T",1.81464786552781,0.56123372036684,0,0,0.0530765368762782
"cell_7_96","Prolif. T",1.64782008915302,0.737694167710179,0,0,0.274157592052034
"cell_7_97","Prolif. T",1.23459660221746,0.909901077303906,0.605515424256474,0,0.709782130202088
"cell_7_98","Prolif. T",0.821544403392577,0.265303017646129,0,0,0.149702812118118
"cell_7_99","Prolif. T",0.591535210621268,0.560015309892576,0,0,0
"cell_7_100","Prolif. T",1.05226778311473,0.89237054809143,0.572167610194631,0,0.77412939588907
"cell_7_101","Prolif. T",1.7238166217059,0.133051498783706,0.078504048308938,0.19022508896258,1.03734196869368
"cell_7_102","Prolif. T",1.54087967213541,0.496240810157759,1.19344895160912,0.991044812383352,0
"cell_7_103","Prolif. T",0.946825859549824,0.415465463394018,0,0.443790445706515,0
"cell_7_104","Prolif. T",0.940846345760384,0.545498952007636,0.0972180902940877,0.126110275419637,0.349488763299907
"cell_7_105","Prolif. T",1.18632581203803,0.597038034303026,0.673351482794813,0.589048606316527,0
"cell_7_106","Prolif. T",0.682977313674999,0.629483110048541,0,0,0.0282449332666187
"cell_7_107","Prolif. T",0.92067906635923,0.172521029242481,0.0352695339213498,0.544867080618866,0
"cell_7_108","Prolif. T",1.62791432070478,0.402269811725388,0,0.452008684028019,1.09593702821269
"cell_7_109","Prolif. T",0.934825435067691,0.292258238453264,0,0.402556089108466,0.0242358824611183
"cell_7_110","Prolif. T",1.10814856865984,0.613298150616137,0,0,0
"cell_7_111","Prolif. T",1.24913358716156,0.856561794189601,0,0.577693783076672,0.515575140673898
"cell_7_112","Prolif. T",1.22966488898342,0.640908118426038,0.21017011553494,0.043047385487808,0
"cell_7_113","Prolif. T",1.50330183657732,0.799348687537097,1.19279527522845,0.874095324830326,0
"cell_7_114","Prolif. T",1.10818239730916,0.505984039279267,0.878667701942685,0,0.772012558436506
"cell_7_115","Prolif. T",0.557935281078507,0.739647814299422,0.688610477595437,0.395844945856747,0.673064823287253
"cell_7_116","Prolif. T",1.50386554812849,0.336913462932921,0.21170528193396,0,0.916239502730134
"cell_7_117","Prolif. T",0.844226357676684,0.509051889458239,0.0318205348041598,0,0
"cell_7_118","Prolif. T",1.7650312284931,0.687224920213019,0.238488561863557,0.0754941361878926,0
"cell_7_119","Prolif. T",1.46019961302819,0.664290955191403,0.0581242559513791,0,0.430188103931553
"cell_7_120","Prolif. T",1.59565681984249,0.515045220144271,0.437772332607811,0.330540068235398,0.133683469056004
"cell_7_121","Prolif. T",0.403380323631378,0.523982183446983,0.530963001168436,0,0
"cell_7_122","Prolif. T",1.66716446395922,-0.0236028558427692,0.665770664874491,0,0.133353145971057
"cell_7_123","Prolif. T",1.24327513476914,0.681323684284901,0.117217581438483,0.252733836559726,0
"cell_7_124","Prolif. T",1.46589327113446,0.402390929293276,0.219722049994044,0.560956977623492,0.656992848366617
"cell_7_125","Prolif. T",1.08965264723132,0.342759304021112,1.11448477238939,0.0918688333272039,0.636804264831644
"cell_7_126","Prolif. T",1.50953207929415,0.818502733818676,0.869117685929952,0.283084523755812,0
"cell_7_127","Prolif. T",1.34170175687652,0.310882903332945,0.184969880177462,0.370374122694066,0.404971933129322
"cell_7_128","Prolif. T",1.22041466845143,0.296454593549286,0,0.634906377747532,0.290025648843619
"cell_7_129","Prolif. T",1.47957414551095,0.499070913909247,0.537555672567689,0,0.588867057839735
"cell_7_130","Prolif. T",1.26271405781616,0.713914651425552,1.45450845721786,0,0
"cell_7_131","Prolif. T",1.07855902681267,0.836417347142676,0.725333545732104,0.195115983345192,0.183626655883981
"cell_7_132","Prolif. T",0.627798770940934,-0.0501218378837944,0,0,0
"cell_7_133","Prolif. T",0.5622288582499,0.287106875396058,0,0.750213174444992,0.522705770129827
"cell_7_134","Prolif. T",0.927460679932063,0.423640915552785,0,0.841784830640064,0
"cell_7_135","Prolif. T",1.55857214963051,0.376361506861387,0.783631706648135,0,1.18852891127383
"cell_7_136","Prolif. T",1.32079702334807,0.218759424344135,0,0,0.756718738151178
"cell_7_137","Prolif. T",1.00341036364255,0.249050560413874,0.322133889658773,0,0.377568471568901
"cell_7_138","Prolif. T",1.67604781316266,0.469338132020754,0.855946483639828,0,0.503954543985036
"cell_7_139","Prolif. T",1.4677885049395,0.0849938336157434,0.703580267595933,0.299444874000959,0.602622240920594
"cell_7_140","Prolif. T",1.2774796268222,0.662173873101436,0.480486751871299,0.729787804605553,0
"cell_7_141","Prolif. T",1.3334123131667,0.505158793510958,0.239402523045542,0.620681141980943,0.51259793581209
"cell_7_142","Prolif. T",1.70325633716437,0.682033742929244,0.0597878507482352,0.870556046852334,0.423911953039924
"cell_7_143","Prolif. T",0.708818742133941,0.612861314365092,0.0697352037934681,0.155124648119755,0
"cell_7_144","Prolif. T",1.22579873736661,0.598477124912472,0.152905032733701,0.594944861494347,0.221294087444938
"cell_7_145","Prolif. T",0.259324156357344,0.546130959021104,0,0.584519056778173,0
"cell_7_146","Prolif. T",1.75476321806492,0.544163910424856,0,0,0.0995569430299746
"cell_7_147","Prolif. T",1.62167791736416,0.324232271183808,1.10023337150137,0.256128765377604,0.656307496679704
"cell_7_148","Prolif. T",1.40200728561181,0.683049116179072,0,0.134344429739939,0.271650991824867
"cell_7_149","Prolif. T",1.53311777040421,0.7192278246513,0.286122654081914,0.488903614854965,0
"cell_7_150","Prolif. T",1.50358969132287,0.557098396144877,0.444919021456211,0.220415215291582,0.52780833606665
"cell_7_151","Prolif. T",1.00429860870212,0.139385832309127,0.294754983907724,0,1.13590138031602
"cell_7_152","Prolif. T",1.63614557206063,0.55218731133332,0.508768175024332,1.22381561404765,0.00810459655106077
"cell_7_153","Prolif. T",0.895024698578156,0.890765934686998,0.392225287438925,0,1.08307347166587
"cell_7_154","Prolif. T",1.70451788315268,0.491791307216001,0.269071205180634,0,0.900268026443158
"cell_7_155","Prolif. T",1.17918346370719,1.16272546337127,0.204696834603074,0.377117234251056,0
"cell_7_156","Prolif. T",1.38299734797232,0.217878707842285,0,0.341301649095438,0
"cell_7_157","Prolif. T",0.981500167009007,0.675733848164552,0,0.728018654719133,0.165271640100957
"cell_7_158","Prolif. T",1.63976412168473,0.646001746065901,0,0,0.717663436436337
"cell_7_159","Prolif. T",1.45401976124317,0.819757076427428,0.429508068169641,0.47695971791847,0.330464738339598
"cell_7_160","Prolif. T",1.3670527290644,0.365768153320297,0,0,0
"cell_7_161","Prolif. T",1.18872645348479,0.106665126680847,0.625105201856908,0.523131782269083,0.578048891452246
"cell_7_162","Prolif. T",1.33912946620247,0.593338043525447,0.850516197129152,0.424065558093117,0.601724637028044
"cell_7_163","Prolif. T",1.62658401104464,0.202098530484857,0.748943841554164,0.65389857221952,0.635007519292095
"cell_7_164","Prolif. T",1.22709583002466,1.16079020181704,0,0.310103362358019,0
"cell_7_165","Prolif. T",1.5044439368959,0.811281851483872,0.414078920197361,0,0.390516803334057
"cell_7_166","Prolif. T",1.1422444649071,0.752615473947265,0,0.660152624066693,0.227688700425649
"cell_7_167","Prolif. T",1.39113051089883,0.34274760314206,0,0.212808114651631,0
"cell_7_168","Prolif. T",1.43303913168452,0.784207300945031,1.1398824506224,0.0792671629511128,0.297979636099861
"cell_7_169","Prolif. T",1.32682580995335,0.472374735205157,0.706054776186425,0.266780677559046,0.262957771109231
"cell_7_170","Prolif. T",1.17572474526161,0.336568218077262,0.768115349380729,0,0.273426517116075
"cell_7_171","Prolif. T",0.698104801388743,0.50556194990122,0.125748609099401,0.437009876496177,0
"cell_7_172","Prolif. T",1.09106375902546,0.802673274723579,1.32401881680327,0.0594119164507499,0.042489452459564
"cell_7_173","Prolif. T",1.14328152367625,0.780117182754762,0.27953444642418,0.103482509177306,0.308743689197779
"cell_7_174","Prolif. T",0.899545128193334,0.210771414988717,1.13521546731199,0.0375009388446471,0
"cell_7_175","Prolif. T",1.29208798794321,0.719120638890797,0,0.056443228968457,0.0660450052463105
"cell_7_176","Prolif. T",1.06699141423407,0.656018014480773,0.544793958530979,0.0940306883852964,0.0827832340309199
"cell_7_177","Prolif. T",0.675323583004614,0.541646409390528,0.0509767076748561,0.292032999950157,0
"cell_7_178","Prolif. T",1.36614843067987,0.457064911643407,0.294745216983822,1.23429296974999,0.515654751924564
"cell_7_179","Prolif. T",1.40644915273419,0.514097054367936,0.898330607613871,0.0157424290215384,0.593001686089904
"cell_7_180","Prolif. T",1.26279541667483,0.664820084396451,0,0.494338021889182,0.275857298017972
"cell_7_181","Prolif. T",1.30900250143717,0.68736196791966,0.987108192652842,0,0.815110810144381
"cell_7_182","Prolif. T",0.709113101718019,0.54903421040832,0,0.91395050040581,0.67297301410315
"cell_7_183","Prolif. T",1.45916182883177,0.0447403381706195,0,0.158188183912894,0.645882762239267
